Date,Entity,Value
2020-01-03,SPY,9924.27731504922
2020-01-06,SPY,9962.141233932363
2020-01-07,SPY,9934.129498291997
2020-01-08,SPY,9987.074677590912
2020-01-09,SPY,10054.794009501586
2020-01-10,SPY,10025.858889322984
2020-01-13,SPY,10094.806652449704
2020-01-14,SPY,10079.419314793022
2020-01-15,SPY,10102.192698192484
2020-01-16,SPY,10186.228935676681
2020-01-17,SPY,10217.93317890689
2020-01-21,SPY,10197.925826869727
2020-01-22,SPY,10199.156319211976
2020-01-23,SPY,10210.85527153122
2020-01-24,SPY,10120.048234475367
2020-01-27,SPY,9957.829357918998
2020-01-28,SPY,10062.182116370568
2020-01-29,SPY,10053.86650271095
2020-01-30,SPY,10086.49825273179
2020-01-31,SPY,9903.346578473824
2020-02-03,SPY,9976.914355981022
2020-02-04,SPY,10128.973941490603
2020-02-05,SPY,10245.944914547254
2020-02-06,SPY,10280.422403081466
2020-02-07,SPY,10225.631485269181
2020-02-10,SPY,10301.968385827984
2020-02-11,SPY,10319.820830421562
2020-02-12,SPY,10386.30863942689
2020-02-13,SPY,10375.22802496807
2020-02-14,SPY,10391.849977219403
2020-02-18,SPY,10365.069764484384
2020-02-19,SPY,10414.629543997471
2020-02-20,SPY,10371.843655745342
2020-02-21,SPY,10265.02991260928
2020-02-24,SPY,9924.585453416332
2020-02-25,SPY,9623.849621056796
2020-02-26,SPY,9588.449778547449
2020-02-27,SPY,9157.817650722172
2020-02-28,SPY,9119.34157735721
2020-03-02,SPY,9514.26984655843
2020-03-03,SPY,9241.85182708017
2020-03-04,SPY,9630.313312824443
2020-03-05,SPY,9310.184344035766
2020-03-06,SPY,9156.274897760413
2020-03-09,SPY,8441.22075145982
2020-03-10,SPY,8878.011524374931
2020-03-11,SPY,8445.223973824524
2020-03-12,SPY,7637.209428869145
2020-03-13,SPY,8290.085581051575
2020-03-16,SPY,7382.954568759326
2020-03-17,SPY,7781.573799705734
2020-03-18,SPY,7387.572006732052
2020-03-19,SPY,7403.269543882048
2020-03-20,SPY,7084.231941417024
2020-03-23,SPY,6903.098624991796
2020-03-24,SPY,7528.542733278008
2020-03-25,SPY,7641.247690379272
2020-03-26,SPY,8087.417618073935
2020-03-27,SPY,7846.529676661859
2020-03-30,SPY,8101.350315913967
2020-03-31,SPY,7980.597176277717
2020-04-01,SPY,7621.431507797294
2020-04-02,SPY,7797.29916205945
2020-04-03,SPY,7684.594720239736
2020-04-06,SPY,8200.738851909424
2020-04-07,SPY,8209.102386753226
2020-04-08,SPY,8484.667230659503
2020-04-09,SPY,8613.781328731804
2020-04-13,SPY,8535.134936264314
2020-04-14,SPY,8786.861309806543
2020-04-15,SPY,8600.157799821985
2020-04-16,SPY,8641.648785538071
2020-04-17,SPY,8875.104305867835
2020-04-20,SPY,8718.743149975893
2020-04-21,SPY,8454.012615947371
2020-04-22,SPY,8641.648785538071
2020-04-23,SPY,8641.024264299042
2020-04-24,SPY,8761.473387820583
2020-04-27,SPY,8887.800843268566
2020-04-28,SPY,8846.928710694456
2020-04-29,SPY,9078.52509519054
2020-04-30,SPY,8994.001401359708
2020-05-01,SPY,8755.90010257195
2020-05-04,SPY,8780.050318273961
2020-05-05,SPY,8861.171092746254
2020-05-06,SPY,8801.102661295241
2020-05-07,SPY,8907.307341638783
2020-05-08,SPY,9054.690231797349
2020-05-11,SPY,9056.547306504826
2020-05-12,SPY,8876.03902660018
2020-05-13,SPY,8719.05438003231
2020-05-14,SPY,8823.397863415974
2020-05-15,SPY,8863.95979649677
2020-05-18,SPY,9133.951870435963
2020-05-19,SPY,9040.13558912604
2020-05-20,SPY,9193.710102393665
2020-05-21,SPY,9130.236690457908
2020-05-22,SPY,9147.577975753535
2020-05-26,SPY,9260.279325883947
2020-05-27,SPY,9398.061490196309
2020-05-28,SPY,9380.724327153084
2020-05-29,SPY,9422.521905391632
2020-06-01,SPY,9460.605334215225
2020-06-02,SPY,9538.940496626301
2020-06-03,SPY,9665.890412187115
2020-06-04,SPY,9640.49733738565
2020-06-05,SPY,9887.578963032985
2020-06-08,SPY,10007.096457511487
2020-06-09,SPY,9932.476475078465
2020-06-10,SPY,9877.053822085447
2020-06-11,SPY,9307.651219934229
2020-06-12,SPY,9419.11795546999
2020-06-15,SPY,9507.049721474868
2020-06-16,SPY,9690.040627889124
2020-06-17,SPY,9649.78683317544
2020-06-18,SPY,9653.503043716597
2020-06-19,SPY,9598.334939809452
2020-06-22,SPY,9659.909023950602
2020-06-23,SPY,9704.379882872387
2020-06-24,SPY,9456.833473266632
2020-06-25,SPY,9558.215118298858
2020-06-26,SPY,9331.197525659221
2020-06-29,SPY,9468.339710286045
2020-06-30,SPY,9589.62358991916
2020-07-01,SPY,9656.79878451266
2020-07-02,SPY,9709.97996276164
2020-07-06,SPY,9859.878457449035
2020-07-07,SPY,9758.18146010799
2020-07-08,SPY,9832.821023239925
2020-07-09,SPY,9776.841866172525
2020-07-10,SPY,9876.668391485784
2020-07-13,SPY,9791.147112573464
2020-07-14,SPY,9918.02901096963
2020-07-15,SPY,10009.148308644999
2020-07-16,SPY,9976.184717305729
2020-07-17,SPY,10005.10644016402
2020-07-20,SPY,10085.965451608732
2020-07-21,SPY,10107.419714239288
2020-07-22,SPY,10164.95605215186
2020-07-23,SPY,10043.66701970324
2020-07-24,SPY,9978.98166556105
2020-07-27,SPY,10051.756940043804
2020-07-28,SPY,9988.001153818454
2020-07-29,SPY,10110.843244859841
2020-07-30,SPY,10074.767352956429
2020-07-31,SPY,10154.378352486185
2020-08-03,SPY,10224.976047137137
2020-08-04,SPY,10264.4703168456
2020-08-05,SPY,10328.221980818545
2020-08-06,SPY,10397.26352518743
2020-08-07,SPY,10404.727893725863
2020-08-10,SPY,10435.82410472665
2020-08-11,SPY,10349.684487953906
2020-08-12,SPY,10493.979811062749
2020-08-13,SPY,10475.011266631102
2020-08-14,SPY,10475.320435561314
2020-08-17,SPY,10508.5973180832
2020-08-18,SPY,10531.301653754916
2020-08-19,SPY,10487.449132693557
2020-08-20,SPY,10520.103555102613
2020-08-21,SPY,10557.42333666858
2020-08-24,SPY,10664.401969900759
2020-08-25,SPY,10701.722782029829
2020-08-26,SPY,10809.012645318418
2020-08-27,SPY,10832.646548906974
2020-08-28,SPY,10902.617661192697
2020-08-31,SPY,10863.120299794933
2020-09-01,SPY,10965.438726685705
2020-09-02,SPY,11124.040326758586
2020-09-03,SPY,10741.21602117519
2020-09-04,SPY,10653.516131867973
2020-09-08,SPY,10362.432553509676
2020-09-09,SPY,10567.060132223312
2020-09-10,SPY,10383.578677773117
2020-09-11,SPY,10388.866497042854
2020-09-14,SPY,10525.697451613263
2020-09-15,SPY,10578.879660425342
2020-09-16,SPY,10536.898641954867
2020-09-17,SPY,10444.223193997428
2020-09-18,SPY,10323.98121365913
2020-09-21,SPY,10209.078580745603
2020-09-22,SPY,10313.05003084991
2020-09-23,SPY,10073.883129816018
2020-09-24,SPY,10100.731359715684
2020-09-25,SPY,10264.0333580909
2020-09-28,SPY,10434.513228462547
2020-09-29,SPY,10377.684887400163
2020-09-30,SPY,10456.36941070238
2020-10-01,SPY,10523.496168830146
2020-10-02,SPY,10423.58307621643
2020-10-05,SPY,10608.424873959557
2020-10-06,SPY,10457.617422617335
2020-10-07,SPY,10639.649905347935
2020-10-08,SPY,10733.943337373486
2020-10-09,SPY,10829.799103059711
2020-10-12,SPY,11004.024039739337
2020-10-13,SPY,10932.213372318849
2020-10-14,SPY,10863.522219404205
2020-10-15,SPY,10850.09192107577
2020-10-16,SPY,10843.534448065959
2020-10-19,SPY,10678.677329971775
2020-10-20,SPY,10721.453943155997
2020-10-21,SPY,10701.16215570304
2020-10-22,SPY,10759.857877103907
2020-10-23,SPY,10796.38721677163
2020-10-26,SPY,10596.871231037509
2020-10-27,SPY,10560.343952495985
2020-10-28,SPY,10199.400562666839
2020-10-29,SPY,10303.060782714732
2020-10-30,SPY,10195.65240466956
2020-11-02,SPY,10309.932577470257
2020-11-03,SPY,10491.960937948452
2020-11-04,SPY,10726.45011306823
2020-11-05,SPY,10935.64514744421
2020-11-06,SPY,10933.152215303595
2020-11-09,SPY,11070.529368317379
2020-11-10,SPY,11054.293877228814
2020-11-11,SPY,11136.412236782591
2020-11-12,SPY,11028.378306935288
2020-11-13,SPY,11181.058291431498
2020-11-16,SPY,11320.626421597392
2020-11-17,SPY,11259.741784170616
2020-11-18,SPY,11124.234072621517
2020-11-19,SPY,11171.070073859428
2020-11-20,SPY,11094.570344330714
2020-11-23,SPY,11161.075672908753
2020-11-24,SPY,11340.924392428948
2020-11-25,SPY,11323.436767173022
2020-11-27,SPY,11354.975089744014
2020-11-30,SPY,11304.705252254538
2020-12-01,SPY,11428.348090825179
2020-12-02,SPY,11452.392158527815
2020-12-03,SPY,11449.268521769567
2020-12-04,SPY,11547.934633031427
2020-12-07,SPY,11524.204887074506
2020-12-08,SPY,11557.924911729695
2020-12-09,SPY,11454.265722244903
2020-12-10,SPY,11450.518594810726
2020-12-11,SPY,11437.089327045389
2020-12-14,SPY,11385.887860512874
2020-12-15,SPY,11539.817918050241
2020-12-16,SPY,11557.924911729695
2020-12-17,SPY,11622.558737716849
2020-12-18,SPY,11576.14938960263
2020-12-21,SPY,11534.758883788863
2020-12-22,SPY,11515.318341457092
2020-12-23,SPY,11525.66622555131
2020-12-24,SPY,11570.503964936948
2020-12-28,SPY,11669.905898252715
2020-12-29,SPY,11647.645735277405
2020-12-30,SPY,11664.263565276337
2020-12-31,SPY,11723.525065819496
2021-01-04,SPY,11563.920727849623
2021-01-05,SPY,11643.565735961703
2021-01-06,SPY,11713.176151162177
2021-01-07,SPY,11887.205280852668
2021-01-08,SPY,11954.935948957453
2021-01-11,SPY,11874.349006171327
2021-01-12,SPY,11876.858427321555
2021-01-13,SPY,11908.841953152052
2021-01-14,SPY,11867.136095029467
2021-01-15,SPY,11780.593528084344
2021-01-19,SPY,11873.097902567064
2021-01-20,SPY,12037.40366940237
2021-01-21,SPY,12048.374013609418
2021-01-22,SPY,12005.73137362829
2021-01-25,SPY,12053.080595290356
2021-01-26,SPY,12034.264574197612
2021-01-27,SPY,11740.142895818424
2021-01-28,SPY,11841.113346173468
2021-01-29,SPY,11604.059099496031
2021-02-01,SPY,11797.212388646376
2021-02-02,SPY,11964.025515505706
2021-02-03,SPY,11973.434556615177
2021-02-04,SPY,12109.522475189973
2021-02-05,SPY,12157.182926908454
2021-02-08,SPY,12244.983811399541
2021-02-09,SPY,12236.827935020534
2021-02-10,SPY,12231.497862663668
2021-02-11,SPY,12251.253757304255
2021-02-12,SPY,12311.770483704076
2021-02-16,SPY,12301.111369553446
2021-02-17,SPY,12303.930990196985
2021-02-18,SPY,12251.568079049972
2021-02-19,SPY,12229.93037618749
2021-02-22,SPY,12135.860576354791
2021-02-23,SPY,12150.597628694926
2021-02-24,SPY,12284.488386739013
2021-02-25,SPY,11988.48490013793
2021-02-26,SPY,11926.715009007647
2021-03-01,SPY,12215.825059028088
2021-03-02,SPY,12120.495911086322
2021-03-03,SPY,11959.952730131705
2021-03-04,SPY,11811.950471549613
2021-03-05,SPY,12029.252945838869
2021-03-08,SPY,11969.358679551875
2021-03-09,SPY,12140.25283629001
2021-03-10,SPY,12215.825059028088
2021-03-11,SPY,12339.677101908168
2021-03-12,SPY,12356.2949319071
2021-03-15,SPY,12429.98534642328
2021-03-16,SPY,12414.306359409098
2021-03-17,SPY,12456.636738770712
2021-03-18,SPY,12275.400881316964
2021-03-19,SPY,12252.686240014242
2021-03-22,SPY,12350.520686853828
2021-03-23,SPY,12253.315914068771
2021-03-24,SPY,12191.022496883328
2021-03-25,SPY,12259.607501798599
2021-03-26,SPY,12457.168509330677
2021-03-29,SPY,12450.876921600848
2021-03-30,SPY,12417.84428253383
2021-03-31,SPY,12468.17904549865
2021-04-01,SPY,12602.82314516935
2021-04-05,SPY,12783.714794547463
2021-04-06,SPY,12776.161797582368
2021-04-07,SPY,12790.948316951339
2021-04-08,SPY,12851.664972592698
2021-04-09,SPY,12945.099945555361
2021-04-12,SPY,12949.816832867305
2021-04-13,SPY,12988.196033300801
2021-04-14,SPY,12943.840597446295
2021-04-15,SPY,13082.888293246326
2021-04-16,SPY,13126.618177298704
2021-04-19,SPY,13062.126569019447
2021-04-20,SPY,12966.49031327367
2021-04-21,SPY,13089.181942102356
2021-04-22,SPY,12969.637652983234
2021-04-23,SPY,13110.26004920115
2021-04-26,SPY,13137.626652340472
2021-04-27,SPY,13134.798787192129
2021-04-28,SPY,13131.02280399113
2021-04-29,SPY,13214.701436079382
2021-04-30,SPY,13127.875464281566
2021-05-03,SPY,13156.191216036641
2021-05-04,SPY,13075.023035661718
2021-05-05,SPY,13079.114371171532
2021-05-06,SPY,13183.557819175967
2021-05-07,SPY,13279.509427230558
2021-05-10,SPY,13148.009575580118
2021-05-11,SPY,13030.667599807213
2021-05-12,SPY,12753.828464626911
2021-05-13,SPY,12907.03197517828
2021-05-14,SPY,13105.226779017294
2021-05-17,SPY,13071.877757078357
2021-05-18,SPY,12959.255760306698
2021-05-19,SPY,12925.278094876328
2021-05-20,SPY,13064.327851802564
2021-05-21,SPY,13053.63472906961
2021-05-24,SPY,13186.705158885532
2021-05-25,SPY,13157.44953358261
2021-05-26,SPY,13183.557819175967
2021-05-27,SPY,13190.48114208653
2021-05-28,SPY,13214.073823151055
2021-06-01,SPY,13202.431551802349
2021-06-02,SPY,13223.19430659233
2021-06-03,SPY,13174.119922299678
2021-06-04,SPY,13294.611298908347
2021-06-07,SPY,13281.709679450576
2021-06-08,SPY,13284.540636288222
2021-06-09,SPY,13264.722907861593
2021-06-10,SPY,13326.378406487696
2021-06-11,SPY,13348.403601076043
2021-06-14,SPY,13378.288900433496
2021-06-15,SPY,13353.75428469492
2021-06-16,SPY,13279.195105484841
2021-06-17,SPY,13274.787387103112
2021-06-18,SPY,13095.707467656044
2021-06-21,SPY,13283.185445810786
2021-06-22,SPY,13354.20051851753
2021-06-23,SPY,13338.10518401066
2021-06-24,SPY,13417.006125564027
2021-06-25,SPY,13464.664516156305
2021-06-28,SPY,13491.809548228975
2021-06-29,SPY,13499.07192639967
2021-06-30,SPY,13510.429762332584
2021-07-01,SPY,13585.234215560631
2021-07-02,SPY,13689.073753588047
2021-07-06,SPY,13664.1413404926
2021-07-07,SPY,13712.42631345011
2021-07-08,SPY,13600.699876012966
2021-07-09,SPY,13745.88457507772
2021-07-12,SPY,13795.121788340282
2021-07-13,SPY,13748.09410236564
2021-07-14,SPY,13768.608491448349
2021-07-15,SPY,13721.579774910604
2021-07-16,SPY,13613.954978614282
2021-07-19,SPY,13412.903453860106
2021-07-20,SPY,13605.117900025707
2021-07-21,SPY,13715.268606481864
2021-07-22,SPY,13743.987308409316
2021-07-23,SPY,13885.385718642065
2021-07-26,SPY,13919.475715450411
2021-07-27,SPY,13856.034250970777
2021-07-28,SPY,13850.354817722771
2021-07-29,SPY,13907.796343830076
2021-07-30,SPY,13840.255299335824
2021-08-02,SPY,13811.217122847152
2021-08-03,SPY,13923.57941771743
2021-08-04,SPY,13855.088194044325
2021-08-05,SPY,13942.83136700177
2021-08-06,SPY,13965.87372737052
2021-08-09,SPY,13954.508677495902
2021-08-10,SPY,13971.867482364241
2021-08-11,SPY,14006.58509210092
2021-08-12,SPY,14048.56198831899
2021-08-13,SPY,14074.128197721375
2021-08-16,SPY,14107.270076477067
2021-08-17,SPY,14014.792496634964
2021-08-18,SPY,13861.402454162368
2021-08-19,SPY,13882.861869608427
2021-08-20,SPY,13993.329989499603
2021-08-23,SPY,14116.422507374462
2021-08-24,SPY,14138.830040873172
2021-08-25,SPY,14168.500983105678
2021-08-26,SPY,14084.860481852153
2021-08-27,SPY,14210.793231632566
2021-08-30,SPY,14273.286578059548
2021-08-31,SPY,14252.140453796104
2021-09-01,SPY,14259.71200089701
2021-09-02,SPY,14303.585133220387
2021-09-03,SPY,14300.113166134099
2021-09-07,SPY,14248.982808455532
2021-09-08,SPY,14231.624003587192
2021-09-09,SPY,14170.710510393597
2021-09-10,SPY,14058.978920140951
2021-09-13,SPY,14094.958969675998
2021-09-14,SPY,14018.898260028183
2021-09-15,SPY,14135.988778404513
2021-09-16,SPY,14113.583306032002
2021-09-17,SPY,13976.101035581947
2021-09-20,SPY,13743.060832181769
2021-09-21,SPY,13730.07779823904
2021-09-22,SPY,13864.013901059558
2021-09-23,SPY,14032.45943987041
2021-09-24,SPY,14055.57600078241
2021-09-27,SPY,14015.364459155855
2021-09-28,SPY,13732.928335775605
2021-09-29,SPY,13756.041804998302
2021-09-30,SPY,13587.910587933167
2021-10-01,SPY,13749.393642435633
2021-10-04,SPY,13572.08216926938
2021-10-05,SPY,13713.298169833306
2021-10-06,SPY,13770.291400991804
2021-10-07,SPY,13889.346172638087
2021-10-08,SPY,13864.013901059565
2021-10-11,SPY,13763.64014673983
2021-10-12,SPY,13729.76038480403
2021-10-13,SPY,13779.156304784105
2021-10-14,SPY,14010.932007259711
2021-10-15,SPY,14117.634449580895
2021-10-18,SPY,14159.42893613014
2021-10-19,SPY,14268.666563679071
2021-10-20,SPY,14324.710646221816
2021-10-21,SPY,14362.074742001114
2021-10-22,SPY,14347.192380263778
2021-10-25,SPY,14424.134221362696
2021-10-26,SPY,14437.115194179225
2021-10-27,SPY,14373.158448149237
2021-10-28,SPY,14511.840294048518
2021-10-29,SPY,14541.288634651273
2021-11-01,SPY,14566.302462231675
2021-11-02,SPY,14625.19399062168
2021-11-03,SPY,14714.486099919493
2021-11-04,SPY,14783.827538150683
2021-11-05,SPY,14835.122785925361
2021-11-08,SPY,14847.78531474377
2021-11-09,SPY,14798.707838761818
2021-11-10,SPY,14679.656158804837
2021-11-11,SPY,14684.403963009801
2021-11-12,SPY,14795.225566044523
2021-11-15,SPY,14800.290783684508
2021-11-16,SPY,14858.871082018099
2021-11-17,SPY,14822.773548289571
2021-11-18,SPY,14873.117586322298
2021-11-19,SPY,14846.519783256104
2021-11-22,SPY,14804.724266143758
2021-11-23,SPY,14824.354432086058
2021-11-24,SPY,14863.935269094978
2021-11-26,SPY,14532.420639169672
2021-11-29,SPY,14710.684352640974
2021-11-30,SPY,14424.450604234611
2021-12-01,SPY,14264.236172909119
2021-12-02,SPY,14482.70936688078
2021-12-03,SPY,14356.69520261541
2021-12-06,SPY,14526.722655785848
2021-12-07,SPY,14827.206000185713
2021-12-08,SPY,14866.466332070313
2021-12-09,SPY,14766.09463887678
2021-12-10,SPY,14905.09492877418
2021-12-13,SPY,14773.05918431137
2021-12-14,SPY,14671.424020756367
2021-12-15,SPY,14900.664538004232
2021-12-16,SPY,14769.261559285256
2021-12-17,SPY,14612.074922349648
2021-12-20,SPY,14456.698984781984
2021-12-21,SPY,14713.435956119858
2021-12-22,SPY,14860.55089987224
2021-12-23,SPY,14953.013021267834
2021-12-27,SPY,15164.630909493577
2021-12-28,SPY,15152.237357644453
2021-12-29,SPY,15171.622249568785
2021-12-30,SPY,15129.68142305924
2021-12-31,SPY,15091.548527206813
2022-01-03,SPY,15178.928941952809
2022-01-04,SPY,15173.844143613913
2022-01-05,SPY,14882.474068713618
2022-01-06,SPY,14868.494480252502
2022-01-07,SPY,14809.712191551174
2022-01-10,SPY,14791.280570494999
2022-01-11,SPY,14926.004023524458
2022-01-12,SPY,14966.356752295813
2022-01-13,SPY,14760.144167533286
2022-01-14,SPY,14766.181206177238
2022-01-18,SPY,14504.676849935482
2022-01-19,SPY,14354.067266708598
2022-01-20,SPY,14195.195659103332
2022-01-21,SPY,13916.53654948718
2022-01-24,SPY,13975.635221060427
2022-01-25,SPY,13805.009010728476
2022-01-26,SPY,13770.372815476754
2022-01-27,SPY,13702.375231528888
2022-01-28,SPY,14042.678503577037
2022-01-31,SPY,14295.601360879189
2022-02-01,SPY,14392.197070871725
2022-02-02,SPY,14532.00326111388
2022-02-03,SPY,14190.429304762556
2022-02-04,SPY,14257.154143281046
2022-02-07,SPY,14211.400233298878
2022-02-08,SPY,14328.332044957699
2022-02-09,SPY,14538.042360884032
2022-02-10,SPY,14276.856448640396
2022-02-11,SPY,13995.336495856674
2022-02-14,SPY,13949.579494185202
2022-02-15,SPY,14174.544205128226
2022-02-16,SPY,14190.42930476255
2022-02-17,SPY,13887.301535446268
2022-02-18,SPY,13797.380782657023
2022-02-22,SPY,13649.312568036485
2022-02-23,SPY,13407.191042592862
2022-02-24,SPY,13608.956747575829
2022-02-25,SPY,13909.223673724544
2022-02-28,SPY,13873.636268730868
2022-03-01,SPY,13662.338885629446
2022-03-02,SPY,13913.674675756507
2022-03-03,SPY,13844.406407505467
2022-03-04,SPY,13731.924567315506
2022-03-07,SPY,13327.120411920192
2022-03-08,SPY,13226.076791584997
2022-03-09,SPY,13580.679126655481
2022-03-10,SPY,13519.353408221605
2022-03-11,SPY,13347.454452460277
2022-03-14,SPY,13249.906502162687
2022-03-15,SPY,13541.279668752284
2022-03-16,SPY,13841.546594901
2022-03-17,SPY,14014.716234965503
2022-03-18,SPY,14168.218608816076
2022-03-21,SPY,14164.073684025025
2022-03-22,SPY,14329.811933570316
2022-03-23,SPY,14145.268999126392
2022-03-24,SPY,14358.499718604748
2022-03-25,SPY,14428.622323666275
2022-03-28,SPY,14531.254041739665
2022-03-29,SPY,14711.0151633963
2022-03-30,SPY,14620.177209447425
2022-03-31,SPY,14395.154786970761
2022-04-01,SPY,14435.95065787542
2022-04-04,SPY,14559.619260523576
2022-04-05,SPY,14375.71218351279
2022-04-06,SPY,14231.960997721122
2022-04-07,SPY,14303.674792210144
2022-04-08,SPY,14265.42853441664
2022-04-11,SPY,14021.600396478241
2022-04-12,SPY,13969.647649445309
2022-04-13,SPY,14129.647723645852
2022-04-14,SPY,13953.712052219049
2022-04-18,SPY,13959.448166437594
2022-04-19,SPY,14184.79212460168
2022-04-20,SPY,14174.273167032745
2022-04-21,SPY,13962.317254109968
2022-04-22,SPY,13579.204390858375
2022-04-25,SPY,13657.92910612152
2022-04-26,SPY,13262.384560186076
2022-04-27,SPY,13299.675485985223
2022-04-28,SPY,13635.618445554277
2022-04-29,SPY,13131.7060673269
2022-05-02,SPY,13210.750257151265
2022-05-03,SPY,13271.310267201316
2022-05-04,SPY,13675.460015027678
2022-05-05,SPY,13189.394928578376
2022-05-06,SPY,13110.669182752134
2022-05-09,SPY,12690.90125113453
2022-05-10,SPY,12720.223863038997
2022-05-11,SPY,12518.150019688916
2022-05-12,SPY,12505.079387882628
2022-05-13,SPY,12804.047804524449
2022-05-16,SPY,12752.096088054619
2022-05-17,SPY,13014.414589145936
2022-05-18,SPY,12489.782739778808
2022-05-19,SPY,12413.284040813194
2022-05-20,SPY,12418.704802722925
2022-05-23,SPY,12651.059681661132
2022-05-24,SPY,12554.484582930609
2022-05-25,SPY,12665.402028333694
2022-05-26,SPY,12918.47431728545
2022-05-27,SPY,13235.611561392769
2022-05-31,SPY,13161.34506210329
2022-06-01,SPY,13054.890985489374
2022-06-02,SPY,13303.49990565196
2022-06-03,SPY,13085.170990514398
2022-06-06,SPY,13125.011529424699
2022-06-07,SPY,13250.90924005969
2022-06-08,SPY,13106.842701959205
2022-06-09,SPY,12795.123128072315
2022-06-10,SPY,12424.123503506453
2022-06-13,SPY,11952.401794292815
2022-06-14,SPY,11916.385675049245
2022-06-15,SPY,12086.266788259385
2022-06-16,SPY,11686.261965224074
2022-06-17,SPY,11711.4530496578
2022-06-21,SPY,12006.271388693069
2022-06-22,SPY,11984.5069265692
2022-06-23,SPY,12101.984936671399
2022-06-24,SPY,12486.753914825833
2022-06-27,SPY,12439.057393398827
2022-06-28,SPY,12184.89270756032
2022-06-29,SPY,12174.967354337394
2022-06-30,SPY,12076.055969057566
2022-07-01,SPY,12203.77880694391
2022-07-05,SPY,12226.829411817464
2022-07-06,SPY,12268.11995301046
2022-07-07,SPY,12451.864201051334
2022-07-08,SPY,12441.618342704089
2022-07-11,SPY,12299.491324359138
2022-07-12,SPY,12190.656646982585
2022-07-13,SPY,12126.632914351052
2022-07-14,SPY,12097.184573748298
2022-07-15,SPY,12328.301746402554
2022-07-18,SPY,12226.507876130045
2022-07-19,SPY,12556.856939188448
2022-07-20,SPY,12636.88428621089
2022-07-21,SPY,12765.569670033294
2022-07-22,SPY,12647.129113995035
2022-07-25,SPY,12662.4927487004
2022-07-26,SPY,12512.683913002767
2022-07-27,SPY,12837.590572326328
2022-07-28,SPY,12998.605751181069
2022-07-29,SPY,13188.109816391805
2022-08-01,SPY,13149.054566564242
2022-08-02,SPY,13062.308978688281
2022-08-03,SPY,13266.857204043163
2022-08-04,SPY,13257.893366193199
2022-08-05,SPY,13235.483771568286
2022-08-08,SPY,13220.12013686292
2022-08-09,SPY,13167.622221949716
2022-08-10,SPY,13444.195471850036
2022-08-11,SPY,13444.195471850036
2022-08-12,SPY,13671.792240952269
2022-08-15,SPY,13728.132095104917
2022-08-16,SPY,13755.021547528611
2022-08-17,SPY,13657.387029930564
2022-08-18,SPY,13697.080198317464
2022-08-19,SPY,13513.019567404674
2022-08-22,SPY,13231.643893455052
2022-08-23,SPY,13199.634603547036
2022-08-24,SPY,13241.889751802299
2022-08-25,SPY,13428.829776018469
2022-08-26,SPY,12974.27724806264
2022-08-29,SPY,12888.488022744137
2022-08-30,SPY,12747.002014647827
2022-08-31,SPY,12650.011598987721
2022-09-01,SPY,12689.70270624842
2022-09-02,SPY,12555.896454378591
2022-09-06,SPY,12508.521468639008
2022-09-07,SPY,12733.235752748562
2022-09-08,SPY,12816.466089888005
2022-09-09,SPY,13015.571911508046
2022-09-12,SPY,13155.459516235154
2022-09-13,SPY,12583.427947614027
2022-09-14,SPY,12631.44291303915
2022-09-15,SPY,12488.035935323118
2022-09-16,SPY,12392.766560041195
2022-09-19,SPY,12488.870691434693
2022-09-20,SPY,12345.514211310596
2022-09-21,SPY,12130.162592970983
2022-09-22,SPY,12028.271849767005
2022-09-23,SPY,11826.741113170998
2022-09-26,SPY,11709.740253784426
2022-09-27,SPY,11679.85083217457
2022-09-28,SPY,11909.66743419573
2022-09-29,SPY,11660.886409995326
2022-09-30,SPY,11480.567753701207
2022-10-03,SPY,11783.668728376873
2022-10-04,SPY,12148.805479462802
2022-10-05,SPY,12120.518583474548
2022-10-06,SPY,11995.486545844155
2022-10-07,SPY,11660.886409995326
2022-10-10,SPY,11571.852972035793
2022-10-11,SPY,11498.565507691987
2022-10-12,SPY,11460.640785585903
2022-10-13,SPY,11763.097658323624
2022-10-14,SPY,11495.032737382757
2022-10-17,SPY,11790.419947249617
2022-10-18,SPY,11928.952361499294
2022-10-19,SPY,11844.416300911253
2022-10-20,SPY,11745.099904332847
2022-10-21,SPY,12030.520538452754
2022-10-24,SPY,12177.732355136603
2022-10-25,SPY,12372.193428861749
2022-10-26,SPY,12278.980026965737
2022-10-27,SPY,12213.41148024624
2022-10-28,SPY,12503.977715927986
2022-10-31,SPY,12413.656074092565
2022-11-01,SPY,12359.336123617304
2022-11-02,SPY,12049.163424944576
2022-11-03,SPY,11925.098055502647
2022-11-04,SPY,12096.734217673293
2022-11-07,SPY,12212.447903747077
2022-11-08,SPY,12278.339016717095
2022-11-09,SPY,12025.378028580217
2022-11-10,SPY,12686.222494657324
2022-11-11,SPY,12809.008935291273
2022-11-14,SPY,12700.04440696403
2022-11-15,SPY,12808.36483335333
2022-11-16,SPY,12710.653023522727
2022-11-17,SPY,12671.76060266508
2022-11-18,SPY,12729.294879451449
2022-11-21,SPY,12683.010229472417
2022-11-22,SPY,12853.685906833201
2022-11-23,SPY,12934.685074859608
2022-11-25,SPY,12931.790223109718
2022-11-28,SPY,12725.438512328596
2022-11-29,SPY,12703.582330088762
2022-11-30,SPY,13103.751012657087
2022-12-01,SPY,13094.108033723756
2022-12-02,SPY,13079.004100919768
2022-12-05,SPY,12843.720361649346
2022-12-06,SPY,12658.578670043911
2022-12-07,SPY,12637.046084617703
2022-12-08,SPY,12736.043006634889
2022-12-09,SPY,12640.903482303656
2022-12-12,SPY,12823.1513527223
2022-12-13,SPY,12920.219060614962
2022-12-14,SPY,12837.612214151446
2022-12-15,SPY,12523.584178918967
2022-12-16,SPY,12375.728260297175
2022-12-19,SPY,12270.786019752
2022-12-20,SPY,12287.575953788748
2022-12-21,SPY,12471.305773946213
2022-12-22,SPY,12293.389360239846
2022-12-23,SPY,12364.104539084285
2022-12-27,SPY,12315.345507100448
2022-12-28,SPY,12162.294519887984
2022-12-29,SPY,12381.219100497754
2022-12-30,SPY,12348.604870049621
2023-01-03,SPY,12296.619144997467
2023-01-04,SPY,12391.552556708559
2023-01-05,SPY,12250.122199019686
2023-01-06,SPY,12531.042364078796
2023-01-09,SPY,12523.938692625608
2023-01-10,SPY,12611.767402320414
2023-01-11,SPY,12771.280020174325
2023-01-12,SPY,12817.776966152103
2023-01-13,SPY,12867.503696887507
2023-01-17,SPY,12843.929565958791
2023-01-18,SPY,12641.150817447826
2023-01-19,SPY,12549.126685370033
2023-01-20,SPY,12782.902710824117
2023-01-23,SPY,12936.280386539505
2023-01-24,SPY,12922.395609883655
2023-01-25,SPY,12927.238225893887
2023-01-26,SPY,13069.3147466469
2023-01-27,SPY,13099.345355401558
2023-01-30,SPY,12934.989090974319
2023-01-31,SPY,13125.177450083924
2023-02-01,SPY,13264.666226891062
2023-02-02,SPY,13457.762835070867
2023-02-03,SPY,13314.719646129388
2023-02-06,SPY,13233.34535313432
2023-02-07,SPY,13406.421211956656
2023-02-08,SPY,13259.82361088083
2023-02-09,SPY,13144.873572064671
2023-02-10,SPY,13175.548282757265
2023-02-13,SPY,13330.21622347474
2023-02-14,SPY,13324.081281336223
2023-02-15,SPY,13367.351534245681
2023-02-16,SPY,13183.299147837697
2023-02-17,SPY,13150.362351139045
2023-02-21,SPY,12886.553655804106
2023-02-22,SPY,12868.796023015791
2023-02-23,SPY,12937.250146417271
2023-02-24,SPY,12799.04854292292
2023-02-27,SPY,12842.6393009567
2023-02-28,SPY,12795.173625664253
2023-03-01,SPY,12746.093057992997
2023-03-02,SPY,12845.222922650177
2023-03-03,SPY,13051.233517044964
2023-03-06,SPY,13060.273616564382
2023-03-07,SPY,12860.076428620692
2023-03-08,SPY,12881.064876729726
2023-03-09,SPY,12643.410842327674
2023-03-10,SPY,12460.9733482985
2023-03-13,SPY,12443.212623820882
2023-03-14,SPY,12648.900651965148
2023-03-15,SPY,12569.790506102341
2023-03-16,SPY,12790.329979090922
2023-03-17,SPY,12640.775692479163
2023-03-20,SPY,12762.327518518461
2023-03-21,SPY,12929.902231509213
2023-03-22,SPY,12709.493640034421
2023-03-23,SPY,12743.85158324895
2023-03-24,SPY,12827.476626055966
2023-03-27,SPY,12851.460921098764
2023-03-28,SPY,12822.614429346824
2023-03-29,SPY,13008.989704983807
2023-03-30,SPY,13085.160684883394
2023-03-31,SPY,13269.59128794934
2023-04-03,SPY,13320.155866485618
2023-04-04,SPY,13246.255217096892
2023-04-05,SPY,13211.570585379437
2023-04-06,SPY,13263.109046045884
2023-04-10,SPY,13276.721754043148
2023-04-11,SPY,13280.287502371602
2023-04-12,SPY,13226.155114380672
2023-04-13,SPY,13401.8352061585
2023-04-14,SPY,13369.100399827585
2023-04-17,SPY,13417.067959350075
2023-04-18,SPY,13425.821562327495
2023-04-19,SPY,13423.552262379735
2023-04-20,SPY,13350.299837181354
2023-04-21,SPY,13360.671424226888
2023-04-24,SPY,13374.608759600873
2023-04-25,SPY,13162.304516350056
2023-04-26,SPY,13106.55208316481
2023-04-27,SPY,13367.478293507069
2023-04-28,SPY,13481.571934386538
2023-05-01,SPY,13467.958195826175
2023-05-02,SPY,13316.590118157168
2023-05-03,SPY,13225.184323939802
2023-05-04,SPY,13131.511290900877
2023-05-05,SPY,13374.608759600875
2023-05-08,SPY,13378.172446803124
2023-05-09,SPY,13319.507642295277
2023-05-10,SPY,13381.740256257779
2023-05-11,SPY,13358.402124279128
2023-05-12,SPY,13340.89904057669
2023-05-15,SPY,13386.923988654344
2023-05-16,SPY,13297.46595869732
2023-05-17,SPY,13458.883057161338
2023-05-18,SPY,13588.534078609107
2023-05-19,SPY,13568.761694958908
2023-05-22,SPY,13574.2741769846
2023-05-23,SPY,13421.931186622322
2023-05-24,SPY,13324.693435818044
2023-05-25,SPY,13440.082494515107
2023-05-26,SPY,13614.141510535517
2023-05-30,SPY,13619.326273495182
2023-05-31,SPY,13543.805578912143
2023-06-01,SPY,13672.486840482145
2023-06-02,SPY,13870.20449360553
2023-06-05,SPY,13843.62627123825
2023-06-06,SPY,13873.769211370882
2023-06-07,SPY,13825.798560159088
2023-06-08,SPY,13909.424633529205
2023-06-09,SPY,13934.381780139067
2023-06-12,SPY,14060.79477232441
2023-06-13,SPY,14153.497014922466
2023-06-14,SPY,14170.349813308358
2023-06-15,SPY,14346.028874523085
2023-06-16,SPY,14297.164725102977
2023-06-20,SPY,14222.98685424016
2023-06-21,SPY,14150.110584573538
2023-06-22,SPY,14201.18941409707
2023-06-23,SPY,14093.82844195453
2023-06-26,SPY,14036.245728702426
2023-06-27,SPY,14190.130441463361
2023-06-28,SPY,14197.285641071585
2023-06-29,SPY,14253.243156313869
2023-06-30,SPY,14421.441359980548
2023-07-03,SPY,14438.03136477576
2023-07-05,SPY,14416.562674261793
2023-07-06,SPY,14303.670669957748
2023-07-07,SPY,14267.557677782712
2023-07-10,SPY,14303.670669957748
2023-07-11,SPY,14394.762142429397
2023-07-12,SPY,14510.583007065658
2023-07-13,SPY,14625.75152525917
2023-07-14,SPY,14616.641347448904
2023-07-17,SPY,14667.393488469512
2023-07-18,SPY,14776.38068918497
2023-07-19,SPY,14809.240193651072
2023-07-20,SPY,14710.990429881898
2023-07-21,SPY,14710.990429881898
2023-07-24,SPY,14776.707377687899
2023-07-25,SPY,14817.048770265143
2023-07-26,SPY,14819.32837584391
2023-07-27,SPY,14721.074489822335
2023-07-28,SPY,14865.199770019559
2023-07-31,SPY,14893.503155017424
2023-08-01,SPY,14850.88318742451
2023-08-02,SPY,14644.295477693326
2023-08-03,SPY,14602.327856543161
2023-08-04,SPY,14536.283189671136
2023-08-07,SPY,14663.166118630399
2023-08-08,SPY,14599.401057337145
2023-08-09,SPY,14501.798487195216
2023-08-10,SPY,14507.003861416895
2023-08-11,SPY,14498.544999486277
2023-08-14,SPY,14578.577499324221
2023-08-15,SPY,14408.75306708462
2023-08-16,SPY,14303.019354078098
2023-08-17,SPY,14194.032153362641
2023-08-18,SPY,14200.863756157238
2023-08-21,SPY,14293.259921514387
2023-08-22,SPY,14254.542696383858
2023-08-23,SPY,14413.307125426652
2023-08-24,SPY,14213.553079616267
2023-08-25,SPY,14313.75369933508
2023-08-28,SPY,14404.524666682411
2023-08-29,SPY,14612.739635549617
2023-08-30,SPY,14672.925551194112
2023-08-31,SPY,14651.452738427744
2023-09-01,SPY,14678.781210732339
2023-09-05,SPY,14615.340776815807
2023-09-06,SPY,14517.089982483532
2023-09-07,SPY,14472.52018950408
2023-09-08,SPY,14494.31453795787
2023-09-11,SPY,14589.638533084128
2023-09-12,SPY,14509.607063809284
2023-09-13,SPY,14526.524787670518
2023-09-14,SPY,14651.778396367565
2023-09-15,SPY,14475.249120594754
2023-09-18,SPY,14483.737868855293
2023-09-19,SPY,14453.701076722036
2023-09-20,SPY,14320.822331642847
2023-09-21,SPY,14084.122598672051
2023-09-22,SPY,14052.456486276573
2023-09-25,SPY,14111.546913345011
2023-09-26,SPY,13904.232656627826
2023-09-27,SPY,13909.783269488245
2023-09-28,SPY,13990.423801555606
2023-09-29,SPY,13956.467777950349
2023-10-02,SPY,13950.918195653036
2023-10-03,SPY,13764.171917299796
2023-10-04,SPY,13864.40139278543
2023-10-05,SPY,13859.178498991037
2023-10-06,SPY,14023.723356465707
2023-10-09,SPY,14113.508074925658
2023-10-10,SPY,14186.966612744181
2023-10-11,SPY,14245.08006599315
2023-10-12,SPY,14158.23657462262
2023-10-13,SPY,14087.714111078018
2023-10-16,SPY,14235.937940726762
2023-10-17,SPY,14235.284563720912
2023-10-18,SPY,14045.59705827825
2023-10-19,SPY,13922.188157531473
2023-10-20,SPY,13751.112621687611
2023-10-23,SPY,13727.279819420619
2023-10-24,SPY,13830.774118809299
2023-10-25,SPY,13632.272207166276
2023-10-26,SPY,13469.032042577102
2023-10-27,SPY,13407.97736223871
2023-10-30,SPY,13568.280421990861
2023-10-31,SPY,13653.492531972968
2023-11-01,SPY,13799.103884161417
2023-11-02,SPY,14063.554620308096
2023-11-03,SPY,14191.862818035643
2023-11-06,SPY,14224.508995939896
2023-11-07,SPY,14264.993636788138
2023-11-08,SPY,14275.442516066225
2023-11-09,SPY,14164.109753733555
2023-11-10,SPY,14385.138744194972
2023-11-13,SPY,14371.42813270314
2023-11-14,SPY,14650.244918473705
2023-11-15,SPY,14681.258684426437
2023-11-16,SPY,14699.216246456286
2023-11-17,SPY,14717.499466425958
2023-11-20,SPY,14830.791329213076
2023-11-21,SPY,14798.465656433142
2023-11-22,SPY,14855.600074736438
2023-11-24,SPY,14864.743230565926
2023-11-27,SPY,14837.971262335712
2023-11-28,SPY,14852.661939336316
2023-11-29,SPY,14842.21409062133
2023-11-30,SPY,14900.655262936325
2023-12-01,SPY,14988.807569444753
2023-12-04,SPY,14910.124076705637
2023-12-05,SPY,14907.186971868618
2023-12-06,SPY,14847.112357039001
2023-12-07,SPY,14960.402158699919
2023-12-08,SPY,15024.718571252053
2023-12-11,SPY,15083.15768244085
2023-12-12,SPY,15152.046703470827
2023-12-13,SPY,15360.995433265736
2023-12-14,SPY,15410.294480314342
2023-12-15,SPY,15384.920986211791
2023-12-18,SPY,15471.464583720017
2023-12-19,SPY,15565.542628057521
2023-12-20,SPY,15349.84680164227
2023-12-21,SPY,15495.39116722917
2023-12-22,SPY,15526.533753569489
2023-12-26,SPY,15592.096116910381
2023-12-27,SPY,15620.28613996717
2023-12-28,SPY,15626.18611371873
2023-12-29,SPY,15580.948515850016
2024-01-02,SPY,15493.754633025244
2024-01-03,SPY,15367.221064957119
2024-01-04,SPY,15317.722088666977
2024-01-05,SPY,15338.701261708105
2024-01-08,SPY,15557.677370472911
2024-01-09,SPY,15534.074383777379
2024-01-10,SPY,15621.9257658604
2024-01-11,SPY,15615.041604347665
2024-01-12,SPY,15625.858394652705
2024-01-16,SPY,15568.494160777953
2024-01-17,SPY,15481.950563269731
2024-01-18,SPY,15619.630701835124
2024-01-19,SPY,15814.347355209242
2024-01-22,SPY,15847.78397501174
2024-01-23,SPY,15894.003699515426
2024-01-24,SPY,15911.377962830275
2024-01-25,SPY,15997.919499212296
2024-01-26,SPY,15977.59679486632
2024-01-29,SPY,16104.129332371347
2024-01-30,SPY,16091.672916173078
2024-01-31,SPY,15829.09883543279
2024-02-01,SPY,16036.271905005175
2024-02-02,SPY,16205.093599347787
2024-02-05,SPY,16146.088709016705
2024-02-06,SPY,16192.966963341749
2024-02-07,SPY,16328.021227126537
2024-02-08,SPY,16335.234138268397
2024-02-09,SPY,16429.641962798127
2024-02-12,SPY,16422.429051656265
2024-02-13,SPY,16196.243123438902
2024-02-14,SPY,16343.42814548213
2024-02-15,SPY,16456.192359961686
2024-02-16,SPY,16374.239921067121
2024-02-20,SPY,16284.095536085024
2024-02-21,SPY,16298.847016308571
2024-02-22,SPY,16636.158563675366
2024-02-23,SPY,16647.629761549353
2024-02-26,SPY,16586.65855682212
2024-02-27,SPY,16617.473424096414
2024-02-28,SPY,16595.51006329411
2024-02-29,SPY,16655.17039175724
2024-03-01,SPY,16811.533608775386
2024-03-04,SPY,16793.502876765382
2024-03-05,SPY,16625.66846187325
2024-03-06,SPY,16709.914934229993
2024-03-07,SPY,16875.784065289074
2024-03-08,SPY,16774.492079246607
2024-03-11,SPY,16760.06831808909
2024-03-12,SPY,16940.36327143189
2024-03-13,SPY,16913.809782579025
2024-03-14,SPY,16880.37213221343
2024-03-15,SPY,16764.46263915051
2024-03-18,SPY,16864.095418600835
2024-03-19,SPY,16957.812765853094
2024-03-20,SPY,17114.662408654767
2024-03-21,SPY,17171.220742184767
2024-03-22,SPY,17138.664223270276
2024-03-25,SPY,17091.31500160821
2024-03-26,SPY,17059.748853833502
2024-03-27,SPY,17203.115639588606
2024-03-28,SPY,17199.827112734245
2024-04-01,SPY,17169.901621415866
2024-04-02,SPY,17060.737163847083
2024-04-03,SPY,17079.476923270373
2024-04-04,SPY,16871.003283064892
2024-04-05,SPY,17047.25327623741
2024-04-08,SPY,17056.78701548207
2024-04-09,SPY,17076.517146045142
2024-04-10,SPY,16905.52817750174
2024-04-11,SPY,17033.111889369487
2024-04-12,SPY,16798.003345826186
2024-04-15,SPY,16587.557207845948
2024-04-16,SPY,16557.303997461542
2024-04-17,SPY,16459.312905030645
2024-04-18,SPY,16425.44344872585
2024-04-19,SPY,16282.076662970749
2024-04-22,SPY,16432.021532997675
2024-04-23,SPY,16627.015407845887
2024-04-24,SPY,16619.12335562066
2024-04-25,SPY,16555.986937818838
2024-04-26,SPY,16712.839672309816
2024-04-29,SPY,16772.026972309723
2024-04-30,SPY,16506.33646875289
2024-05-01,SPY,16452.737912448127
2024-05-02,SPY,16606.626747461465
2024-05-03,SPY,16812.472451760143
2024-05-06,SPY,16986.09244789965
2024-05-07,SPY,17004.83426844914
2024-05-08,SPY,17006.47801659477
2024-05-09,SPY,17104.466017336366
2024-05-10,SPY,17126.501517555724
2024-05-13,SPY,17128.801734396508
2024-05-14,SPY,17207.39350701966
2024-05-15,SPY,17420.47170315911
2024-05-16,SPY,17384.624596264057
2024-05-17,SPY,17409.615751456244
2024-05-20,SPY,17429.672570522238
2024-05-21,SPY,17472.42238906584
2024-05-22,SPY,17422.110298489235
2024-05-23,SPY,17294.860489066115
2024-05-24,SPY,17409.290093516418
2024-05-28,SPY,17421.45279923098
2024-05-29,SPY,17299.46092274768
2024-05-30,SPY,17184.70153810515
2024-05-31,SPY,17341.2214007146
2024-06-03,SPY,17355.36072645632
2024-06-04,SPY,17374.764168516467
2024-06-05,SPY,17581.26015813169
2024-06-06,SPY,17580.936561318067
2024-06-07,SPY,17559.564743735566
2024-06-10,SPY,17613.81564648308
2024-06-11,SPY,17656.23980708686
2024-06-12,SPY,17801.246218735192
2024-06-13,SPY,17837.087142251643
2024-06-14,SPY,17847.94309395451
2024-06-17,SPY,17989.99178950381
2024-06-18,SPY,18035.69726302024
2024-06-20,SPY,17986.704293212544
2024-06-21,SPY,17962.58911665596
2024-06-24,SPY,17904.1953502436
2024-06-25,SPY,17973.146205059624
2024-06-26,SPY,17995.581563762054
2024-06-27,SPY,18023.94678254596
2024-06-28,SPY,17953.019307702783
2024-07-01,SPY,17989.971178241794
2024-07-02,SPY,18111.039670186863
2024-07-03,SPY,18191.86055079685
2024-07-05,SPY,18296.763629944202
2024-07-08,SPY,18317.879867877724
2024-07-09,SPY,18335.69005938417
2024-07-10,SPY,18517.12893776876
2024-07-11,SPY,18357.459674323545
2024-07-12,SPY,18473.253744319183
2024-07-15,SPY,18524.056382931725
2024-07-16,SPY,18633.90616496248
2024-07-17,SPY,18372.637807670788
2024-07-18,SPY,18231.44860174748
2024-07-19,SPY,18110.37804867621
2024-07-22,SPY,18297.097532388827
2024-07-23,SPY,18268.394288907886
2024-07-24,SPY,17854.386174460145
2024-07-25,SPY,17761.359304485366
2024-07-26,SPY,17960.28065531038
2024-07-29,SPY,17970.837743714037
2024-07-30,SPY,17879.787493766416
2024-07-31,SPY,18170.418654923502
2024-08-01,SPY,17913.10765993853
2024-08-02,SPY,17579.59476816095
2024-08-05,SPY,17067.61101972882
2024-08-06,SPY,17224.96563844985
2024-08-07,SPY,17109.835251091066
2024-08-08,SPY,17505.369491395504
2024-08-09,SPY,17582.562789890995
2024-08-12,SPY,17591.800757525747
2024-08-13,SPY,17881.108675661526
2024-08-14,SPY,17937.515516415722
2024-08-15,SPY,18244.97165075498
2024-08-16,SPY,18285.876761348314
2024-08-19,SPY,18460.71385250976
2024-08-20,SPY,18430.69973276472
2024-08-21,SPY,18494.034018681876
2024-08-22,SPY,18348.88538932565
2024-08-23,SPY,18543.84731671774
2024-08-26,SPY,18499.642343075935
2024-08-27,SPY,18525.043662382206
2024-08-28,SPY,18417.504402823244
2024-08-29,SPY,18419.14918153198
2024-08-30,SPY,18594.98179664871
2024-09-03,SPY,18212.313106093523
2024-09-04,SPY,18175.035577614683
2024-09-05,SPY,18130.83060397288
2024-09-06,SPY,17825.691175484015
2024-09-09,SPY,18025.265903314874
2024-09-10,SPY,18103.780383705478
2024-09-11,SPY,18289.506404589014
2024-09-12,SPY,18443.56528251397
2024-09-13,SPY,18539.88789328482
2024-09-16,SPY,18567.272015996852
2024-09-17,SPY,18574.85696041807
2024-09-18,SPY,18519.769240432783
2024-09-19,SPY,18835.79759864374
2024-09-20,SPY,18803.235926913745
2024-09-23,SPY,18850.22342092746
2024-09-24,SPY,18904.158971366156
2024-09-25,SPY,18862.46444943768
2024-09-26,SPY,18937.246230277513
2024-09-27,SPY,18909.783784769825
2024-09-30,SPY,18985.559028438744
2024-10-01,SPY,18815.476955423965
2024-10-02,SPY,18823.424658056632
2024-10-03,SPY,18789.00591161916
2024-10-04,SPY,18959.74960614459
2024-10-07,SPY,18788.344290108504
2024-10-08,SPY,18966.036041058916
2024-10-09,SPY,19097.40398063247
2024-10-10,SPY,19063.98488040268
2024-10-11,SPY,19178.140355068197
2024-10-14,SPY,19334.98793674367
2024-10-15,SPY,19184.760692427146
2024-10-16,SPY,19268.1456140317
2024-10-17,SPY,19269.80069837144
2024-10-18,SPY,19343.92291882682
2024-10-21,SPY,19312.15478068437
2024-10-22,SPY,19301.896555579915
2024-10-23,SPY,19125.52804765081
2024-10-24,SPY,19166.89485051326
2024-10-25,SPY,19160.272452028108
2024-10-28,SPY,19219.509219056847
2024-10-29,SPY,19250.61161343624
2024-10-30,SPY,19192.372431488984
2024-10-31,SPY,18816.14063806082
2024-11-01,SPY,18895.55583060144
2024-11-04,SPY,18854.854771502047
2024-11-05,SPY,19082.846246271853
2024-11-06,SPY,19557.3484147312
2024-11-07,SPY,19708.57324412921
2024-11-08,SPY,19793.943030265727
2024-11-11,SPY,19812.8064572611
2024-11-12,SPY,19751.259167760567
2024-11-13,SPY,19760.853710228166
2024-11-14,SPY,19633.789402163173
2024-11-15,SPY,19382.30727207581
2024-11-18,SPY,19461.722464616432
2024-11-19,SPY,19532.86429658456
2024-11-20,SPY,19539.48257281731
2024-11-21,SPY,19644.37534633365
2024-11-22,SPY,19705.26307544973
2024-11-25,SPY,19772.1012759093
2024-11-26,SPY,19875.343087338308
2024-11-27,SPY,19815.119040859085
2024-11-29,SPY,19938.211558733943
2024-12-02,SPY,19973.94942594032
2024-12-03,SPY,19983.2162493419
2024-12-04,SPY,20107.302230045843
2024-12-05,SPY,20074.210848882085
2024-12-06,SPY,20112.267483065058
2024-12-09,SPY,20008.691769191424
2024-12-10,SPY,19946.484919306436
2024-12-11,SPY,20100.68395381309
2024-12-12,SPY,19997.114423318057
2024-12-13,SPY,19993.142633127925
2024-12-16,SPY,20078.51448039064
2024-12-17,SPY,19995.791180296746
2024-12-18,SPY,19399.84539492367
2024-12-19,SPY,19393.88667907537
2024-12-20,SPY,19626.828978980982
2024-12-23,SPY,19744.358517238215
2024-12-24,SPY,19963.816929534154
2024-12-26,SPY,19965.14429480787
2024-12-27,SPY,19754.983622806525
2024-12-30,SPY,19529.54588340028
2024-12-31,SPY,19458.49474098501
2020-01-03,XLK,9887.566654799297
2020-01-06,XLK,9911.124922365585
2020-01-07,XLK,9906.840425200777
2020-01-08,XLK,10012.849180267656
2020-01-09,XLK,10126.35084746216
2020-01-10,XLK,10102.791717650518
2020-01-13,XLK,10229.14515184874
2020-01-14,XLK,10180.962881458427
2020-01-15,XLK,10192.740290750862
2020-01-16,XLK,10329.799363266298
2020-01-17,XLK,10399.398083763172
2020-01-21,XLK,10395.115311089072
2020-01-22,XLK,10432.59625438894
2020-01-23,XLK,10481.848571263761
2020-01-24,XLK,10432.59625438894
2020-01-27,XLK,10184.17043417589
2020-01-28,XLK,10379.055991367892
2020-01-29,XLK,10405.826122878414
2020-01-30,XLK,10495.766935770569
2020-01-31,XLK,10207.731288478239
2020-02-03,XLK,10342.646819043242
2020-02-04,XLK,10613.555686865942
2020-02-05,XLK,10675.659770744482
2020-02-06,XLK,10773.100393727098
2020-02-07,XLK,10674.589724259973
2020-02-10,XLK,10819.142571148392
2020-02-11,XLK,10782.736847805161
2020-02-12,XLK,10899.45210343461
2020-02-13,XLK,10870.541016709714
2020-02-14,XLK,10917.65582735158
2020-02-18,XLK,10876.96560684354
2020-02-19,XLK,11006.530042740644
2020-02-20,XLK,10891.956604570923
2020-02-21,XLK,10647.818730504097
2020-02-24,XLK,10207.73128847824
2020-02-25,XLK,9881.143789156182
2020-02-26,XLK,9926.115920092967
2020-02-27,XLK,9390.72536131745
2020-02-28,XLK,9462.467623764762
2020-03-02,XLK,10009.635591832714
2020-03-03,XLK,9629.510416225668
2020-03-04,XLK,10042.830313477063
2020-03-05,XLK,9725.880992723774
2020-03-06,XLK,9520.288934969201
2020-03-09,XLK,8797.516940318916
2020-03-10,XLK,9384.300771183627
2020-03-11,XLK,8940.998878477472
2020-03-12,XLK,8068.314319817326
2020-03-13,XLK,9014.880371648445
2020-03-16,XLK,7769.566136244945
2020-03-17,XLK,8298.532104886632
2020-03-18,XLK,7985.863832316735
2020-03-19,XLK,8014.774919041631
2020-03-20,XLK,7647.498923702239
2020-03-23,XLK,7577.643254089827
2020-03-24,XLK,8353.705460608453
2020-03-25,XLK,8342.941189607154
2020-03-26,XLK,8859.597743572893
2020-03-27,XLK,8459.186521518588
2020-03-30,XLK,8815.46630185641
2020-03-31,XLK,8650.782612684477
2020-04-01,XLK,8238.536210899008
2020-04-02,XLK,8431.204935285472
2020-04-03,XLK,8300.964499030712
2020-04-06,XLK,9009.214557426278
2020-04-07,XLK,8928.486836143296
2020-04-08,XLK,9168.516973342914
2020-04-09,XLK,9170.66913774689
2020-04-13,XLK,9191.121597547502
2020-04-14,XLK,9576.46163305649
2020-04-15,XLK,9367.643053186659
2020-04-16,XLK,9481.73880743018
2020-04-17,XLK,9607.674052631633
2020-04-20,XLK,9453.754634461002
2020-04-21,XLK,9057.651190196068
2020-04-22,XLK,9406.3940838932
2020-04-23,XLK,9341.811906866813
2020-04-24,XLK,9539.862766753926
2020-04-27,XLK,9621.667432484252
2020-04-28,XLK,9493.579160633468
2020-04-29,XLK,9883.22783617718
2020-04-30,XLK,9839.095532215344
2020-05-01,XLK,9568.928195397217
2020-05-04,XLK,9695.937798309951
2020-05-05,XLK,9829.408205661386
2020-05-06,XLK,9905.829011400354
2020-05-07,XLK,10054.369743051751
2020-05-08,XLK,10201.829219029036
2020-05-11,XLK,10269.643091642803
2020-05-12,XLK,10057.59885190307
2020-05-13,XLK,9884.301331643108
2020-05-14,XLK,10010.237439089915
2020-05-15,XLK,10060.82623626368
2020-05-18,XLK,10307.316315656644
2020-05-19,XLK,10269.643091642802
2020-05-20,XLK,10494.602904542457
2020-05-21,XLK,10348.217786276453
2020-05-22,XLK,10385.88756130888
2020-05-26,XLK,10375.12760153435
2020-05-27,XLK,10434.327643060089
2020-05-28,XLK,10413.875183259475
2020-05-29,XLK,10545.195150697642
2020-06-01,XLK,10541.96517960097
2020-06-02,XLK,10640.988885053817
2020-06-03,XLK,10723.873081967547
2020-06-04,XLK,10635.606749553166
2020-06-05,XLK,10915.46313741596
2020-06-08,XLK,10970.360574624448
2020-06-09,XLK,11022.024591754851
2020-06-10,XLK,11206.084658525408
2020-06-11,XLK,10563.491997112862
2020-06-12,XLK,10700.188926579554
2020-06-15,XLK,10803.52385880319
2020-06-16,XLK,11033.865807203498
2020-06-17,XLK,11031.711056063457
2020-06-18,XLK,11081.225495525943
2020-06-19,XLK,11004.80124080556
2020-06-22,XLK,11212.141932138364
2020-06-23,XLK,11293.093837213428
2020-06-24,XLK,11038.371039178968
2020-06-25,XLK,11179.7637568444
2020-06-26,XLK,10959.57733422536
2020-06-29,XLK,11079.384601694817
2020-06-30,XLK,11277.98298738182
2020-07-01,XLK,11296.333293008998
2020-07-02,XLK,11362.170037025682
2020-07-06,XLK,11560.766698221976
2020-07-07,XLK,11439.883348550531
2020-07-08,XLK,11626.607753465434
2020-07-09,XLK,11668.701709410041
2020-07-10,XLK,11665.465702595888
2020-07-13,XLK,11423.692967535517
2020-07-14,XLK,11555.372491286369
2020-07-15,XLK,11617.973228488903
2020-07-16,XLK,11474.419723965952
2020-07-17,XLK,11530.54672304947
2020-07-20,XLK,11825.206139152438
2020-07-21,XLK,11706.478402866385
2020-07-22,XLK,11800.380370915538
2020-07-23,XLK,11493.84869853118
2020-07-24,XLK,11354.618492213973
2020-07-27,XLK,11533.785316599686
2020-07-28,XLK,11398.869786034682
2020-07-29,XLK,11564.007878508253
2020-07-30,XLK,11628.766815832243
2020-07-31,XLK,11919.109831692298
2020-08-03,XLK,12212.6871298758
2020-08-04,XLK,12243.990085213129
2020-08-05,XLK,12289.321772462596
2020-08-06,XLK,12462.015720974649
2020-08-07,XLK,12276.367398261735
2020-08-10,XLK,12241.831885091668
2020-08-11,XLK,12021.648049208688
2020-08-12,XLK,12294.716841643556
2020-08-13,XLK,12300.113635315227
2020-08-14,XLK,12291.479110338694
2020-08-17,XLK,12373.50968435181
2020-08-18,XLK,12419.920902784683
2020-08-19,XLK,12404.80919070772
2020-08-20,XLK,12569.948145426646
2020-08-21,XLK,12729.689444228547
2020-08-24,XLK,12839.780068802007
2020-08-25,XLK,12904.543317352765
2020-08-26,XLK,13166.820246935
2020-08-27,XLK,13177.614696523697
2020-08-28,XLK,13293.10297701418
2020-08-31,XLK,13335.198657449497
2020-09-01,XLK,13589.919730993248
2020-09-02,XLK,13710.806529646108
2020-09-03,XLK,12929.367361098957
2020-09-04,XLK,12749.115832057716
2020-09-08,XLK,12172.752236297996
2020-09-09,XLK,12569.948145426648
2020-09-10,XLK,12286.083178912377
2020-09-11,XLK,12192.181210863224
2020-09-14,XLK,12447.982677835735
2020-09-15,XLK,12571.027676610054
2020-09-16,XLK,12376.745691165963
2020-09-17,XLK,12274.210922630984
2020-09-18,XLK,12062.660749479182
2020-09-21,XLK,12162.935572940914
2020-09-22,XLK,12355.483582977795
2020-09-23,XLK,11970.389287394742
2020-09-24,XLK,12037.45645553181
2020-09-25,XLK,12325.194628176956
2020-09-28,XLK,12561.011834576164
2020-09-29,XLK,12518.824756133306
2020-09-30,XLK,12623.750531035363
2020-10-01,XLK,12756.803611635385
2020-10-02,XLK,12433.368481328127
2020-10-05,XLK,12705.961314327498
2020-10-06,XLK,12509.089143839517
2020-10-07,XLK,12738.417953948689
2020-10-08,XLK,12804.402141920937
2020-10-09,XLK,13000.192194489451
2020-10-12,XLK,13354.997535271665
2020-10-13,XLK,13269.543847202545
2020-10-14,XLK,13199.22946306172
2020-10-15,XLK,13139.736258115568
2020-10-16,XLK,13101.874202369163
2020-10-19,XLK,12861.731973273505
2020-10-20,XLK,12906.082425309942
2020-10-21,XLK,12886.612925213069
2020-10-22,XLK,12826.035015611387
2020-10-23,XLK,12811.971793885083
2020-10-26,XLK,12533.967509043021
2020-10-27,XLK,12596.709654483635
2020-10-28,XLK,12062.336545226026
2020-10-29,XLK,12263.536325146522
2020-10-30,XLK,11992.023023330556
2020-11-02,XLK,12022.311115886041
2020-11-03,XLK,12234.32948826515
2020-11-04,XLK,12710.288923760014
2020-11-05,XLK,13105.120556127566
2020-11-06,XLK,13151.634381757583
2020-11-09,XLK,13056.441632413256
2020-11-10,XLK,12813.053049559194
2020-11-11,XLK,13117.019542014934
2020-11-12,XLK,13000.192194489444
2020-11-13,XLK,13110.529421234189
2020-11-16,XLK,13237.088932072053
2020-11-17,XLK,13163.534229890303
2020-11-18,XLK,13022.908048344716
2020-11-19,XLK,13127.838134473544
2020-11-20,XLK,12992.620818034586
2020-11-23,XLK,12989.376188766892
2020-11-24,XLK,13170.025212916404
2020-11-25,XLK,13198.1482073876
2020-11-27,XLK,13268.462591528425
2020-11-30,XLK,13357.162633355945
2020-12-01,XLK,13528.073458475603
2020-12-02,XLK,13507.52356494997
2020-12-03,XLK,13498.868346084937
2020-12-04,XLK,13634.083938033185
2020-12-07,XLK,13673.028111699057
2020-12-08,XLK,13717.378563735496
2020-12-09,XLK,13454.517031803145
2020-12-10,XLK,13473.989980881437
2020-12-11,XLK,13445.862675183469
2020-12-14,XLK,13494.542461143128
2020-12-15,XLK,13719.542799574432
2020-12-16,XLK,13812.569588589116
2020-12-17,XLK,13921.822110678333
2020-12-18,XLK,13873.14836043615
2020-12-21,XLK,13887.025337165958
2020-12-22,XLK,14007.375819208533
2020-12-23,XLK,13901.12304870643
2020-12-24,XLK,13993.279832158769
2020-12-28,XLK,14151.579456728521
2020-12-29,XLK,14084.355359936995
2020-12-30,XLK,14076.76760082041
2020-12-31,XLK,14097.366642331228
2021-01-04,XLK,13867.50755132925
2021-01-05,XLK,13957.4992366973
2021-01-06,XLK,13716.7991348575
2021-01-07,XLK,14086.52821822947
2021-01-08,XLK,14177.601159271633
2021-01-11,XLK,14060.502204459584
2021-01-12,XLK,13993.279832158769
2021-01-13,XLK,14082.188537361999
2021-01-14,XLK,13958.583941352834
2021-01-15,XLK,13815.462421752316
2021-01-19,XLK,13995.448379224477
2021-01-20,XLK,14273.016367917337
2021-01-21,XLK,14457.33510829414
2021-01-22,XLK,14402.041038222736
2021-01-25,XLK,14522.389795774605
2021-01-26,XLK,14532.150413183666
2021-01-27,XLK,14257.834813966687
2021-01-28,XLK,14316.382135759326
2021-01-29,XLK,13979.18470735436
2021-02-01,XLK,14329.39772938033
2021-02-02,XLK,14523.481398392963
2021-02-03,XLK,14473.598780164251
2021-02-04,XLK,14704.547749293884
2021-02-05,XLK,14672.022130044359
2021-02-08,XLK,14825.98293599199
2021-02-09,XLK,14808.632834975635
2021-02-10,XLK,14786.947364318577
2021-02-11,XLK,14949.585807510446
2021-02-12,XLK,15026.563623748198
2021-02-16,XLK,14977.777781609973
2021-02-17,XLK,14845.500721828692
2021-02-18,XLK,14772.856550740937
2021-02-19,XLK,14751.16935559317
2021-02-22,XLK,14425.8967804362
2021-02-23,XLK,14385.77477961655
2021-02-24,XLK,14605.882737908361
2021-02-25,XLK,14095.197233020164
2021-02-26,XLK,14170.011675664337
2021-03-01,XLK,14626.481779419182
2021-03-02,XLK,14394.451554615438
2021-03-03,XLK,14032.314541586824
2021-03-04,XLK,13722.22093364444
2021-03-05,XLK,13981.352392174706
2021-03-08,XLK,13643.07025911421
2021-03-09,XLK,14107.12725974029
2021-03-10,XLK,14050.744173786585
2021-03-11,XLK,14351.083200037387
2021-03-12,XLK,14248.08195676581
2021-03-15,XLK,14399.875940138445
2021-03-16,XLK,14508.298982196964
2021-03-17,XLK,14496.367230986134
2021-03-18,XLK,14094.115977346059
2021-03-19,XLK,14051.829740687472
2021-03-22,XLK,14328.135402181846
2021-03-23,XLK,14239.042176472827
2021-03-24,XLK,14066.281835068503
2021-03-25,XLK,14057.587815162533
2021-03-26,XLK,14415.057494089091
2021-03-29,XLK,14340.087847281171
2021-03-30,XLK,14204.272132566426
2021-03-31,XLK,14430.270088872488
2021-04-01,XLK,14720.375125014794
2021-04-05,XLK,15024.601153322139
2021-04-06,XLK,14960.494935731247
2021-04-07,XLK,15039.819783823019
2021-04-08,XLK,15257.122857977756
2021-04-09,XLK,15403.80286415488
2021-04-12,XLK,15329.918784247844
2021-04-13,XLK,15474.425932132492
2021-04-14,XLK,15310.363059615553
2021-04-15,XLK,15573.301331384424
2021-04-16,XLK,15570.04894190854
2021-04-19,XLK,15440.746628599103
2021-04-20,XLK,15303.846209228828
2021-04-21,XLK,15458.131219429622
2021-04-22,XLK,15276.68548057287
2021-04-23,XLK,15504.852846189991
2021-04-26,XLK,15584.16734733751
2021-04-27,XLK,15546.14232721917
2021-04-28,XLK,15401.633454843814
2021-04-29,XLK,15388.594580598245
2021-04-30,XLK,15178.889612504341
2021-05-03,XLK,15136.522324782465
2021-05-04,XLK,14864.882272899438
2021-05-05,XLK,14829.026662092157
2021-05-06,XLK,14977.882975543178
2021-05-07,XLK,15106.090237252836
2021-05-10,XLK,14724.717392618328
2021-05-11,XLK,14680.173797622558
2021-05-12,XLK,14267.29105876572
2021-05-13,XLK,14456.347837363619
2021-05-14,XLK,14774.705204780244
2021-05-17,XLK,14666.043320758627
2021-05-18,XLK,14548.700350511352
2021-05-19,XLK,14599.764244875261
2021-05-20,XLK,14879.004127309834
2021-05-21,XLK,14797.52539032338
2021-05-24,XLK,15060.456764129418
2021-05-25,XLK,15064.80420520508
2021-05-26,XLK,15063.721225040259
2021-05-27,XLK,14984.403274911325
2021-05-28,XLK,15037.643476549125
2021-06-01,XLK,14963.759396642088
2021-06-02,XLK,15066.978787988266
2021-06-03,XLK,14926.817356688569
2021-06-04,XLK,15213.65879416539
2021-06-07,XLK,15210.404680198799
2021-06-08,XLK,15211.492833835748
2021-06-09,XLK,15222.357125298131
2021-06-10,XLK,15334.269674304926
2021-06-11,XLK,15425.538345042485
2021-06-14,XLK,15581.997938026461
2021-06-15,XLK,15486.386999685368
2021-06-16,XLK,15402.718159499356
2021-06-17,XLK,15580.909784389516
2021-06-18,XLK,15438.572045815927
2021-06-21,XLK,15604.03003131589
2021-06-22,XLK,15745.53828985878
2021-06-23,XLK,15728.120933704804
2021-06-24,XLK,15827.179128971818
2021-06-25,XLK,15808.670170199475
2021-06-28,XLK,15974.128155699438
2021-06-29,XLK,16090.598533648308
2021-06-30,XLK,16073.189799947872
2021-07-01,XLK,16100.40053883437
2021-07-02,XLK,16312.661202157995
2021-07-06,XLK,16374.708377843157
2021-07-07,XLK,16463.968016905525
2021-07-08,XLK,16308.306863119496
2021-07-09,XLK,16458.5289732115
2021-07-12,XLK,16471.58681685486
2021-07-13,XLK,16539.076485215464
2021-07-14,XLK,16660.99108033048
2021-07-15,XLK,16523.831987353962
2021-07-16,XLK,16360.558931581432
2021-07-19,XLK,16135.230077670198
2021-07-20,XLK,16374.708377843157
2021-07-21,XLK,16532.54411441237
2021-07-22,XLK,16654.460434018092
2021-07-23,XLK,16819.913246045933
2021-07-26,XLK,16811.213190422484
2021-07-27,XLK,16652.278953272074
2021-07-28,XLK,16631.600585188673
2021-07-29,XLK,16708.885360772507
2021-07-30,XLK,16697.998650930913
2021-08-02,XLK,16638.13295599177
2021-08-03,XLK,16744.80822671741
2021-08-04,XLK,16778.554785388424
2021-08-05,XLK,16871.077160870926
2021-08-06,XLK,16856.924265627786
2021-08-09,XLK,16802.497614382664
2021-08-10,XLK,16681.672897395303
2021-08-11,XLK,16683.850929159904
2021-08-12,XLK,16779.637765553245
2021-08-13,XLK,16871.077160870926
2021-08-16,XLK,16947.272058327104
2021-08-17,XLK,16806.850228930452
2021-08-18,XLK,16574.99935116037
2021-08-19,XLK,16737.187702277373
2021-08-20,XLK,16952.714551002544
2021-08-23,XLK,17171.509309619978
2021-08-24,XLK,17151.913921701394
2021-08-25,XLK,17142.11708998746
2021-08-26,XLK,17034.35539011558
2021-08-27,XLK,17198.72177299718
2021-08-30,XLK,17383.776870906437
2021-08-31,XLK,17292.33402660734
2021-09-01,XLK,17296.69181462725
2021-09-02,XLK,17278.186304836327
2021-09-03,XLK,17346.757228871047
2021-09-07,XLK,17351.116741381666
2021-09-08,XLK,17284.718675639422
2021-09-09,XLK,17219.403590062
2021-09-10,XLK,17049.594714504958
2021-09-13,XLK,17055.03548268969
2021-09-14,XLK,17033.263787497217
2021-09-15,XLK,17182.39084598944
2021-09-16,XLK,17192.19457566621
2021-09-17,XLK,16924.4156584791
2021-09-20,XLK,16616.14397497005
2021-09-21,XLK,16622.68496822669
2021-09-22,XLK,16850.586762274732
2021-09-23,XLK,17076.308800067465
2021-09-24,XLK,17088.30780641592
2021-09-27,XLK,16922.55665749554
2021-09-28,XLK,16420.957494149454
2021-09-29,XLK,16400.237738289048
2021-09-30,XLK,16282.473992308946
2021-10-01,XLK,16527.820734362296
2021-10-04,XLK,16145.071746142552
2021-10-05,XLK,16375.156745427317
2021-10-06,XLK,16482.018261149453
2021-10-07,XLK,16632.50249382912
2021-10-08,XLK,16570.348399720042
2021-10-11,XLK,16478.752075747903
2021-10-12,XLK,16393.693296050988
2021-10-13,XLK,16494.013818516487
2021-10-14,XLK,16865.85885198756
2021-10-15,XLK,17001.070994954393
2021-10-18,XLK,17145.00733641459
2021-10-19,XLK,17315.121446827005
2021-10-20,XLK,17267.137492868147
2021-10-21,XLK,17333.65799745068
2021-10-22,XLK,17273.680210615494
2021-10-25,XLK,17330.3849140863
2021-10-26,XLK,17379.453572700684
2021-10-27,XLK,17364.188380950683
2021-10-28,XLK,17538.65683040159
2021-10-29,XLK,17613.898084496068
2021-11-01,XLK,17587.72893799739
2021-11-02,XLK,17742.56923420626
2021-11-03,XLK,17846.161115545437
2021-11-04,XLK,18125.314773444592
2021-11-05,XLK,18219.094302653455
2021-11-08,XLK,18317.233344372937
2021-11-09,XLK,18241.99036578775
2021-11-10,XLK,17941.02707390054
2021-11-11,XLK,18024.992526488382
2021-11-12,XLK,18244.17012204306
2021-11-15,XLK,18225.633571419385
2021-11-16,XLK,18417.55214234773
2021-11-17,XLK,18361.942490476704
2021-11-18,XLK,18545.131689439557
2021-11-19,XLK,18680.347281387807
2021-11-22,XLK,18472.075365072513
2021-11-23,XLK,18429.545975224057
2021-11-24,XLK,18563.673413535358
2021-11-26,XLK,18100.237229564274
2021-11-29,XLK,18552.76773429598
2021-11-30,XLK,18397.9257135964
2021-12-01,XLK,18146.031080323577
2021-12-02,XLK,18312.87383186232
2021-12-03,XLK,18006.455975864705
2021-12-06,XLK,18177.658239914068
2021-12-07,XLK,18812.29668793451
2021-12-08,XLK,18898.43844779625
2021-12-09,XLK,18694.526043991576
2021-12-10,XLK,19069.637262864195
2021-12-13,XLK,18786.118918982294
2021-12-14,XLK,18477.53165367362
2021-12-15,XLK,18967.133535161967
2021-12-16,XLK,18429.54597522406
2021-12-17,XLK,18306.329389624265
2021-12-20,XLK,18088.59519279245
2021-12-21,XLK,18546.35262886105
2021-12-22,XLK,18788.890175550558
2021-12-23,XLK,18893.77197593955
2021-12-27,XLK,19299.085925077594
2021-12-28,XLK,19198.577433124887
2021-12-29,XLK,19214.96699281671
2021-12-30,XLK,19088.23244617195
2021-12-31,XLK,18995.373795001327
2022-01-03,XLK,19175.63308425076
2022-01-04,XLK,18972.43117061791
2022-01-05,XLK,18389.030790522917
2022-01-06,XLK,18296.168690370876
2022-01-07,XLK,18127.922203395567
2022-01-10,XLK,18131.203909213495
2022-01-11,XLK,18348.61045281073
2022-01-12,XLK,18434.912590308344
2022-01-13,XLK,17957.48906220212
2022-01-14,XLK,18109.347713976316
2022-01-18,XLK,17674.53462678184
2022-01-19,XLK,17427.62894512817
2022-01-20,XLK,17202.57428523956
2022-01-21,XLK,16860.619849215705
2022-01-24,XLK,16948.017038313094
2022-01-25,XLK,16555.810943048953
2022-01-26,XLK,16653.037729183736
2022-01-27,XLK,16538.328056248058
2022-01-28,XLK,17261.569112371006
2022-01-31,XLK,17695.29059694712
2022-02-01,XLK,17741.179294695376
2022-02-02,XLK,17885.38638119678
2022-02-03,XLK,17366.45091276
2022-02-04,XLK,17436.363490565785
2022-02-07,XLK,17320.558766030328
2022-02-08,XLK,17534.693950753895
2022-02-09,XLK,17923.62523816295
2022-02-10,XLK,17454.94487794788
2022-02-11,XLK,16921.797881583883
2022-02-14,XLK,16916.334695019945
2022-02-15,XLK,17360.986001705354
2022-02-16,XLK,17343.504839395166
2022-02-17,XLK,16824.567646467684
2022-02-18,XLK,16654.134505274233
2022-02-22,XLK,16500.094372754018
2022-02-23,XLK,16087.12196038035
2022-02-24,XLK,16636.65679194546
2022-02-25,XLK,16862.804778943144
2022-02-28,XLK,16832.21576275906
2022-03-01,XLK,16495.719339827025
2022-03-02,XLK,16852.966559452212
2022-03-03,XLK,16651.951300037505
2022-03-04,XLK,16360.25197223536
2022-03-07,XLK,15761.562257520445
2022-03-08,XLK,15685.082819097395
2022-03-09,XLK,16305.627004558784
2022-03-10,XLK,16020.480741448235
2022-03-11,XLK,15738.61618415561
2022-03-14,XLK,15446.916856353466
2022-03-15,XLK,15965.857498262369
2022-03-16,XLK,16484.799864661978
2022-03-17,XLK,16601.696191815798
2022-03-18,XLK,16941.463973621507
2022-03-21,XLK,16909.28842598577
2022-03-22,XLK,17152.270891278025
2022-03-23,XLK,16888.492792534205
2022-03-24,XLK,17327.394647198093
2022-03-25,XLK,17317.54263178149
2022-03-28,XLK,17523.31403656973
2022-03-29,XLK,17895.450508970505
2022-03-30,XLK,17656.843076605248
2022-03-31,XLK,17395.253356570276
2022-04-01,XLK,17343.811798741248
2022-04-04,XLK,17673.261952639114
2022-04-05,XLK,17301.127204729044
2022-04-06,XLK,16891.77277386142
2022-04-07,XLK,16918.041940821175
2022-04-08,XLK,16681.624611655476
2022-04-11,XLK,16261.326562752887
2022-04-12,XLK,16189.087646981583
2022-04-13,XLK,16449.589213379608
2022-04-14,XLK,16050.083348947168
2022-04-18,XLK,16102.621682866684
2022-04-19,XLK,16404.709342695714
2022-04-20,XLK,16389.38896724305
2022-04-21,XLK,16111.376922192798
2022-04-22,XLK,15660.42949993133
2022-04-25,XLK,15895.756950969373
2022-04-26,XLK,15303.620300946055
2022-04-27,XLK,15530.183890204444
2022-04-28,XLK,16151.874861986862
2022-04-29,XLK,15478.744056866122
2022-05-02,XLK,15714.066334432044
2022-05-03,XLK,15741.428828500873
2022-05-04,XLK,16294.166039311327
2022-05-05,XLK,15510.486757334073
2022-05-06,XLK,15385.71295662467
2022-05-09,XLK,14790.287702820593
2022-05-10,XLK,15015.763138442033
2022-05-11,XLK,14541.833428510856
2022-05-12,XLK,14391.882063460058
2022-05-13,XLK,14870.18853080894
2022-05-16,XLK,14738.846144991567
2022-05-17,XLK,15165.707605530004
2022-05-18,XLK,14471.781166957699
2022-05-19,XLK,14313.078011562204
2022-05-20,XLK,14344.815538558027
2022-05-23,XLK,14674.270865928014
2022-05-24,XLK,14456.461653750386
2022-05-25,XLK,14625.015962317128
2022-05-26,XLK,14976.358525757047
2022-05-27,XLK,15483.122538774536
2022-05-31,XLK,15372.574061918021
2022-06-01,XLK,15326.604313106476
2022-06-02,XLK,15697.645733907473
2022-06-03,XLK,15322.227555688773
2022-06-06,XLK,15323.319158307137
2022-06-07,XLK,15506.104826444247
2022-06-08,XLK,15330.982795014887
2022-06-09,XLK,14921.631813128679
2022-06-10,XLK,14348.098968866661
2022-06-13,XLK,13712.184397722063
2022-06-14,XLK,13798.64949959161
2022-06-15,XLK,14089.792679140322
2022-06-16,XLK,13516.264146105073
2022-06-17,XLK,13639.944619705406
2022-06-21,XLK,13987.042349266807
2022-06-22,XLK,13927.784537302343
2022-06-23,XLK,14136.284086391135
2022-06-24,XLK,14644.364748064425
2022-06-27,XLK,14545.60316519924
2022-06-28,XLK,14109.948526539105
2022-06-29,XLK,14138.476776326755
2022-06-30,XLK,13949.732992792418
2022-07-01,XLK,13981.555882078304
2022-07-05,XLK,14157.131454563954
2022-07-06,XLK,14278.94430472718
2022-07-07,XLK,14574.136588459014
2022-07-08,XLK,14580.715520511236
2022-07-11,XLK,14379.901164264049
2022-07-12,XLK,14183.470463397396
2022-07-13,XLK,14146.161106923008
2022-07-14,XLK,14275.650527474298
2022-07-15,XLK,14526.947624716688
2022-07-18,XLK,14386.482683052329
2022-07-19,XLK,14825.429374474634
2022-07-20,XLK,15056.976741880053
2022-07-21,XLK,15268.768343731019
2022-07-22,XLK,15058.071793479832
2022-07-25,XLK,14962.605712358236
2022-07-26,XLK,14720.081961594396
2022-07-27,XLK,15353.26666394773
2022-07-28,XLK,15587.00413455271
2022-07-29,XLK,15826.228934591543
2022-08-01,XLK,15792.211630879327
2022-08-02,XLK,15680.278387984035
2022-08-03,XLK,16097.279210652328
2022-08-04,XLK,16170.799423019913
2022-08-05,XLK,16133.49351552694
2022-08-08,XLK,15996.325800096878
2022-08-09,XLK,15836.106817368773
2022-08-10,XLK,16268.465954285319
2022-08-11,XLK,16204.825349185672
2022-08-12,XLK,16527.449968860026
2022-08-15,XLK,16631.69715666836
2022-08-16,XLK,16586.705194088427
2022-08-17,XLK,16468.18784566879
2022-08-18,XLK,16553.781217485284
2022-08-19,XLK,16253.104191055654
2022-08-22,XLK,15799.894236984877
2022-08-23,XLK,15758.190878185702
2022-08-24,XLK,15768.068760962928
2022-08-25,XLK,16034.730208171051
2022-08-26,XLK,15349.972886694854
2022-08-29,XLK,15146.962391530627
2022-08-30,XLK,14988.9369609835
2022-08-31,XLK,14842.98641437599
2022-09-01,XLK,14770.566427080312
2022-09-02,XLK,14578.527141802384
2022-09-06,XLK,14481.95738662747
2022-09-07,XLK,14713.499580560763
2022-09-08,XLK,14763.98059706526
2022-09-09,XLK,15055.879965789569
2022-09-12,XLK,15297.296593518675
2022-09-13,XLK,14485.245990408226
2022-09-14,XLK,14537.920559093702
2022-09-15,XLK,14203.222779970436
2022-09-16,XLK,14124.213513678289
2022-09-19,XLK,14239.394834822693
2022-09-20,XLK,14155.78635181147
2022-09-21,XLK,13934.670428700649
2022-09-22,XLK,13792.761226068076
2022-09-23,XLK,13612.347594900251
2022-09-26,XLK,13517.74117239675
2022-09-27,XLK,13535.343911301874
2022-09-28,XLK,13678.353339006351
2022-09-29,XLK,13321.92697695832
2022-09-30,XLK,13066.709250090573
2022-10-03,XLK,13471.537755094227
2022-10-04,XLK,13923.671626963014
2022-10-05,XLK,13969.873319774828
2022-10-06,XLK,13855.46457046775
2022-10-07,XLK,13285.624723057585
2022-10-10,XLK,13062.310074293662
2022-10-11,XLK,12862.094978567613
2022-10-12,XLK,12822.493773941875
2022-10-13,XLK,13220.720928514098
2022-10-14,XLK,12848.89572668617
2022-10-17,XLK,13240.521530826967
2022-10-18,XLK,13352.729829990238
2022-10-19,XLK,13314.227125945694
2022-10-20,XLK,13321.92697695832
2022-10-21,XLK,13678.353339006351
2022-10-24,XLK,13867.56618401335
2022-10-25,XLK,14132.684212037531
2022-10-26,XLK,13818.062091495114
2022-10-27,XLK,13660.752324591936
2022-10-28,XLK,14254.794536847943
2022-10-31,XLK,14066.68019242214
2022-11-01,XLK,13948.972492390058
2022-11-02,XLK,13467.13685480661
2022-11-03,XLK,13071.111012623549
2022-11-04,XLK,13309.82708790343
2022-11-07,XLK,13532.043236086156
2022-11-08,XLK,13661.851687418482
2022-11-09,XLK,13306.526412687712
2022-11-10,XLK,14400.00096571481
2022-11-11,XLK,14646.420340988732
2022-11-14,XLK,14521.01020320796
2022-11-15,XLK,14697.025520824227
2022-11-16,XLK,14495.708475535565
2022-11-17,XLK,14514.412301757946
2022-11-18,XLK,14530.912228855103
2022-11-21,XLK,14374.700100287764
2022-11-22,XLK,14653.01996692945
2022-11-23,XLK,14782.83100499784
2022-11-25,XLK,14697.025520824225
2022-11-28,XLK,14382.399951300391
2022-11-29,XLK,14241.593560475785
2022-11-30,XLK,14956.640698998173
2022-12-01,XLK,14977.541526382949
2022-12-02,XLK,14890.635817137427
2022-12-05,XLK,14643.123114754431
2022-12-06,XLK,14329.599494793209
2022-12-07,XLK,14256.993262501031
2022-12-08,XLK,14490.209074666744
2022-12-09,XLK,14401.10205303206
2022-12-12,XLK,14715.724173574476
2022-12-13,XLK,14889.540765537644
2022-12-14,XLK,14764.127178775454
2022-12-15,XLK,14211.890070270412
2022-12-16,XLK,14023.777450335318
2022-12-19,XLK,13836.777126907085
2022-12-20,XLK,13857.739173712005
2022-12-21,XLK,14087.212841040675
2022-12-22,XLK,13731.970341863904
2022-12-23,XLK,13746.312931084956
2022-12-27,XLK,13616.12940302357
2022-12-28,XLK,13396.587077684084
2022-12-29,XLK,13747.415742892923
2022-12-30,XLK,13728.661044194645
2023-01-03,XLK,13598.479240623969
2023-01-04,XLK,13633.78387664994
2023-01-05,XLK,13369.007297786007
2023-01-06,XLK,13760.655520306009
2023-01-09,XLK,13920.623589636054
2023-01-10,XLK,14006.677400471668
2023-01-11,XLK,14249.386533986655
2023-01-12,XLK,14355.299579819219
2023-01-13,XLK,14396.121723866445
2023-01-17,XLK,14461.211763406429
2023-01-18,XLK,14274.764139250212
2023-01-19,XLK,14108.173163354882
2023-01-20,XLK,14489.891768376408
2023-01-23,XLK,14819.76442249781
2023-01-24,XLK,14813.140653687173
2023-01-25,XLK,14782.249851629133
2023-01-26,XLK,15018.341252050961
2023-01-27,XLK,15081.228254711074
2023-01-30,XLK,14793.28314318093
2023-01-31,XLK,14999.587415598036
2023-02-01,XLK,15352.62170442281
2023-02-02,XLK,15771.852293576956
2023-02-03,XLK,15640.568540443664
2023-02-06,XLK,15449.705357828807
2023-02-07,XLK,15835.84124579968
2023-02-08,XLK,15644.981512166241
2023-02-09,XLK,15558.931150312043
2023-02-10,XLK,15487.218204206774
2023-02-13,XLK,15755.30752972138
2023-02-14,XLK,15822.600606141237
2023-02-15,XLK,15896.520900353149
2023-02-16,XLK,15620.714478918831
2023-02-17,XLK,15425.436600090687
2023-02-21,XLK,15059.159947116765
2023-02-22,XLK,15037.100261976004
2023-02-23,XLK,15286.427128584148
2023-02-24,XLK,15013.930004819089
2023-02-27,XLK,15094.468894369513
2023-02-28,XLK,15061.369019714119
2023-03-01,XLK,14951.0481756311
2023-03-02,XLK,15135.287589435322
2023-03-03,XLK,15460.74037387131
2023-03-06,XLK,15534.658943592509
2023-03-07,XLK,15341.591861852427
2023-03-08,XLK,15468.46436775385
2023-03-09,XLK,15246.71038308095
2023-03-10,XLK,14978.626231038468
2023-03-13,XLK,15060.263621170088
2023-03-14,XLK,15407.78643769109
2023-03-15,XLK,15416.610656645538
2023-03-16,XLK,15849.080160967413
2023-03-17,XLK,15827.015302354526
2023-03-20,XLK,15869.6929984039
2023-03-21,XLK,15997.950270344098
2023-03-22,XLK,15838.73666569894
2023-03-23,XLK,16096.358332614078
2023-03-24,XLK,16138.372099740749
2023-03-27,XLK,16013.427574451222
2023-03-28,XLK,15938.244953040825
2023-03-29,XLK,16272.156364401098
2023-03-30,XLK,16461.229525660725
2023-03-31,XLK,16696.73459924172
2023-04-03,XLK,16670.2033096943
2023-04-04,XLK,16578.425914197793
2023-04-05,XLK,16389.357926410292
2023-04-06,XLK,16482.238995960124
2023-04-10,XLK,16473.38890964505
2023-04-11,XLK,16318.598623666723
2023-04-12,XLK,16225.717554116893
2023-04-13,XLK,16527.56550973747
2023-04-14,XLK,16435.7967366945
2023-04-17,XLK,16495.503778488484
2023-04-18,XLK,16546.3624584581
2023-04-19,XLK,16498.821698611282
2023-04-20,XLK,16390.466773935743
2023-04-21,XLK,16337.39212340594
2023-04-24,XLK,16265.527422118343
2023-04-25,XLK,15918.339156794756
2023-04-26,XLK,16154.958251373328
2023-04-27,XLK,16497.71285108584
2023-04-28,XLK,16676.835700958487
2023-05-01,XLK,16686.780838873336
2023-05-02,XLK,16530.883429860267
2023-05-03,XLK,16391.568723498356
2023-05-04,XLK,16313.06818196516
2023-05-05,XLK,16722.16566371725
2023-05-08,XLK,16713.320750874303
2023-05-09,XLK,16585.061754443395
2023-05-10,XLK,16787.401422722087
2023-05-11,XLK,16712.213627839563
2023-05-12,XLK,16690.100483486844
2023-05-15,XLK,16828.309791304724
2023-05-16,XLK,16846.00479046274
2023-05-17,XLK,17070.45070513132
2023-05-18,XLK,17419.84631856155
2023-05-19,XLK,17412.103355281215
2023-05-22,XLK,17445.272209564944
2023-05-23,XLK,17187.652267140515
2023-05-24,XLK,17061.607516779084
2023-05-25,XLK,17716.16383248056
2023-05-26,XLK,18219.242608854383
2023-05-30,XLK,18316.540099108206
2023-05-31,XLK,18163.95888572723
2023-06-01,XLK,18348.60872832003
2023-06-02,XLK,18453.645732872774
2023-06-05,XLK,18347.499880794585
2023-06-06,XLK,18343.08173559988
2023-06-07,XLK,18068.872192561466
2023-06-08,XLK,18264.574296103852
2023-06-09,XLK,18355.244568565624
2023-06-12,XLK,18754.38828994932
2023-06-13,XLK,18868.268482854295
2023-06-14,XLK,19062.86863683407
2023-06-15,XLK,19308.325746292758
2023-06-16,XLK,19149.115590629015
2023-06-20,XLK,19019.701185423535
2023-06-21,XLK,18738.271199789408
2023-06-22,XLK,18891.173168442132
2023-06-23,XLK,18686.196753870427
2023-06-26,XLK,18552.129672733914
2023-06-27,XLK,18917.76653965505
2023-06-28,XLK,18928.844667965262
2023-06-29,XLK,18962.085950858735
2023-06-30,XLK,19263.457947043815
2023-07-03,XLK,19222.46335392576
2023-07-05,XLK,19103.906342219827
2023-07-06,XLK,19052.942468317004
2023-07-07,XLK,18969.84271006473
2023-07-10,XLK,19019.701185423528
2023-07-11,XLK,19060.695778541587
2023-07-12,XLK,19276.75377040492
2023-07-13,XLK,19528.27074021262
2023-07-14,XLK,19499.457949458098
2023-07-17,XLK,19748.753775233494
2023-07-18,XLK,19972.568526302828
2023-07-19,XLK,19922.713499925452
2023-07-20,XLK,19524.942473145573
2023-07-21,XLK,19514.96974337939
2023-07-24,XLK,19549.316424816894
2023-07-25,XLK,19773.129451395518
2023-07-26,XLK,19507.212984173388
2023-07-27,XLK,19450.710046115455
2023-07-28,XLK,19715.51766581214
2023-07-31,XLK,19760.942475559856
2023-08-01,XLK,19794.180309471914
2023-08-02,XLK,19304.450815671156
2023-08-03,XLK,19225.781274048546
2023-08-04,XLK,18964.3001969282
2023-08-07,XLK,19017.485214863336
2023-08-08,XLK,18871.229433400455
2023-08-09,XLK,18627.474396270878
2023-08-10,XLK,18629.688642340356
2023-08-11,XLK,18492.298467608918
2023-08-14,XLK,18787.024276604156
2023-08-15,XLK,18601.989872583403
2023-08-16,XLK,18424.71050327794
2023-08-17,XLK,18249.648829023372
2023-08-18,XLK,18277.351047761742
2023-08-21,XLK,18626.363824254724
2023-08-22,XLK,18605.311241687617
2023-08-23,XLK,18941.03164380091
2023-08-24,XLK,18504.487167935287
2023-08-25,XLK,18692.84294106026
2023-08-28,XLK,18845.74490971298
2023-08-29,XLK,19223.56875246978
2023-08-30,XLK,19368.715686407213
2023-08-31,XLK,19462.897021951114
2023-09-01,XLK,19522.728227076095
2023-09-05,XLK,19592.532161967254
2023-09-06,XLK,19385.33460336324
2023-09-07,XLK,19105.015189745267
2023-09-08,XLK,19144.904384319296
2023-09-11,XLK,19244.624784018302
2023-09-12,XLK,18895.603385071776
2023-09-13,XLK,18943.249338851805
2023-09-14,XLK,19080.64123807395
2023-09-15,XLK,18713.893799136655
2023-09-18,XLK,18803.83633651952
2023-09-19,XLK,18793.842912864835
2023-09-20,XLK,18498.48766476106
2023-09-21,XLK,18216.46100534186
2023-09-22,XLK,18255.322403453727
2023-09-25,XLK,18314.16719989355
2023-09-26,XLK,17984.394566233233
2023-09-27,XLK,18012.15196867427
2023-09-28,XLK,18139.845332152847
2023-09-29,XLK,18202.02529362255
2023-10-02,XLK,18397.446305179485
2023-10-03,XLK,18085.437650305517
2023-10-04,XLK,18310.837208335794
2023-10-05,XLK,18335.269792691197
2023-10-06,XLK,18678.364117073244
2023-10-09,XLK,18774.963188590198
2023-10-10,XLK,18803.83633651951
2023-10-11,XLK,18978.159928750923
2023-10-12,XLK,18995.92735651869
2023-10-13,XLK,18723.892396263458
2023-10-16,XLK,18903.76884857564
2023-10-17,XLK,18816.050904206506
2023-10-18,XLK,18622.845863209757
2023-10-19,XLK,18516.25681701953
2023-10-20,XLK,18203.132416657285
2023-10-23,XLK,18224.231560473512
2023-10-24,XLK,18349.70033093837
2023-10-25,XLK,18133.18190005591
2023-10-26,XLK,17786.752410643985
2023-10-27,XLK,17890.013189767164
2023-10-30,XLK,18082.10420976634
2023-10-31,XLK,18210.90642077037
2023-11-01,XLK,18562.88877026307
2023-11-02,XLK,18877.120293660057
2023-11-03,XLK,19071.42728421942
2023-11-06,XLK,19196.902952647106
2023-11-07,XLK,19406.756226941925
2023-11-08,XLK,19516.67871367132
2023-11-09,XLK,19425.634226725844
2023-11-10,XLK,19933.062168666034
2023-11-13,XLK,19816.479698821127
2023-11-14,XLK,20212.872857525057
2023-11-15,XLK,20238.41084042449
2023-11-16,XLK,20339.45392449678
2023-11-17,XLK,20297.259085845733
2023-11-20,XLK,20591.50376193335
2023-11-21,XLK,20424.950724833605
2023-11-22,XLK,20515.99693626979
2023-11-24,XLK,20476.02669063247
2023-11-27,XLK,20474.914394125608
2023-11-28,XLK,20513.779241218897
2023-11-29,XLK,20529.325524954354
2023-11-30,XLK,20559.305795918404
2023-12-01,XLK,20605.93947365265
2023-12-04,XLK,20355.001932722942
2023-12-05,XLK,20477.135538157912
2023-12-06,XLK,20303.924242433364
2023-12-07,XLK,20550.42294427987
2023-12-08,XLK,20725.857108527438
2023-12-11,XLK,20906.842408365068
2023-12-12,XLK,21045.638043023777
2023-12-13,XLK,21231.07252888886
2023-12-14,XLK,21178.880817601712
2023-12-15,XLK,21285.473312773353
2023-12-18,XLK,21349.129438289372
2023-12-19,XLK,21430.36157310454
2023-12-20,XLK,21106.536707897198
2023-12-21,XLK,21343.564506773637
2023-12-22,XLK,21371.38571537088
2023-12-26,XLK,21460.41254818763
2023-12-27,XLK,21459.29335371793
2023-12-28,XLK,21484.891693792157
2023-12-29,XLK,21419.233434563783
2024-01-02,XLK,20858.37904598929
2024-01-03,XLK,20645.83729068021
2024-01-04,XLK,20494.49598611851
2024-01-05,XLK,20488.93105460278
2024-01-08,XLK,21003.04657150981
2024-01-09,XLK,21036.430987132077
2024-01-10,XLK,21215.590051309602
2024-01-11,XLK,21323.531098215142
2024-01-12,XLK,21392.529695945526
2024-01-16,XLK,21445.942346654156
2024-01-17,XLK,21340.22416827163
2024-01-18,XLK,21773.1075503635
2024-01-19,XLK,22274.982632222916
2024-01-22,XLK,22372.90956158528
2024-01-23,XLK,22463.041792946053
2024-01-24,XLK,22617.725160500468
2024-01-25,XLK,22712.313475851533
2024-01-26,XLK,22450.803082389146
2024-01-29,XLK,22656.67278314776
2024-01-30,XLK,22469.722469950066
2024-01-31,XLK,21997.8897407202
2024-02-01,XLK,22274.982632222916
2024-02-02,XLK,22505.329754095346
2024-02-05,XLK,22556.519536280957
2024-02-06,XLK,22453.031124384288
2024-02-07,XLK,22750.147077501242
2024-02-08,XLK,22821.366819263934
2024-02-09,XLK,23128.495165433374
2024-02-12,XLK,22952.678164248562
2024-02-13,XLK,22563.195039812847
2024-02-14,XLK,22799.107093201004
2024-02-15,XLK,22751.261098498813
2024-02-16,XLK,22542.056232710318
2024-02-20,XLK,22312.812784891208
2024-02-21,XLK,22172.60306785168
2024-02-22,XLK,22898.149768051644
2024-02-23,XLK,22844.731943870887
2024-02-26,XLK,22866.991669933817
2024-02-27,XLK,22887.0233540016
2024-02-28,XLK,22779.078858114644
2024-02-29,XLK,23032.796278066155
2024-03-01,XLK,23453.4375006197
2024-03-04,XLK,23453.4375006197
2024-03-05,XLK,22877.005787477006
2024-03-06,XLK,23058.396342631087
2024-03-07,XLK,23422.28112699258
2024-03-08,XLK,23073.973667199294
2024-03-11,XLK,23010.541725475356
2024-03-12,XLK,23482.374454705223
2024-03-13,XLK,23228.653585772296
2024-03-14,XLK,23233.102771799746
2024-03-15,XLK,22882.570718992738
2024-03-18,XLK,22995.0368295169
2024-03-19,XLK,23114.302606903948
2024-03-20,XLK,23372.900335559993
2024-03-21,XLK,23389.62099746781
2024-03-22,XLK,23397.422593432224
2024-03-25,XLK,23242.489174725102
2024-03-26,XLK,23146.62990972201
2024-03-27,XLK,23264.78339060219
2024-03-28,XLK,23214.619680388027
2024-04-01,XLK,23279.27256153345
2024-04-02,XLK,23055.2267287092
2024-04-03,XLK,23116.53582237121
2024-04-04,XLK,22750.93344526424
2024-04-05,XLK,23011.75749142472
2024-04-08,XLK,22985.005467066632
2024-04-09,XLK,23100.929181460964
2024-04-10,XLK,22817.809194932684
2024-04-11,XLK,23273.699007564184
2024-04-12,XLK,22896.949522518666
2024-04-15,XLK,22462.241629257398
2024-04-16,XLK,22488.99192912477
2024-04-17,XLK,22164.63074730715
2024-04-18,XLK,21911.60484812967
2024-04-19,XLK,21460.17801745129
2024-04-22,XLK,21651.894822966762
2024-04-23,XLK,21972.913941791674
2024-04-24,XLK,22073.232739766467
2024-04-25,XLK,22025.302245019568
2024-04-26,XLK,22273.86516224393
2024-04-29,XLK,22369.72787622843
2024-04-30,XLK,21877.054676788583
2024-05-01,XLK,21653.010568455044
2024-05-02,XLK,21965.11234582726
2024-05-03,XLK,22577.047873672735
2024-05-06,XLK,22842.331452804912
2024-05-07,XLK,22767.650658190636
2024-05-08,XLK,22832.300090354645
2024-05-09,XLK,22825.61079089709
2024-05-10,XLK,22910.328121433762
2024-05-13,XLK,23018.445066391556
2024-05-14,XLK,23222.423000843144
2024-05-15,XLK,23745.193736615212
2024-05-16,XLK,23662.706172564394
2024-05-17,XLK,23610.319593827207
2024-05-20,XLK,23887.864301895508
2024-05-21,XLK,23926.880904171132
2024-05-22,XLK,23980.381503905886
2024-05-23,XLK,23785.319186416284
2024-05-24,XLK,23985.953333384452
2024-05-28,XLK,24087.387876847526
2024-05-29,XLK,23934.68077564484
2024-05-30,XLK,23388.506976470235
2024-05-31,XLK,23425.29036327859
2024-06-03,XLK,23484.364516982616
2024-06-04,XLK,23533.41075721779
2024-06-05,XLK,24056.17804400844
2024-06-06,XLK,23975.92369542489
2024-06-07,XLK,24031.655786136205
2024-06-10,XLK,24092.957981835378
2024-06-11,XLK,24541.04447401175
2024-06-12,XLK,25083.872761212224
2024-06-13,XLK,25282.280590675953
2024-06-14,XLK,25377.02583468147
2024-06-17,XLK,25761.5751912007
2024-06-18,XLK,25793.90076952806
2024-06-20,XLK,25504.09320803294
2024-06-21,XLK,25459.511674241585
2024-06-24,XLK,24835.330537876365
2024-06-25,XLK,25290.90304421753
2024-06-26,XLK,25261.872967633764
2024-06-27,XLK,25274.154790458375
2024-06-28,XLK,25260.753773164062
2024-07-01,XLK,25451.692833370085
2024-07-02,XLK,25578.98266602292
2024-07-03,XLK,25924.01531796111
2024-07-05,XLK,26003.293604803755
2024-07-08,XLK,26180.829923224755
2024-07-09,XLK,26159.61523853107
2024-07-10,XLK,26539.25669449443
2024-07-11,XLK,25874.88285319052
2024-07-12,XLK,26106.019791807357
2024-07-15,XLK,26152.917316619973
2024-07-16,XLK,26065.823637887243
2024-07-17,XLK,25051.95243820131
2024-07-18,XLK,25054.187378159288
2024-07-19,XLK,24662.258925899187
2024-07-22,XLK,25246.23873487218
2024-07-23,XLK,25145.74403884514
2024-07-24,XLK,24105.07942702412
2024-07-25,XLK,23847.14390280007
2024-07-26,XLK,24149.742011878767
2024-07-29,XLK,24042.547669449923
2024-07-30,XLK,23438.467196780817
2024-07-31,XLK,24431.123711773063
2024-08-01,XLK,23519.982148072148
2024-08-02,XLK,22858.955543233074
2024-08-05,XLK,22097.435966857665
2024-08-06,XLK,22397.802584959798
2024-08-07,XLK,22034.90765826488
2024-08-08,XLK,22857.838073254083
2024-08-09,XLK,22960.567709239098
2024-08-12,XLK,23148.154359508157
2024-08-13,XLK,23859.427450115396
2024-08-14,XLK,23990.069692705194
2024-08-15,XLK,24680.12464963733
2024-08-16,XLK,24721.438273536423
2024-08-19,XLK,25128.999234067403
2024-08-20,XLK,25040.78636086498
2024-08-21,XLK,25188.17858170464
2024-08-22,XLK,24608.66175468477
2024-08-23,XLK,25007.288128855966
2024-08-26,XLK,24693.52221795023
2024-08-27,XLK,24843.149378747865
2024-08-28,XLK,24500.35166676765
2024-08-29,XLK,24279.266784489577
2024-08-30,XLK,24601.962108282973
2024-09-03,XLK,23471.97060226196
2024-09-04,XLK,23411.67206015503
2024-09-05,XLK,23375.942337169454
2024-09-06,XLK,22769.626924542372
2024-09-09,XLK,23142.570458594644
2024-09-10,XLK,23488.717131530404
2024-09-11,XLK,24290.432861825924
2024-09-12,XLK,24491.41880489859
2024-09-13,XLK,24614.247380089015
2024-09-16,XLK,24520.450605973074
2024-09-17,XLK,24472.43906016288
2024-09-18,XLK,24249.117513436126
2024-09-19,XLK,24969.32346591244
2024-09-20,XLK,24847.61408519171
2024-09-23,XLK,24843.026939907595
2024-09-24,XLK,25013.056550275298
2024-09-25,XLK,25084.64705754028
2024-09-26,XLK,25416.868468006396
2024-09-27,XLK,25179.728577233913
2024-09-30,XLK,25253.55402445687
2024-10-01,XLK,24638.322994867798
2024-10-02,XLK,24820.65684643933
2024-10-03,XLK,24923.56755394872
2024-10-04,XLK,25200.98120072318
2024-10-07,XLK,25027.597455927807
2024-10-08,XLK,25495.17414208955
2024-10-09,XLK,25780.416976679764
2024-10-10,XLK,25773.706983333712
2024-10-11,XLK,25818.450619251646
2024-10-14,XLK,26155.150532087267
2024-10-15,XLK,25580.186360537347
2024-10-16,XLK,25659.606055618075
2024-10-17,XLK,25737.91000521052
2024-10-18,XLK,25829.63566598578
2024-10-21,XLK,25950.44486255677
2024-10-22,XLK,25923.59626671902
2024-10-23,XLK,25552.22201921132
2024-10-24,XLK,25627.16838539468
2024-10-25,XLK,25760.28182316949
2024-10-28,XLK,25752.45435984445
2024-10-29,XLK,26099.21667596309
2024-10-30,XLK,25684.216262516442
2024-10-31,XLK,24859.806234499505
2024-11-01,XLK,25046.611690477697
2024-11-04,XLK,25027.59745592782
2024-11-05,XLK,25379.959193376355
2024-11-06,XLK,26102.57425937218
2024-11-07,XLK,26557.844979839396
2024-11-08,XLK,26528.763168534377
2024-11-11,XLK,26382.224570595332
2024-11-12,XLK,26415.78143528843
2024-11-13,XLK,26324.05577451317
2024-11-14,XLK,26234.570227168006
2024-11-15,XLK,25583.545668437157
2024-11-18,XLK,25666.317773454844
2024-11-19,XLK,25876.617690843115
2024-11-20,XLK,25854.24587288415
2024-11-21,XLK,26117.11344053398
2024-11-22,XLK,26130.536876207505
2024-11-25,XLK,26129.419406228517
2024-11-26,XLK,26260.29790404536
2024-11-27,XLK,25904.583756659868
2024-11-29,XLK,26145.08123084144
2024-12-02,XLK,26393.409617329475
2024-12-03,XLK,26488.491137023113
2024-12-04,XLK,26972.845393286054
2024-12-05,XLK,26836.377821083574
2024-12-06,XLK,26940.405998571947
2024-12-09,XLK,26764.789038309304
2024-12-10,XLK,26393.40961732948
2024-12-11,XLK,26775.970636062015
2024-12-12,XLK,26626.07962818601
2024-12-13,XLK,26740.177106920237
2024-12-16,XLK,27007.52317693956
2024-12-17,XLK,26844.20700889932
2024-12-18,XLK,25978.410928373538
2024-12-19,XLK,26006.375269699565
2024-12-20,XLK,26394.527087308463
2024-12-23,XLK,26674.18774547586
2024-12-24,XLK,26949.81654436722
2024-12-26,XLK,26967.74434977086
2024-12-27,XLK,26609.205486605144
2024-12-30,XLK,26270.83281778246
2024-12-31,XLK,26052.348467492524
2020-01-03,XLF,9893.824980338986
2020-01-06,XLF,9887.388326197113
2020-01-07,XLF,9823.03909505739
2020-01-08,XLF,9887.388326197113
2020-01-09,XLF,9948.52130749938
2020-01-10,XLF,9874.518479969169
2020-01-13,XLF,9942.086038179828
2020-01-14,XLF,9922.77953781001
2020-01-15,XLF,9868.083210649616
2020-01-16,XLF,9954.955191996612
2020-01-17,XLF,9983.914596345758
2020-01-21,XLF,9900.258172425058
2020-01-22,XLF,9929.215499540724
2020-01-23,XLF,9903.475807084835
2020-01-24,XLF,9777.993594642841
2020-01-27,XLF,9626.77030492264
2020-01-28,XLF,9739.383363547846
2020-01-29,XLF,9723.294497837807
2020-01-30,XLF,9845.561845264661
2020-01-31,XLF,9639.638766328268
2020-02-03,XLF,9707.207709361246
2020-02-04,XLF,9800.515652438957
2020-02-05,XLF,9996.783750162545
2020-02-06,XLF,9983.91459634576
2020-02-07,XLF,9948.52130749938
2020-02-10,XLF,9977.479327026209
2020-02-11,XLF,10012.870538639107
2020-02-12,XLF,10019.30303831402
2020-02-13,XLF,10016.088865710042
2020-02-14,XLF,10028.956634704507
2020-02-18,XLF,9942.086038179828
2020-02-19,XLF,10016.088865710042
2020-02-20,XLF,9996.783750162545
2020-02-21,XLF,9900.258172425061
2020-02-24,XLF,9578.50647743716
2020-02-25,XLF,9253.538532611805
2020-02-26,XLF,9185.972359223464
2020-02-27,XLF,8793.438241009768
2020-02-28,XLF,8555.34089270909
2020-03-02,XLF,8992.923973393132
2020-03-03,XLF,8655.08410510635
2020-03-04,XLF,8941.443896070192
2020-03-05,XLF,8510.297469528023
2020-03-06,XLF,8220.719351493246
2020-03-09,XLF,7339.126229739529
2020-03-10,XLF,7770.269886637059
2020-03-11,XLF,7348.779133718858
2020-03-12,XLF,6554.0552236674985
2020-03-13,XLF,7416.3459995183575
2020-03-16,XLF,6399.612222054042
2020-03-17,XLF,6747.1029170866705
2020-03-18,XLF,6174.388874448269
2020-03-19,XLF,6309.52468328075
2020-03-20,XLF,6084.299950852656
2020-03-23,XLF,5730.292628189194
2020-03-24,XLF,6440.901391926458
2020-03-25,XLF,6616.118805568592
2020-03-26,XLF,7031.451253631177
2020-03-27,XLF,6817.295406004285
2020-03-30,XLF,6947.0878779162795
2020-03-31,XLF,6755.645885976776
2020-04-01,XLF,6343.5559993757215
2020-04-02,XLF,6502.553681598606
2020-04-03,XLF,6372.759824864292
2020-04-06,XLF,6830.273960784325
2020-04-07,XLF,6898.416912668812
2020-04-08,XLF,7200.182851939091
2020-04-09,XLF,7586.311474513108
2020-04-13,XLF,7310.504029625227
2020-04-14,XLF,7342.951801397646
2020-04-15,XLF,7024.961283829997
2020-04-16,XLF,6901.661551363822
2020-04-17,XLF,7265.077010661608
2020-04-20,XLF,7138.529869855782
2020-04-21,XLF,6908.151521165
2020-04-22,XLF,6982.781673206027
2020-04-23,XLF,6953.578540128618
2020-04-24,XLF,7054.166494140885
2020-04-27,XLF,7294.2787589166965
2020-04-28,XLF,7372.152857241574
2020-04-29,XLF,7586.311474513105
2020-04-30,XLF,7394.866712928963
2020-05-01,XLF,7157.999086848161
2020-05-04,XLF,7093.104235714483
2020-05-05,XLF,7070.388995204775
2020-05-06,XLF,6917.88543725003
2020-05-07,XLF,7080.124988523285
2020-05-08,XLF,7232.629238889189
2020-05-11,XLF,7093.104235714483
2020-05-12,XLF,6908.151521165
2020-05-13,XLF,6703.728204800817
2020-05-14,XLF,6875.70374939258
2020-05-15,XLF,6830.273960784322
2020-05-18,XLF,7180.712250124388
2020-05-19,XLF,7005.495528893414
2020-05-20,XLF,7161.243033132008
2020-05-21,XLF,7138.52986985578
2020-05-22,XLF,7112.572067884541
2020-05-26,XLF,7482.476804572347
2020-05-27,XLF,7806.958676763494
2020-05-28,XLF,7683.652712596879
2020-05-29,XLF,7596.0440057758115
2020-06-01,XLF,7683.652712596878
2020-06-02,XLF,7745.306387091344
2020-06-03,XLF,8034.091694348104
2020-06-04,XLF,8209.308415579078
2020-06-05,XLF,8514.321070777845
2020-06-08,XLF,8676.55923722878
2020-06-09,XLF,8491.605830268136
2020-06-10,XLF,8173.616697522808
2020-06-11,XLF,7505.190660259732
2020-06-12,XLF,7732.326447488983
2020-06-15,XLF,7839.402294068949
2020-06-16,XLF,7962.706873413244
2020-06-17,XLF,7842.6497024085975
2020-06-18,XLF,7832.913709090088
2020-06-19,XLF,7780.99602791413
2020-06-22,XLF,7742.465424102517
2020-06-23,XLF,7778.384945430372
2020-06-24,XLF,7504.083494815145
2020-06-25,XLF,7703.279106922535
2020-06-26,XLF,7373.4642839783
2020-06-29,XLF,7455.100944545748
2020-06-30,XLF,7556.332148525504
2020-07-01,XLF,7491.0232355182425
2020-07-02,XLF,7500.819468607657
2020-07-06,XLF,7644.50170838604
2020-07-07,XLF,7487.756439666116
2020-07-08,XLF,7566.127689203759
2020-07-09,XLF,7406.120471509828
2020-07-10,XLF,7660.828071123905
2020-07-13,XLF,7693.482181421957
2020-07-14,XLF,7732.669883424258
2020-07-15,XLF,7886.145586647417
2020-07-16,XLF,7886.145586647417
2020-07-17,XLF,7820.838058462475
2020-07-20,XLF,7784.916459901139
2020-07-21,XLF,7938.393547946618
2020-07-22,XLF,7938.393547946618
2020-07-23,XLF,7944.925062417388
2020-07-24,XLF,7925.3319038273985
2020-07-27,XLF,7860.024375642456
2020-07-28,XLF,7840.429139818986
2020-07-29,XLF,7987.376098216016
2020-07-30,XLF,7843.695935671111
2020-07-31,XLF,7846.961346700917
2020-08-03,XLF,7869.819916320713
2020-08-04,XLF,7837.1651136115015
2020-08-05,XLF,7944.925062417391
2020-08-06,XLF,7941.658958976426
2020-08-07,XLF,8111.465179404411
2020-08-10,XLF,8170.243962763224
2020-08-11,XLF,8264.942267449893
2020-08-12,XLF,8242.084390241256
2020-08-13,XLF,8189.835044119735
2020-08-14,XLF,8222.490539240105
2020-08-17,XLF,8085.340506343652
2020-08-18,XLF,8033.091852633292
2020-08-19,XLF,8029.8285188369655
2020-08-20,XLF,7954.720603095649
2020-08-21,XLF,7938.393547946624
2020-08-24,XLF,8127.792234553439
2020-08-25,XLF,8150.650804173235
2020-08-26,XLF,8111.465179404414
2020-08-27,XLF,8248.613827478548
2020-08-28,XLF,8281.27070742124
2020-08-31,XLF,8183.304914471287
2020-09-01,XLF,8206.164868913402
2020-09-02,XLF,8323.720358397544
2020-09-03,XLF,8196.369328235145
2020-09-04,XLF,8258.412830212601
2020-09-08,XLF,8046.15557398599
2020-09-09,XLF,8127.792234553436
2020-09-10,XLF,8013.500078865617
2020-09-11,XLF,8069.0134511946235
2020-09-14,XLF,8180.0388110303165
2020-09-15,XLF,8069.0134511946235
2020-09-16,XLF,8160.4484220849645
2020-09-17,XLF,8075.544965665394
2020-09-18,XLF,8059.215833282888
2020-09-21,XLF,7857.28588950529
2020-09-22,XLF,7791.616230283752
2020-09-23,XLF,7617.595303125822
2020-09-24,XLF,7634.010294492148
2020-09-25,XLF,7712.812916182373
2020-09-28,XLF,7896.688931378304
2020-09-29,XLF,7798.182365312516
2020-09-30,XLF,7903.2543739959065
2020-10-01,XLF,7916.38664405343
2020-10-02,XLF,7978.772889555008
2020-10-05,XLF,8110.1129004092445
2020-10-06,XLF,8028.023402943262
2020-10-07,XLF,8162.646135106301
2020-10-08,XLF,8274.283586407293
2020-10-09,XLF,8284.131057922536
2020-10-12,XLF,8376.070104137241
2020-10-13,XLF,8215.180754625675
2020-10-14,XLF,8136.378132935452
2020-10-15,XLF,8198.76368602587
2020-10-16,XLF,8205.333283110433
2020-10-19,XLF,8080.560099696117
2020-10-20,XLF,8146.229758917655
2020-10-21,XLF,8103.5412260912035
2020-10-22,XLF,8264.434730069728
2020-10-23,XLF,8290.700655007095
2020-10-26,XLF,8103.541226091202
2020-10-27,XLF,7955.788993515279
2020-10-28,XLF,7752.215265644221
2020-10-29,XLF,7811.317405014678
2020-10-30,XLF,7834.300608643245
2020-11-02,XLF,7982.057688097287
2020-11-03,XLF,8159.362028975178
2020-11-04,XLF,8064.14164627399
2020-11-05,XLF,8261.149931527447
2020-11-06,XLF,8195.480964717068
2020-11-09,XLF,8868.584931776022
2020-11-10,XLF,8914.555493500115
2020-11-11,XLF,8878.437942580544
2020-11-12,XLF,8730.682247948822
2020-11-13,XLF,8875.153836449423
2020-11-16,XLF,9072.159352058241
2020-11-17,XLF,9059.027082000717
2020-11-18,XLF,8973.656940459412
2020-11-19,XLF,9003.209048761382
2020-11-20,XLF,8924.40711948232
2020-11-23,XLF,9091.861911611486
2020-11-24,XLF,9410.356504503496
2020-11-25,XLF,9377.520290070406
2020-11-27,XLF,9347.968874179598
2020-11-30,XLF,9154.246079879584
2020-12-01,XLF,9295.437024304863
2020-12-02,XLF,9397.222849623651
2020-12-03,XLF,9400.504878521293
2020-12-04,XLF,9515.425743542246
2020-12-07,XLF,9449.756776731865
2020-12-08,XLF,9446.474747834223
2020-12-09,XLF,9423.489466972176
2020-12-10,XLF,9439.90515074966
2020-12-11,XLF,9344.686152870794
2020-12-14,XLF,9236.332807700923
2020-12-15,XLF,9393.938743492528
2020-12-16,XLF,9410.356504503494
2020-12-17,XLF,9436.623814263183
2020-12-18,XLF,9354.53570161952
2020-12-21,XLF,9480.636929638407
2020-12-22,XLF,9388.208348733695
2020-12-23,XLF,9543.35691731903
2020-12-24,XLF,9556.561890548337
2020-12-28,XLF,9602.777565823013
2020-12-29,XLF,9569.764094133005
2020-12-30,XLF,9612.680430231045
2020-12-31,XLF,9731.518265183213
2021-01-04,XLF,9599.476149412898
2021-01-05,XLF,9642.388331043978
2021-01-06,XLF,10068.225348812497
2021-01-07,XLF,10213.473130223278
2021-01-08,XLF,10206.869604991885
2021-01-11,XLF,10239.883076681896
2021-01-12,XLF,10345.513861171275
2021-01-13,XLF,10338.912413173362
2021-01-14,XLF,10385.128088448038
2021-01-15,XLF,10213.473130223281
2021-01-19,XLF,10239.883076681897
2021-01-20,XLF,10196.966740583857
2021-01-21,XLF,10088.03177003972
2021-01-22,XLF,10015.40891795107
2021-01-25,XLF,9942.78537345126
2021-01-26,XLF,9863.559688542373
2021-01-27,XLF,9573.06620295429
2021-01-28,XLF,9751.32468641044
2021-01-29,XLF,9556.561890548344
2021-02-01,XLF,9682.001173498425
2021-02-02,XLF,9916.375426992645
2021-02-03,XLF,9972.495351497671
2021-02-04,XLF,10193.663939351423
2021-02-05,XLF,10196.966740583859
2021-02-08,XLF,10329.009548765333
2021-02-09,XLF,10332.309580353129
2021-02-10,XLF,10332.309580353129
2021-02-11,XLF,10299.29957071892
2021-02-12,XLF,10404.93243244178
2021-02-16,XLF,10583.191608309091
2021-02-17,XLF,10636.00734675936
2021-02-18,XLF,10573.28874390106
2021-02-19,XLF,10698.727334439982
2021-02-22,XLF,10797.757363342605
2021-02-23,XLF,10863.781537077983
2021-02-24,XLF,11075.047952934865
2021-02-25,XLF,10873.683016663696
2021-02-26,XLF,10665.718709628092
2021-03-01,XLF,10999.121607202615
2021-03-02,XLF,10959.51291921513
2021-03-03,XLF,11045.33866729961
2021-03-04,XLF,10919.897999527208
2021-03-05,XLF,11127.86230656281
2021-03-08,XLF,11269.810056385793
2021-03-09,XLF,11167.47791866189
2021-03-10,XLF,11395.252801391673
2021-03-11,XLF,11362.240714523985
2021-03-12,XLF,11477.776440654876
2021-03-15,XLF,11411.755728975299
2021-03-16,XLF,11292.917201611972
2021-03-17,XLF,11368.84147011074
2021-03-18,XLF,11428.258656558923
2021-03-19,XLF,11296.220002844408
2021-03-22,XLF,11150.66132882286
2021-03-23,XLF,10994.822426311166
2021-03-24,XLF,11034.60975637789
2021-03-25,XLF,11220.291579878683
2021-03-26,XLF,11396.023455012579
2021-03-29,XLF,11296.550282967655
2021-03-30,XLF,11376.128405156898
2021-03-31,XLF,11289.917676467547
2021-04-01,XLF,11429.178870990352
2021-04-05,XLF,11518.701402257218
2021-04-06,XLF,11495.491087768223
2021-04-07,XLF,11551.858203057312
2021-04-08,XLF,11555.173467690627
2021-04-09,XLF,11654.645254913232
2021-04-12,XLF,11704.379763702213
2021-04-13,XLF,11594.963567401988
2021-04-14,XLF,11664.592433635493
2021-04-15,XLF,11654.645254913232
2021-04-16,XLF,11737.53656450231
2021-04-19,XLF,11704.379763702214
2021-04-20,XLF,11485.545986279443
2021-04-21,XLF,11644.695306546333
2021-04-22,XLF,11515.384060390428
2021-04-23,XLF,11730.906035235685
2021-04-26,XLF,11777.329433858313
2021-04-27,XLF,11870.165152525009
2021-04-28,XLF,11916.58301185836
2021-04-29,XLF,12128.791799303783
2021-04-30,XLF,12022.68532834759
2021-05-03,XLF,12082.369785503473
2021-05-04,XLF,12178.522153625807
2021-05-05,XLF,12277.99532567073
2021-05-06,XLF,12460.357037660093
2021-05-07,XLF,12526.670639260283
2021-05-10,XLF,12516.723460538022
2021-05-11,XLF,12294.574418481938
2021-05-12,XLF,12168.574974903548
2021-05-13,XLF,12364.204669537763
2021-05-14,XLF,12559.831594527339
2021-05-17,XLF,12583.041216605176
2021-05-18,XLF,12407.304494593163
2021-05-19,XLF,12331.045099093031
2021-05-20,XLF,12337.677013181978
2021-05-21,XLF,12460.357037660098
2021-05-24,XLF,12520.037340349021
2021-05-25,XLF,12394.046205704548
2021-05-26,XLF,12430.516886315636
2021-05-27,XLF,12573.089883415958
2021-05-28,XLF,12596.30227513843
2021-06-01,XLF,12672.563055460882
2021-06-02,XLF,12692.457412905402
2021-06-03,XLF,12722.297564249864
2021-06-04,XLF,12755.452980227641
2021-06-07,XLF,12672.563055460883
2021-06-08,XLF,12639.404869838469
2021-06-09,XLF,12520.037340349025
2021-06-10,XLF,12374.15046343771
2021-06-11,XLF,12453.725123571154
2021-06-14,XLF,12324.414569826407
2021-06-15,XLF,12347.62557672656
2021-06-16,XLF,12334.360363726346
2021-06-17,XLF,11969.632785280664
2021-06-18,XLF,11681.16875680207
2021-06-21,XLF,11953.800111699764
2021-06-22,XLF,11973.776173661146
2021-06-23,XLF,11997.075809189759
2021-06-24,XLF,12146.872039509528
2021-06-25,XLF,12293.34054179511
2021-06-28,XLF,12203.464188425567
2021-06-29,XLF,12160.189875757891
2021-06-30,XLF,12213.45014217278
2021-07-01,XLF,12309.983336433024
2021-07-02,XLF,12296.669654651621
2021-07-06,XLF,12103.597726841856
2021-07-07,XLF,12120.241906302088
2021-07-08,XLF,11877.240209756263
2021-07-09,XLF,12220.108367885803
2021-07-12,XLF,12339.943967319301
2021-07-13,XLF,12206.790531637442
2021-07-14,XLF,12150.201152366042
2021-07-15,XLF,12190.147736999528
2021-07-16,XLF,12023.703172752566
2021-07-19,XLF,11687.49462515837
2021-07-20,XLF,11977.105286517657
2021-07-21,XLF,12183.488126464186
2021-07-22,XLF,12050.340230071608
2021-07-23,XLF,12070.309367921393
2021-07-26,XLF,12140.21796826347
2021-07-27,XLF,12136.887470584641
2021-07-28,XLF,12120.24190630209
2021-07-29,XLF,12253.396726806268
2021-07-30,XLF,12156.859378079063
2021-08-02,XLF,12160.189875757895
2021-08-03,XLF,12296.669654651623
2021-08-04,XLF,12193.47546503372
2021-08-05,XLF,12353.26318838998
2021-08-06,XLF,12602.923110648822
2021-08-09,XLF,12636.212854391608
2021-08-10,XLF,12769.362135606509
2021-08-11,XLF,12915.833407536727
2021-08-12,XLF,12939.13165824302
2021-08-13,XLF,12842.595694338139
2021-08-16,XLF,12809.307335417674
2021-08-17,XLF,12719.430982048132
2021-08-18,XLF,12562.97791083766
2021-08-19,XLF,12469.769674966969
2021-08-20,XLF,12546.333731377428
2021-08-23,XLF,12649.526536173013
2021-08-24,XLF,12726.091977405793
2021-08-25,XLF,12875.885438080924
2021-08-26,XLF,12812.639217918826
2021-08-27,XLF,12982.40874055534
2021-08-30,XLF,12799.319996848146
2021-08-31,XLF,12782.678587032553
2021-09-01,XLF,12709.445028300923
2021-09-02,XLF,12752.71795614628
2021-09-03,XLF,12672.82755652395
2021-09-07,XLF,12596.264884935808
2021-09-08,XLF,12566.302869227215
2021-09-09,XLF,12602.92311064883
2021-09-10,XLF,12509.714874778138
2021-09-13,XLF,12652.854264207208
2021-09-14,XLF,12483.086126393015
2021-09-15,XLF,12602.923110648831
2021-09-16,XLF,12566.302869227216
2021-09-17,XLF,12509.71487477814
2021-09-20,XLF,12219.519818399947
2021-09-21,XLF,12202.805013001409
2021-09-22,XLF,12406.746411198345
2021-09-23,XLF,12710.978026608815
2021-09-24,XLF,12777.840017847597
2021-09-27,XLF,12951.690611860207
2021-09-28,XLF,12737.72448489111
2021-09-29,XLF,12747.753368130232
2021-09-30,XLF,12547.156315835326
2021-10-01,XLF,12754.440675111966
2021-10-04,XLF,12644.114650547712
2021-10-05,XLF,12891.511773136199
2021-10-06,XLF,12904.882232632708
2021-10-07,XLF,12981.778646399893
2021-10-08,XLF,13045.304600670566
2021-10-11,XLF,12914.912500694149
2021-10-12,XLF,12874.796967737662
2021-10-13,XLF,12801.244899872507
2021-10-14,XLF,13015.211026841604
2021-10-15,XLF,13209.116617687818
2021-10-18,XLF,13212.459578767526
2021-10-19,XLF,13342.848909099304
2021-10-20,XLF,13449.830587761535
2021-10-21,XLF,13392.997479761874
2021-10-22,XLF,13580.215763626353
2021-10-25,XLF,13563.500958227816
2021-10-26,XLF,13573.53261111158
2021-10-27,XLF,13349.534831258723
2021-10-28,XLF,13513.355157209891
2021-10-29,XLF,13459.860855822979
2021-11-01,XLF,13466.548162804713
2021-11-02,XLF,13499.983312891063
2021-11-03,XLF,13550.127729086671
2021-11-04,XLF,13372.935558816675
2021-11-05,XLF,13379.622865798408
2021-11-08,XLF,13453.174933663566
2021-11-09,XLF,13379.622865798408
2021-11-10,XLF,13356.222138240459
2021-11-11,XLF,13392.99747976188
2021-11-12,XLF,13423.088283946203
2021-11-15,XLF,13423.088283946203
2021-11-16,XLF,13409.712285160416
2021-11-17,XLF,13255.926381737647
2021-11-18,XLF,13189.058851209586
2021-11-19,XLF,13045.304600670577
2021-11-22,XLF,13229.177153810711
2021-11-23,XLF,13436.460128265033
2021-11-24,XLF,13406.37070890303
2021-11-26,XLF,12961.72503438862
2021-11-29,XLF,13001.837797700466
2021-11-30,XLF,12690.920260130582
2021-12-01,XLF,12550.500661737362
2021-12-02,XLF,12924.945538400241
2021-12-03,XLF,12714.318218043893
2021-12-06,XLF,12908.226578534744
2021-12-07,XLF,13138.911665369336
2021-12-08,XLF,13068.705328228527
2021-12-09,XLF,13041.95748512391
2021-12-10,XLF,13055.32932944274
2021-12-13,XLF,12914.91250069416
2021-12-14,XLF,12991.807529639025
2021-12-15,XLF,13028.584255982765
2021-12-16,XLF,13192.400427466975
2021-12-17,XLF,12901.540656375335
2021-12-20,XLF,12650.943209406067
2021-12-21,XLF,12912.965440512693
2021-12-22,XLF,12973.426782989916
2021-12-23,XLF,13040.616977118465
2021-12-27,XLF,13174.982132330042
2021-12-28,XLF,13181.70821433673
2021-12-29,XLF,13164.906165132054
2021-12-30,XLF,13141.39188214389
2021-12-31,XLF,13117.877599155725
2022-01-03,XLF,13279.12215559229
2022-01-04,XLF,13628.480975934168
2022-01-05,XLF,13470.597383267466
2022-01-06,XLF,13668.793153660048
2022-01-07,XLF,13830.037710096612
2022-01-10,XLF,13783.009144120284
2022-01-11,XLF,13903.940138008647
2022-01-12,XLF,13914.017490028958
2022-01-13,XLF,13860.271150979865
2022-01-14,XLF,13715.825874103335
2022-01-18,XLF,13410.133271145603
2022-01-19,XLF,13185.065023639632
2022-01-20,XLF,13101.083858884967
2022-01-21,XLF,12832.341085060934
2022-01-24,XLF,12869.29368383927
2022-01-25,XLF,12923.041407710687
2022-01-26,XLF,12956.630273074523
2022-01-27,XLF,12839.061627778341
2022-01-28,XLF,13007.019802820714
2022-01-31,XLF,13121.23717810327
2022-02-01,XLF,13302.637823402776
2022-02-02,XLF,13393.33537640789
2022-02-03,XLF,13245.531905406138
2022-02-04,XLF,13470.597383267468
2022-02-07,XLF,13510.910945815669
2022-02-08,XLF,13699.0265945433
2022-02-09,XLF,13786.36595342319
2022-02-10,XLF,13665.434959534825
2022-02-11,XLF,13473.959731859648
2022-02-14,XLF,13322.789757798755
2022-02-15,XLF,13504.193172742898
2022-02-16,XLF,13514.267755118568
2022-02-17,XLF,13178.345865744543
2022-02-18,XLF,13174.98213233004
2022-02-22,XLF,13107.801631957731
2022-02-23,XLF,12879.369651037261
2022-02-24,XLF,12724.847022140422
2022-02-25,XLF,13134.671339426483
2022-02-28,XLF,12939.835147981445
2022-03-01,XLF,12462.822021389156
2022-03-02,XLF,12785.312519084606
2022-03-03,XLF,12744.998956536407
2022-03-04,XLF,12506.491008417943
2022-03-07,XLF,12049.636740333237
2022-03-08,XLF,11979.089736901784
2022-03-09,XLF,12419.154419182694
2022-03-10,XLF,12315.013011098128
2022-03-11,XLF,12227.675037040559
2022-03-14,XLF,12382.201820404354
2022-03-15,XLF,12556.884692631094
2022-03-16,XLF,12909.604476742834
2022-03-17,XLF,13070.8490331794
2022-03-18,XLF,13101.08385888497
2022-03-21,XLF,13088.26871313865
2022-03-22,XLF,13300.726768601617
2022-03-23,XLF,13054.541365542847
2022-03-24,XLF,13159.085756922439
2022-03-25,XLF,13327.703107388981
2022-03-28,XLF,13290.609256734038
2022-03-29,XLF,13320.960407514462
2022-03-30,XLF,13226.532143180131
2022-03-31,XLF,12923.019250553576
2022-04-01,XLF,12889.293287780092
2022-04-04,XLF,12831.963028567665
2022-04-05,XLF,12751.027088093975
2022-04-06,XLF,12663.344293278804
2022-04-07,XLF,12649.851969418165
2022-04-08,XLF,12778.006196525977
2022-04-11,XLF,12720.67593731355
2022-04-12,XLF,12582.408352805114
2022-04-13,XLF,12582.408352805114
2022-04-14,XLF,12440.767341125938
2022-04-18,XLF,12514.959196902786
2022-04-19,XLF,12686.949974540066
2022-04-20,XLF,12774.634154177555
2022-04-21,XLF,12572.290840937532
2022-04-22,XLF,12197.95259559327
2022-04-25,XLF,12218.19177379539
2022-04-26,XLF,11911.298529886495
2022-04-27,XLF,11901.183787663555
2022-04-28,XLF,12052.94231121031
2022-04-29,XLF,11638.139557685
2022-05-02,XLF,11641.507445566462
2022-05-03,XLF,11793.26735393554
2022-05-04,XLF,12154.11466024148
2022-05-05,XLF,11800.011438632378
2022-05-06,XLF,11715.702070987947
2022-05-09,XLF,11435.791397566856
2022-05-10,XLF,11334.621818180323
2022-05-11,XLF,11230.076041978411
2022-05-12,XLF,11145.768059156302
2022-05-13,XLF,11307.63994010368
2022-05-16,XLF,11213.214445413989
2022-05-17,XLF,11513.358757747923
2022-05-18,XLF,11196.352848849567
2022-05-19,XLF,11122.1596082504
2022-05-20,XLF,11101.924584515236
2022-05-23,XLF,11462.773275643496
2022-05-24,XLF,11439.164132326434
2022-05-25,XLF,11530.219661901183
2022-05-26,XLF,11796.639396283952
2022-05-27,XLF,11995.607897530916
2022-05-31,XLF,11961.886089224392
2022-06-01,XLF,11769.658903029629
2022-06-02,XLF,11931.534938443967
2022-06-03,XLF,11759.541391162047
2022-06-06,XLF,11793.267353935533
2022-06-07,XLF,11884.322191099123
2022-06-08,XLF,11675.22925387298
2022-06-09,XLF,11381.834565525167
2022-06-10,XLF,10970.401777114797
2022-06-13,XLF,10643.279048760021
2022-06-14,XLF,10552.22698124107
2022-06-15,XLF,10670.259542014344
2022-06-16,XLF,10400.465688049673
2022-06-17,XLF,10430.818916063577
2022-06-21,XLF,10638.988176802495
2022-06-22,XLF,10615.254399476662
2022-06-23,XLF,10574.571089369107
2022-06-24,XLF,10964.462274185693
2022-06-27,XLF,10927.167624294394
2022-06-28,XLF,10818.677181714873
2022-06-29,XLF,10757.650139320061
2022-06-30,XLF,10662.719876894846
2022-07-01,XLF,10808.504969365664
2022-07-05,XLF,10771.213089119005
2022-07-06,XLF,10744.090651576915
2022-07-07,XLF,10900.04726398578
2022-07-08,XLF,10876.313486659945
2022-07-11,XLF,10788.163314311883
2022-07-12,XLF,10720.355489428759
2022-07-13,XLF,10625.425919414703
2022-07-14,XLF,10422.003137176489
2022-07-15,XLF,10774.603826568737
2022-07-18,XLF,10733.917054405381
2022-07-19,XLF,11056.003876394645
2022-07-20,XLF,11096.68926373568
2022-07-21,XLF,11167.886441246223
2022-07-22,XLF,11103.466584168193
2022-07-25,XLF,11174.667223734534
2022-07-26,XLF,11018.709918914506
2022-07-27,XLF,11188.226019066518
2022-07-28,XLF,11269.594716515108
2022-07-29,XLF,11428.94483601835
2022-08-01,XLF,11334.013188770818
2022-08-02,XLF,11208.572520998416
2022-08-03,XLF,11378.088621150428
2022-08-04,XLF,11340.797433314929
2022-08-05,XLF,11422.166823174677
2022-08-08,XLF,11415.380501397085
2022-08-09,XLF,11473.018883575642
2022-08-10,XLF,11730.688618131513
2022-08-11,XLF,11869.694312936339
2022-08-12,XLF,12056.16617757051
2022-08-15,XLF,12052.773362887294
2022-08-16,XLF,12140.924227646517
2022-08-17,XLF,12079.895108018225
2022-08-18,XLF,12093.453903350211
2022-08-19,XLF,11852.741318098819
2022-08-22,XLF,11591.682923326687
2022-08-23,XLF,11544.21606108618
2022-08-24,XLF,11605.243795892153
2022-08-25,XLF,11784.932108393374
2022-08-26,XLF,11432.334188645766
2022-08-29,XLF,11350.965491197176
2022-08-30,XLF,11289.937063980044
2022-08-31,XLF,11205.181091137518
2022-09-01,XLF,11239.08223393444
2022-09-02,XLF,11150.932061586376
2022-09-06,XLF,11123.811008866604
2022-09-07,XLF,11344.1840162977
2022-09-08,XLF,11544.216061086177
2022-09-09,XLF,11649.320613094082
2022-09-12,XLF,11744.250183108135
2022-09-13,XLF,11306.890058817562
2022-09-14,XLF,11272.98753119832
2022-09-15,XLF,11310.2807962673
2022-09-16,XLF,11208.572520998412
2022-09-19,XLF,11335.693670655744
2022-09-20,XLF,11168.694485069751
2022-09-21,XLF,10936.936853348567
2022-09-22,XLF,10752.893274651953
2022-09-23,XLF,10582.481886870268
2022-09-26,XLF,10415.481316461954
2022-09-27,XLF,10371.173926343798
2022-09-28,XLF,10575.665791412803
2022-09-29,XLF,10442.74569829181
2022-09-30,XLF,10347.316207420352
2022-10-03,XLF,10626.789276988424
2022-10-04,XLF,11022.140816211508
2022-10-05,XLF,10936.936853348565
2022-10-06,XLF,10783.5663966217
2022-10-07,XLF,10527.949661154751
2022-10-10,XLF,10480.236992952503
2022-10-11,XLF,10347.316207420352
2022-10-12,XLF,10323.459180908068
2022-10-13,XLF,10749.485226923221
2022-10-14,XLF,10568.8503883665
2022-10-17,XLF,10834.691267019643
2022-10-18,XLF,11008.50793288542
2022-10-19,XLF,10827.874479151018
2022-10-20,XLF,10654.05435122944
2022-10-21,XLF,10971.018715458205
2022-10-24,XLF,11117.571691905287
2022-10-25,XLF,11250.491092615119
2022-10-26,XLF,11277.756859267294
2022-10-27,XLF,11369.776917587702
2022-10-28,XLF,11652.659419706826
2022-10-31,XLF,11581.084878114172
2022-11-01,XLF,11611.75869249508
2022-11-02,XLF,11465.2091781038
2022-11-03,XLF,11349.328631215307
2022-11-04,XLF,11557.229928835366
2022-11-07,XLF,11673.109090901538
2022-11-08,XLF,11741.27558476546
2022-11-09,XLF,11543.599122742758
2022-11-10,XLF,12126.401595980027
2022-11-11,XLF,12225.237749757898
2022-11-14,XLF,12051.419006658642
2022-11-15,XLF,12078.68200366618
2022-11-16,XLF,12020.749346744693
2022-11-17,XLF,11955.990900609504
2022-11-18,XLF,12054.828439209696
2022-11-21,XLF,12092.318349048068
2022-11-22,XLF,12215.014991394024
2022-11-23,XLF,12266.137092147324
2022-11-25,XLF,12307.033664892111
2022-11-28,XLF,12095.72778159912
2022-11-29,XLF,12167.298168724816
2022-11-30,XLF,12375.198773933715
2022-12-01,XLF,12303.627001985702
2022-12-02,XLF,12245.688805774937
2022-12-05,XLF,11942.357324872259
2022-12-06,XLF,11836.702305992283
2022-12-07,XLF,11788.988252967714
2022-12-08,XLF,11799.209626509271
2022-12-09,XLF,11768.537196950681
2022-12-12,XLF,11925.317086228597
2022-12-13,XLF,11955.990900609506
2022-12-14,XLF,11806.027106789054
2022-12-15,XLF,11574.271552301352
2022-12-16,XLF,11485.656079653876
2022-12-19,XLF,11454.79185220401
2022-12-20,XLF,11502.805026849634
2022-12-21,XLF,11681.143830000326
2022-12-22,XLF,11578.25637852623
2022-12-23,XLF,11643.418500367608
2022-12-27,XLF,11639.988295481762
2022-12-28,XLF,11598.835530607836
2022-12-29,XLF,11760.023309329294
2022-12-30,XLF,11729.15561982363
2023-01-03,XLF,11770.312539164515
2023-01-04,XLF,11958.937802505792
2023-01-05,XLF,11869.767708519286
2023-01-06,XLF,12133.846400770639
2023-01-09,XLF,12089.260661366226
2023-01-10,XLF,12157.855065326929
2023-01-11,XLF,12271.029669402764
2023-01-12,XLF,12295.038333959053
2023-01-13,XLF,12387.637248009087
2023-01-17,XLF,12305.327563794275
2023-01-18,XLF,12075.545381112117
2023-01-19,XLF,11934.933292416463
2023-01-20,XLF,12123.558555757738
2023-01-23,XLF,12264.170644453394
2023-01-24,XLF,12271.029669402766
2023-01-25,XLF,12367.057403516328
2023-01-26,XLF,12432.220217768863
2023-01-27,XLF,12432.220217768863
2023-01-30,XLF,12370.486223579856
2023-01-31,XLF,12538.537181717647
2023-02-01,XLF,12538.537181717647
2023-02-02,XLF,12572.83369128684
2023-02-03,XLF,12548.82641155287
2023-02-06,XLF,12545.397591489342
2023-02-07,XLF,12689.438500248525
2023-02-08,XLF,12613.986456160766
2023-02-09,XLF,12473.377137109752
2023-02-10,XLF,12514.534056450639
2023-02-13,XLF,12658.57219556518
2023-02-14,XLF,12589.981946071437
2023-02-15,XLF,12603.697226325545
2023-02-16,XLF,12476.8073419956
2023-02-17,XLF,12480.232007592167
2023-02-21,XLF,12223.015109934828
2023-02-22,XLF,12209.2984448584
2023-02-23,XLF,12219.5862898713
2023-02-24,XLF,12229.876904528843
2023-02-27,XLF,12226.445314820676
2023-02-28,XLF,12250.451209732328
2023-03-01,XLF,12209.298444858401
2023-03-02,XLF,12150.994655555238
2023-03-03,XLF,12343.051508604678
2023-03-06,XLF,12353.3407384399
2023-03-07,XLF,12034.388461771236
2023-03-08,XLF,11989.80687683378
2023-03-09,XLF,11502.805026849643
2023-03-10,XLF,11293.601303837926
2023-03-13,XLF,10847.755680783514
2023-03-14,XLF,11067.249326041612
2023-03-15,XLF,10772.305021518076
2023-03-16,XLF,10978.079232055106
2023-03-17,XLF,10624.83321546189
2023-03-20,XLF,10743.05203483716
2023-03-21,XLF,11015.333029687974
2023-03-22,XLF,10760.283378960936
2023-03-23,XLF,10687.905640422869
2023-03-24,XLF,10681.012687326662
2023-03-27,XLF,10829.2163719788
2023-03-28,XLF,10825.769549225117
2023-03-29,XLF,10984.313702138305
2023-03-30,XLF,10960.186635273682
2023-03-31,XLF,11080.819892363314
2023-04-03,XLF,11101.496674418451
2023-04-04,XLF,10998.098915919554
2023-04-05,XLF,10984.313702138303
2023-04-06,XLF,11025.67280553786
2023-04-10,XLF,11049.799872402482
2023-04-11,XLF,11146.302600571691
2023-04-12,XLF,11122.178303351708
2023-04-13,XLF,11222.128546685763
2023-04-14,XLF,11332.422027925508
2023-04-17,XLF,11463.386751931113
2023-04-18,XLF,11497.856364290265
2023-04-19,XLF,11525.429561497409
2023-04-20,XLF,11490.965488427535
2023-04-21,XLF,11449.605000205656
2023-04-24,XLF,11422.031110587352
2023-04-25,XLF,11225.573984617127
2023-04-26,XLF,11118.730788186867
2023-04-27,XLF,11297.953800388676
2023-04-28,XLF,11432.368809203763
2023-05-01,XLF,11401.354328532214
2023-05-02,XLF,11142.855777818013
2023-05-03,XLF,11015.333029687972
2023-05-04,XLF,10874.02229813204
2023-05-05,XLF,11142.855777818011
2023-05-08,XLF,11160.090583997586
2023-05-09,XLF,11118.730788186867
2023-05-10,XLF,11056.69144067637
2023-05-11,XLF,11039.459404141431
2023-05-12,XLF,10994.652785577031
2023-05-15,XLF,11084.264637883514
2023-05-16,XLF,10980.867571795776
2023-05-17,XLF,11201.450379808304
2023-05-18,XLF,11284.167894196262
2023-05-19,XLF,11235.914452878178
2023-05-22,XLF,11256.595389400274
2023-05-23,XLF,11125.62374128307
2023-05-24,XLF,10980.867571795774
2023-05-25,XLF,10977.419364219772
2023-05-26,XLF,11067.031216526255
2023-05-30,XLF,11063.585086183732
2023-05-31,XLF,10946.402113903581
2023-06-01,XLF,11063.585086183733
2023-06-02,XLF,11304.846061073718
2023-06-05,XLF,11246.256305961544
2023-06-06,XLF,11387.564267872836
2023-06-07,XLF,11432.368809203757
2023-06-08,XLF,11422.031110587348
2023-06-09,XLF,11425.47793334103
2023-06-12,XLF,11422.031110587348
2023-06-13,XLF,11490.965488427533
2023-06-14,XLF,11446.15748504081
2023-06-15,XLF,11597.805915213154
2023-06-16,XLF,11573.683695226651
2023-06-20,XLF,11487.12953060202
2023-06-21,XLF,11473.282692227542
2023-06-22,XLF,11383.26924144835
2023-06-23,XLF,11334.799075437237
2023-06-26,XLF,11310.56330002052
2023-06-27,XLF,11400.57882803319
2023-06-28,XLF,11372.880996817272
2023-06-29,XLF,11570.218869782813
2023-06-30,XLF,11670.619180370764
2023-07-03,XLF,11736.398240555558
2023-07-05,XLF,11712.165234783482
2023-07-06,XLF,11611.762846962052
2023-07-07,XLF,11629.07866524733
2023-07-10,XLF,11681.005347768365
2023-07-11,XLF,11819.487579736351
2023-07-12,XLF,11895.655576963385
2023-07-13,XLF,11937.19886173146
2023-07-14,XLF,11857.572963172188
2023-07-17,XLF,11971.819419723455
2023-07-18,XLF,12106.839595892243
2023-07-19,XLF,12158.770432880237
2023-07-20,XLF,12248.785268481748
2023-07-21,XLF,12207.239214069032
2023-07-24,XLF,12324.95188088646
2023-07-25,XLF,12245.321827860227
2023-07-26,XLF,12318.026384465738
2023-07-27,XLF,12162.232488679434
2023-07-28,XLF,12186.465494451513
2023-07-31,XLF,12231.473604663428
2023-08-01,XLF,12231.473604663428
2023-08-02,XLF,12127.613315509758
2023-08-03,XLF,12134.537427108158
2023-08-04,XLF,12086.067261097045
2023-08-07,XLF,12255.710764902467
2023-08-08,XLF,12144.924979328078
2023-08-09,XLF,12054.910143726567
2023-08-10,XLF,12065.293541479527
2023-08-11,XLF,12089.529316896243
2023-08-14,XLF,12065.293541479527
2023-08-15,XLF,11843.72197033075
2023-08-16,XLF,11826.41030651243
2023-08-17,XLF,11767.559512392998
2023-08-18,XLF,11764.094686949158
2023-08-21,XLF,11750.246463752359
2023-08-22,XLF,11639.459293355649
2023-08-23,XLF,11753.712674018518
2023-08-24,XLF,11712.165234783482
2023-08-25,XLF,11767.559512392996
2023-08-28,XLF,11833.335802933148
2023-08-29,XLF,11940.662302352977
2023-08-30,XLF,11947.585029129057
2023-08-31,XLF,11902.57968856178
2023-09-01,XLF,12009.90203351465
2023-09-05,XLF,11888.731465364981
2023-09-06,XLF,11881.807353766582
2023-09-07,XLF,11850.647466751465
2023-09-08,XLF,11874.879087701222
2023-09-11,XLF,11930.273365310735
2023-09-12,XLF,12009.902033514647
2023-09-13,XLF,12009.902033514647
2023-09-14,XLF,12120.686434266716
2023-09-15,XLF,12058.372199525762
2023-09-18,XLF,12091.409905606364
2023-09-19,XLF,12077.49798058286
2023-09-20,XLF,11994.036124198075
2023-09-21,XLF,11795.815427003738
2023-09-22,XLF,11705.40176257416
2023-09-25,XLF,11733.221458154207
2023-09-26,XLF,11576.732381563424
2023-09-27,XLF,11559.343167695204
2023-09-28,XLF,11642.80363925767
2023-09-29,XLF,11535.000760959872
2023-10-02,XLF,11437.629749196223
2023-10-03,XLF,11256.797573458947
2023-10-04,XLF,11340.258045021414
2023-10-05,XLF,11392.420839747954
2023-10-06,XLF,11489.793928745084
2023-10-09,XLF,11496.751276079156
2023-10-10,XLF,11580.208285585823
2023-10-11,XLF,11597.598884276362
2023-10-12,XLF,11524.568202014565
2023-10-13,XLF,11548.911301161057
2023-10-16,XLF,11670.62610448236
2023-10-17,XLF,11726.266880464775
2023-10-18,XLF,11524.568202014565
2023-10-19,XLF,11371.558491501977
2023-10-20,XLF,11197.679508631812
2023-10-23,XLF,11128.12957727053
2023-10-24,XLF,11204.635471143565
2023-10-25,XLF,11162.903850540011
2023-10-26,XLF,11138.563521038159
2023-10-27,XLF,10936.864842587946
2023-10-30,XLF,11131.606866115248
2023-10-31,XLF,11253.32166943655
2023-11-01,XLF,11326.348197231388
2023-11-02,XLF,11594.120210609326
2023-11-03,XLF,11747.129228710754
2023-11-06,XLF,11712.356340263592
2023-11-07,XLF,11694.967126395373
2023-11-08,XLF,11708.876281774237
2023-11-09,XLF,11660.19285312589
2023-11-10,XLF,11792.338138159022
2023-11-13,XLF,11774.950309113121
2023-11-14,XLF,11997.516182687428
2023-11-15,XLF,12063.587440381676
2023-11-16,XLF,12112.272253852341
2023-11-17,XLF,12174.86899234651
2023-11-20,XLF,12223.555190639494
2023-11-21,XLF,12216.597843305424
2023-11-22,XLF,12265.284041598408
2023-11-24,XLF,12303.536988534925
2023-11-27,XLF,12261.805367931373
2023-11-28,XLF,12258.328079086657
2023-11-29,XLF,12345.2699939608
2023-11-30,XLF,12484.372626328002
2023-12-01,XLF,12578.263579602295
2023-12-04,XLF,12564.354424223431
2023-12-05,XLF,12501.760455373902
2023-12-06,XLF,12439.162332057414
2023-12-07,XLF,12498.281781706868
2023-12-08,XLF,12564.354424223431
2023-12-11,XLF,12640.858933274147
2023-12-12,XLF,12731.273982526043
2023-12-13,XLF,12936.450642232132
2023-12-14,XLF,13065.120023242867
2023-12-15,XLF,12988.612744547512
2023-12-18,XLF,13031.947989397255
2023-12-19,XLF,13129.803688972792
2023-12-20,XLF,12895.653776694362
2023-12-21,XLF,13021.463499614958
2023-12-22,XLF,13049.424447071617
2023-12-26,XLF,13101.844126338457
2023-12-27,XLF,13143.779315823003
2023-12-28,XLF,13182.223368239635
2023-12-29,XLF,13140.28679393277
2024-01-02,XLF,13196.198995089842
2024-01-03,XLF,13084.369053486416
2024-01-04,XLF,13136.792887220217
2024-01-05,XLF,13192.707858021933
2024-01-08,XLF,13276.582391457983
2024-01-09,XLF,13192.707858021933
2024-01-10,XLF,13213.676837586523
2024-01-11,XLF,13164.749680209916
2024-01-12,XLF,13140.286793932772
2024-01-16,XLF,13049.424447071617
2024-01-17,XLF,13024.960175972152
2024-01-18,XLF,13045.927770714423
2024-01-19,XLF,13255.612027071069
2024-01-22,XLF,13318.520350587167
2024-01-23,XLF,13339.487945329438
2024-01-24,XLF,13391.90623977396
2024-01-25,XLF,13458.308470002612
2024-01-26,XLF,13507.238397023859
2024-01-29,XLF,13542.180233794023
2024-01-30,XLF,13713.425977023317
2024-01-31,XLF,13545.675525328897
2024-02-01,XLF,13566.645889715812
2024-02-02,XLF,13622.560860517526
2024-02-05,XLF,13542.180233794028
2024-02-06,XLF,13570.141181250685
2024-02-07,XLF,13671.48663307182
2024-02-08,XLF,13619.068338627296
2024-02-09,XLF,13657.51100622161
2024-02-12,XLF,13720.416560093066
2024-02-13,XLF,13535.192420368927
2024-02-14,XLF,13664.500204469034
2024-02-15,XLF,13898.648731925146
2024-02-16,XLF,13849.72157454854
2024-02-20,XLF,13811.278906954225
2024-02-21,XLF,13853.21548126109
2024-02-22,XLF,14013.976734708085
2024-02-23,XLF,14083.872871649288
2024-02-26,XLF,14013.976734708087
2024-02-27,XLF,14052.416632657763
2024-02-28,XLF,14104.837696746927
2024-02-29,XLF,14097.84988332182
2024-03-01,XLF,14080.377580114418
2024-03-04,XLF,14115.32357135154
2024-03-05,XLF,14118.820247708734
2024-03-06,XLF,14192.20613689553
2024-03-07,XLF,14171.239926975577
2024-03-08,XLF,14195.702813252721
2024-03-11,XLF,14220.167084352186
2024-03-12,XLF,14279.578731511092
2024-03-13,XLF,14384.419474867094
2024-03-14,XLF,14269.092856906476
2024-03-15,XLF,14255.114460411627
2024-03-18,XLF,14336.845288896813
2024-03-19,XLF,14407.007311723391
2024-03-20,XLF,14578.894227686696
2024-03-21,XLF,14698.163434791444
2024-03-22,XLF,14529.782888941569
2024-03-25,XLF,14473.656040324944
2024-03-26,XLF,14522.76737907007
2024-03-27,XLF,14694.655679855696
2024-03-28,XLF,14775.338197844885
2024-04-01,XLF,14694.655679855698
2024-04-02,XLF,14617.479531979938
2024-04-03,XLF,14610.466791753079
2024-04-04,XLF,14445.594000838953
2024-04-05,XLF,14582.400597800124
2024-04-08,XLF,14645.544341110568
2024-04-09,XLF,14561.355453007951
2024-04-10,XLF,14343.86356841295
2024-04-11,XLF,14242.133135986945
2024-04-12,XLF,14052.708830167216
2024-04-15,XLF,13982.552346629913
2024-04-16,XLF,13887.833269608449
2024-04-17,XLF,13922.91358861058
2024-04-18,XLF,13972.024927355704
2024-04-19,XLF,14164.96114257814
2024-04-22,XLF,14336.845288896806
2024-04-23,XLF,14428.052456515561
2024-04-24,XLF,14424.546086402132
2024-04-25,XLF,14340.355813477194
2024-04-26,XLF,14319.3092838627
2024-04-29,XLF,14298.261369425887
2024-04-30,XLF,14157.942863062006
2024-05-01,XLF,14157.942863062006
2024-05-02,XLF,14193.024566886454
2024-05-03,XLF,14224.594361308196
2024-05-06,XLF,14407.007311723386
2024-05-07,XLF,14456.118650468512
2024-05-08,XLF,14508.736359327067
2024-05-09,XLF,14617.479531979929
2024-05-10,XLF,14673.609150241193
2024-05-13,XLF,14613.97593151114
2024-05-14,XLF,14687.636015517233
2024-05-15,XLF,14796.384727459374
2024-05-16,XLF,14796.384727459374
2024-05-17,XLF,14905.129284934554
2024-05-20,XLF,14701.669804904868
2024-05-21,XLF,14796.384727459374
2024-05-22,XLF,14712.194454534436
2024-05-23,XLF,14508.736359327067
2024-05-24,XLF,14596.433002365435
2024-05-28,XLF,14435.069351209377
2024-05-29,XLF,14319.309283862698
2024-05-30,XLF,14396.481277271496
2024-05-31,XLF,14606.95626717268
2024-06-03,XLF,14515.754638843204
2024-06-04,XLF,14449.098986130051
2024-06-05,XLF,14491.196199826
2024-06-06,XLF,14484.182074776822
2024-06-07,XLF,14550.829418556055
2024-06-10,XLF,14494.70395476175
2024-06-11,XLF,14329.832548669943
2024-06-12,XLF,14315.800144104627
2024-06-13,XLF,14305.27687929738
2024-06-14,XLF,14259.671910665682
2024-06-17,XLF,14385.958012464245
2024-06-18,XLF,14477.163795260683
2024-06-20,XLF,14554.338558314124
2024-06-21,XLF,14498.2117096975
2024-06-24,XLF,14647.18535555938
2024-06-25,XLF,14538.007348698138
2024-06-26,XLF,14446.440127276268
2024-06-27,XLF,14428.832111481537
2024-06-28,XLF,14478.13732535142
2024-07-01,XLF,14509.833138604252
2024-07-02,XLF,14678.87978398989
2024-07-03,XLF,14633.097558101274
2024-07-05,XLF,14629.575954942327
2024-07-08,XLF,14590.8369353716
2024-07-09,XLF,14703.532390924827
2024-07-10,XLF,14759.882195934919
2024-07-11,XLF,14876.099254647093
2024-07-12,XLF,14925.407238161615
2024-07-15,XLF,15143.75771259482
2024-07-16,XLF,15316.327345961727
2024-07-17,XLF,15432.54717431854
2024-07-18,XLF,15245.88974349353
2024-07-19,XLF,15090.930895565993
2024-07-22,XLF,15175.45768031461
2024-07-23,XLF,15203.629120763857
2024-07-24,XLF,14995.843455807491
2024-07-25,XLF,15052.193260817585
2024-07-26,XLF,15288.153135867837
2024-07-29,XLF,15267.022132091843
2024-07-30,XLF,15443.111983795374
2024-07-31,XLF,15404.37157940233
2024-08-01,XLF,15186.021104969128
2024-08-02,XLF,14812.709012963747
2024-08-05,XLF,14383.047115948275
2024-08-06,XLF,14615.48815748422
2024-08-07,XLF,14633.097558101266
2024-08-08,XLF,14869.058817973839
2024-08-09,XLF,14932.450444479506
2024-08-12,XLF,14854.971020515737
2024-08-13,XLF,14978.232670368123
2024-08-14,XLF,15161.368498034186
2024-08-15,XLF,15302.2381636813
2024-08-16,XLF,15414.937773701487
2024-08-19,XLF,15499.460403983147
2024-08-20,XLF,15450.156574935585
2024-08-21,XLF,15425.502583178324
2024-08-22,XLF,15513.545431796609
2024-08-23,XLF,15647.376045592791
2024-08-26,XLF,15696.682644284992
2024-08-27,XLF,15777.683671407705
2024-08-28,XLF,15816.424075800747
2024-08-29,XLF,15957.295126270183
2024-08-30,XLF,16108.733755861093
2024-09-03,XLF,15988.992324345334
2024-09-04,XLF,16006.598955317744
2024-09-05,XLF,15830.510488436532
2024-09-06,XLF,15598.070831722905
2024-09-09,XLF,15830.510488436528
2024-09-10,XLF,15668.509819013421
2024-09-11,XLF,15594.550613386278
2024-09-12,XLF,15629.768029798055
2024-09-13,XLF,15675.550255686672
2024-09-16,XLF,15879.814317484093
2024-09-17,XLF,15964.342487055032
2024-09-18,XLF,15915.031733895872
2024-09-19,XLF,16091.124355244045
2024-09-20,XLF,16080.558160944887
2024-09-23,XLF,16061.116640398901
2024-09-24,XLF,15926.805493257789
2024-09-25,XLF,15831.370463097051
2024-09-26,XLF,15912.666457373858
2024-09-27,XLF,15958.616246763155
2024-09-30,XLF,16018.703687214063
2024-10-01,XLF,15933.875011199754
2024-10-02,XLF,15951.54672882119
2024-10-03,XLF,15866.71666798456
2024-10-04,XLF,16135.344501556061
2024-10-07,XLF,15937.40907775958
2024-10-08,XLF,16029.307271715854
2024-10-09,XLF,16177.758839563214
2024-10-10,XLF,16128.274983614096
2024-10-11,XLF,16439.31577037043
2024-10-14,XLF,16541.820318473136
2024-10-15,XLF,16577.169293005285
2024-10-16,XLF,16782.17146509909
2024-10-17,XLF,16828.12125448839
2024-10-18,XLF,16831.656705870533
2024-10-21,XLF,16697.341404262464
2024-10-22,XLF,16665.5306507571
2024-10-23,XLF,16651.391614873166
2024-10-24,XLF,16665.5306507571
2024-10-25,XLF,16481.732878022227
2024-10-28,XLF,16686.739204582995
2024-10-29,XLF,16584.23604130261
2024-10-30,XLF,16658.46113281513
2024-10-31,XLF,16428.71357069096
2024-11-01,XLF,16485.26694458205
2024-11-04,XLF,16358.022545738266
2024-11-05,XLF,16510.00818014545
2024-11-06,XLF,17513.828489478754
2024-11-07,XLF,17231.061620023323
2024-11-08,XLF,17386.585475457287
2024-11-11,XLF,17634.003370380575
2024-11-12,XLF,17580.98544787163
2024-11-13,XLF,17591.590417195737
2024-11-14,XLF,17545.64062780644
2024-11-15,XLF,17626.935237260925
2024-11-18,XLF,17679.95454459219
2024-11-19,XLF,17563.312345427876
2024-11-20,XLF,17510.294422918934
2024-11-21,XLF,17732.97108227882
2024-11-22,XLF,17930.909275719943
2024-11-25,XLF,18047.550090061937
2024-11-26,XLF,18082.897679771766
2024-11-27,XLF,18118.241115014636
2024-11-29,XLF,18146.5191867825
2024-12-02,XLF,17966.255480607455
2024-12-03,XLF,17831.941563821703
2024-12-04,XLF,17764.78322060651
2024-12-05,XLF,17817.802527937776
2024-12-06,XLF,17814.269846200274
2024-12-09,XLF,17570.38324819217
2024-12-10,XLF,17566.849181632348
2024-12-11,XLF,17602.19400169754
2024-12-12,XLF,17524.432073980555
2024-12-13,XLF,17510.29442291894
2024-12-16,XLF,17478.483669413577
2024-12-17,XLF,17354.773337129613
2024-12-18,XLF,16835.190772430367
2024-12-19,XLF,16895.27821288128
2024-12-20,XLF,17146.23155918671
2024-12-23,XLF,17187.407866040066
2024-12-24,XLF,17389.740100701532
2024-12-26,XLF,17432.335850432562
2024-12-27,XLF,17304.548601239465
2024-12-30,XLF,17137.713517098353
2024-12-31,XLF,17155.462784769687
2020-01-03,XLV,9912.857114275323
2020-01-06,XLV,9974.544272071033
2020-01-07,XLV,9954.961218680417
2020-01-08,XLV,10019.583883567959
2020-01-09,XLV,10062.66510670809
2020-01-10,XLV,10065.60559486399
2020-01-13,XLV,10030.354604441662
2020-01-14,XLV,10091.061322792957
2020-01-15,XLV,10178.20669904967
2020-01-16,XLV,10231.079033796435
2020-01-17,XLV,10231.079033796435
2020-01-21,XLV,10241.848094315448
2020-01-22,XLV,10254.58052425533
2020-01-23,XLV,10202.6853082436
2020-01-24,XLV,10032.312992798457
2020-01-27,XLV,9955.939167592796
2020-01-28,XLV,10004.89804633535
2020-01-29,XLV,9977.48143951755
2020-01-30,XLV,9905.025221202826
2020-01-31,XLV,9707.237129117231
2020-02-03,XLV,9795.35962410898
2020-02-04,XLV,9967.689497733572
2020-02-05,XLV,10159.601594571435
2020-02-06,XLV,10168.412266733656
2020-02-07,XLV,10089.101274081471
2020-02-10,XLV,10142.955708627342
2020-02-11,XLV,10203.66159680129
2020-02-12,XLV,10216.391536209136
2020-02-13,XLV,10168.41226673365
2020-02-14,XLV,10176.245820160837
2020-02-18,XLV,10140.01854118082
2020-02-19,XLV,10187.017371211887
2020-02-20,XLV,10121.415927234619
2020-02-21,XLV,10127.291092305006
2020-02-24,XLV,9808.090393694167
2020-02-25,XLV,9510.430306653394
2020-02-26,XLV,9509.449037031634
2020-02-27,XLV,9186.331561707204
2020-02-28,XLV,9067.854462273792
2020-03-02,XLV,9492.803981264888
2020-03-03,XLV,9256.829391665133
2020-03-04,XLV,9790.464898483004
2020-03-05,XLV,9563.305131932193
2020-03-06,XLV,9512.38869501019
2020-03-09,XLV,9017.920125150891
2020-03-10,XLV,9327.328051800405
2020-03-11,XLV,8970.922125297167
2020-03-12,XLV,8301.18568418941
2020-03-13,XLV,8876.921144525651
2020-03-16,XLV,8001.5696993238735
2020-03-17,XLV,8503.868501900977
2020-03-18,XLV,8221.874691537225
2020-03-19,XLV,8053.463254980914
2020-03-20,XLV,7744.055328331399
2020-03-23,XLV,7341.837725400409
2020-03-24,XLV,7907.576190148463
2020-03-25,XLV,8012.853469796773
2020-03-26,XLV,8545.140768606407
2020-03-27,XLV,8362.137304857471
2020-03-30,XLV,8753.726977418091
2020-03-31,XLV,8715.353690001313
2020-04-01,XLV,8383.782518773001
2020-04-02,XLV,8615.982291985154
2020-04-03,XLV,8538.250296643115
2020-04-06,XLV,8985.925920452899
2020-04-07,XLV,8912.133946790109
2020-04-08,XLV,9279.127955151158
2020-04-09,XLV,9330.289294389931
2020-04-13,XLV,9248.62889985147
2020-04-14,XLV,9555.601916348172
2020-04-15,XLV,9506.407267239647
2020-04-16,XLV,9714.008055542849
2020-04-17,XLV,9915.709603632655
2020-04-20,XLV,9836.997168846197
2020-04-21,XLV,9537.893403402513
2020-04-22,XLV,9683.510660597847
2020-04-23,XLV,9736.640350321555
2020-04-24,XLV,9867.497884500579
2020-04-27,XLV,9994.422038419112
2020-04-28,XLV,9792.723811038684
2020-04-29,XLV,9857.658622607936
2020-04-30,XLV,9812.401504646625
2020-05-01,XLV,9625.457189041092
2020-05-04,XLV,9620.54087880415
2020-05-05,XLV,9829.125427261146
2020-05-06,XLV,9731.719059020545
2020-05-07,XLV,9730.737789398783
2020-05-08,XLV,9780.914538306415
2020-05-11,XLV,9949.162429925767
2020-05-12,XLV,9797.643441985007
2020-05-13,XLV,9691.380741828212
2020-05-14,XLV,9797.643441985007
2020-05-15,XLV,9880.290917386645
2020-05-18,XLV,9961.952142102453
2020-05-19,XLV,9841.917629969867
2020-05-20,XLV,9853.72275181541
2020-05-21,XLV,9780.914538306417
2020-05-22,XLV,9801.576822245499
2020-05-26,XLV,9783.867479122493
2020-05-27,XLV,9885.208057800932
2020-05-28,XLV,10014.098071672366
2020-05-29,XLV,10135.118004313435
2020-06-01,XLV,10034.757865079411
2020-06-02,XLV,10092.811336636165
2020-06-03,XLV,10073.133643028224
2020-06-04,XLV,9993.439108442662
2020-06-05,XLV,10154.795697921378
2020-06-08,XLV,10224.65014043695
2020-06-09,XLV,10118.390760989536
2020-06-10,XLV,10102.649768351466
2020-06-11,XLV,9540.846344218591
2020-06-12,XLV,9602.831535681147
2020-06-15,XLV,9624.473428887299
2020-06-16,XLV,9861.596153755154
2020-06-17,XLV,9851.756061685166
2020-06-18,XLV,9818.303235392055
2020-06-19,XLV,9912.755832639235
2020-06-22,XLV,9874.716276515139
2020-06-23,XLV,9917.202262498922
2020-06-24,XLV,9658.332211902105
2020-06-25,XLV,9753.182464097528
2020-06-26,XLV,9634.616535688205
2020-06-29,XLV,9721.565990091502
2020-06-30,XLV,9887.561610573935
2020-07-01,XLV,9963.642383176822
2020-07-02,XLV,10038.736074916533
2020-07-06,XLV,10140.50502510498
2020-07-07,XLV,10052.569320015851
2020-07-08,XLV,10053.555570701683
2020-07-09,XLV,9974.511064977236
2020-07-10,XLV,9950.798709472714
2020-07-13,XLV,10007.11711037847
2020-07-14,XLV,10205.718776262143
2020-07-15,XLV,10338.119610125474
2020-07-16,XLV,10321.320971549905
2020-07-17,XLV,10462.61466513261
2020-07-20,XLV,10460.63884305157
2020-07-21,XLV,10453.722635590586
2020-07-22,XLV,10547.58663710018
2020-07-23,XLV,10500.162756268484
2020-07-24,XLV,10384.556410093997
2020-07-27,XLV,10462.614665132613
2020-07-28,XLV,10450.758902469024
2020-07-29,XLV,10560.432801336321
2020-07-30,XLV,10487.315761854996
2020-07-31,XLV,10427.044886609812
2020-08-03,XLV,10534.742963396071
2020-08-04,XLV,10488.305333250206
2020-08-05,XLV,10536.720445831803
2020-08-06,XLV,10480.400384571356
2020-08-07,XLV,10513.995171190456
2020-08-10,XLV,10478.424562490314
2020-08-11,XLV,10412.22456064732
2020-08-12,XLV,10587.109720139746
2020-08-13,XLV,10573.278965572463
2020-08-14,XLV,10552.528682834814
2020-08-17,XLV,10614.777040515726
2020-08-18,XLV,10611.81247721682
2020-08-19,XLV,10577.231439911888
2020-08-20,XLV,10543.636653292784
2020-08-21,XLV,10554.505335093198
2020-08-24,XLV,10506.090222511604
2020-08-25,XLV,10577.231439911888
2020-08-26,XLV,10564.385275675744
2020-08-27,XLV,10647.383085916961
2020-08-28,XLV,10671.094611244136
2020-08-31,XLV,10696.785279361731
2020-09-01,XLV,10600.942965239063
2020-09-02,XLV,10813.377046044705
2020-09-03,XLV,10518.933066038366
2020-09-04,XLV,10443.842695008034
2020-09-08,XLV,10271.917117750445
2020-09-09,XLV,10453.722635590584
2020-09-10,XLV,10293.65614170596
2020-09-11,XLV,10334.167135786047
2020-09-14,XLV,10482.377036829737
2020-09-15,XLV,10496.20945175171
2020-09-16,XLV,10478.424562490312
2020-09-17,XLV,10443.842695008034
2020-09-18,XLV,10428.03279765033
2020-09-21,XLV,10235.3884843942
2020-09-22,XLV,10213.563121994806
2020-09-23,XLV,10108.412029302932
2020-09-24,XLV,10057.821021900158
2020-09-25,XLV,10219.517153912968
2020-09-28,XLV,10311.769781195966
2020-09-29,XLV,10298.876296851158
2020-09-30,XLV,10463.546124113667
2020-10-01,XLV,10427.833555087536
2020-10-02,XLV,10332.603911845457
2020-10-05,XLV,10544.89105126104
2020-10-06,XLV,10405.020281647623
2020-10-07,XLV,10601.434430227286
2020-10-08,XLV,10653.015839202615
2020-10-09,XLV,10749.24086508132
2020-10-12,XLV,10822.64597610135
2020-10-13,XLV,10740.311477558767
2020-10-14,XLV,10677.816557206399
2020-10-15,XLV,10600.44070794535
2020-10-16,XLV,10705.592630814572
2020-10-19,XLV,10535.960833561147
2020-10-20,XLV,10549.848870365233
2020-10-21,XLV,10497.272078753276
2020-10-22,XLV,10655.992855161696
2020-10-23,XLV,10695.672841719463
2020-10-26,XLV,10576.634542400849
2020-10-27,XLV,10504.218172598683
2020-10-28,XLV,10170.907779832649
2020-10-29,XLV,10087.580389185478
2020-10-30,XLV,10084.605863758434
2020-11-02,XLV,10266.138253252075
2020-11-03,XLV,10415.931302492632
2020-11-04,XLV,10878.200613849733
2020-11-05,XLV,10900.022655539746
2020-11-06,XLV,10903.99173342607
2020-11-09,XLV,11006.16664033621
2020-11-10,XLV,11037.91013147602
2020-11-11,XLV,11024.021264494588
2020-11-12,XLV,10983.350876364264
2020-11-13,XLV,11122.230414227783
2020-11-16,XLV,11103.38206778747
2020-11-17,XLV,11030.96652816265
2020-11-18,XLV,10825.622161883091
2020-11-19,XLV,10817.688156997165
2020-11-20,XLV,10792.890759702763
2020-11-23,XLV,10765.112195562557
2020-11-24,XLV,10796.854856525018
2020-11-25,XLV,10757.17653032194
2020-11-27,XLV,10856.376911805033
2020-11-30,XLV,10886.134618735661
2020-12-01,XLV,10977.400165155485
2020-12-02,XLV,11059.73549387541
2020-12-03,XLV,11045.845796716636
2020-12-04,XLV,11163.893694462697
2020-12-07,XLV,11095.445572369512
2020-12-08,XLV,11179.764194766583
2020-12-09,XLV,11141.076270136062
2020-12-10,XLV,11122.230414227784
2020-12-11,XLV,11078.583010138382
2020-12-14,XLV,10995.25395913652
2020-12-15,XLV,11114.293918809823
2020-12-16,XLV,11081.55836574277
2020-12-17,XLV,11200.59915559342
2020-12-18,XLV,11209.523562051902
2020-12-21,XLV,11097.368263100474
2020-12-22,XLV,11063.498687780184
2020-12-23,XLV,11071.4675601146
2020-12-24,XLV,11103.343879629601
2020-12-28,XLV,11131.23285735669
2020-12-29,XLV,11184.026325255685
2020-12-30,XLV,11182.034729805091
2020-12-31,XLV,11299.572898661334
2021-01-04,XLV,11250.76262166353
2021-01-05,XLV,11332.440449926238
2021-01-06,XLV,11487.832215181308
2021-01-07,XLV,11637.244213020524
2021-01-08,XLV,11693.025489184081
2021-01-11,XLV,11747.81055253367
2021-01-12,XLV,11620.312746069761
2021-01-13,XLV,11652.18657505273
2021-01-14,XLV,11615.330021645223
2021-01-15,XLV,11651.189532061415
2021-01-19,XLV,11738.844637207942
2021-01-20,XLV,11803.58850798785
2021-01-21,XLV,11747.81055253367
2021-01-22,XLV,11712.944764399414
2021-01-25,XLV,11789.644019124305
2021-01-26,XLV,11745.816466551043
2021-01-27,XLV,11389.220429435807
2021-01-28,XLV,11555.565554580473
2021-01-29,XLV,11457.948321294247
2021-02-01,XLV,11501.776704044854
2021-02-02,XLV,11534.648406196482
2021-02-03,XLV,11452.968917579085
2021-02-04,XLV,11500.780491230882
2021-02-05,XLV,11521.697639614871
2021-02-08,XLV,11535.64295865576
2021-02-09,XLV,11552.57691613856
2021-02-10,XLV,11573.496555054584
2021-02-11,XLV,11595.407425720508
2021-02-12,XLV,11682.067148230408
2021-02-16,XLV,11566.521405002104
2021-02-17,XLV,11608.358192302117
2021-02-18,XLV,11535.64295865576
2021-02-19,XLV,11396.192258778901
2021-02-22,XLV,11369.296173156403
2021-02-23,XLV,11350.373110755043
2021-02-24,XLV,11429.063130753186
2021-02-25,XLV,11314.513600338849
2021-02-26,XLV,11216.898027407315
2021-03-01,XLV,11363.323047159309
2021-03-02,XLV,11330.449684652991
2021-03-03,XLV,11187.013303342905
2021-03-04,XLV,11036.605092689722
2021-03-05,XLV,11257.736111361322
2021-03-08,XLV,11229.847133634234
2021-03-09,XLV,11295.58721722811
2021-03-10,XLV,11321.487090036639
2021-03-11,XLV,11390.214981895084
2021-03-12,XLV,11415.116151357608
2021-03-15,XLV,11493.808661887782
2021-03-16,XLV,11486.835172189993
2021-03-17,XLV,11444.996724535291
2021-03-18,XLV,11421.09425841877
2021-03-19,XLV,11461.933172550125
2021-03-22,XLV,11561.68645214497
2021-03-23,XLV,11444.742690267727
2021-03-24,XLV,11431.747094109487
2021-03-25,XLV,11479.723042875592
2021-03-26,XLV,11696.626798506582
2021-03-29,XLV,11751.599481936133
2021-03-30,XLV,11645.648098283704
2021-03-31,XLV,11668.63902967544
2021-04-01,XLV,11633.653696003505
2021-04-05,XLV,11714.615911394843
2021-04-06,XLV,11669.63856319879
2021-04-07,XLV,11643.64986141435
2021-04-08,XLV,11661.639804479957
2021-04-09,XLV,11789.58341617812
2021-04-12,XLV,11801.576988280973
2021-04-13,XLV,11850.55330074777
2021-04-14,XLV,11849.55376722442
2021-04-15,XLV,12052.46322335117
2021-04-16,XLV,12142.417919743279
2021-04-19,XLV,12145.419841022709
2021-04-20,XLV,12192.398746797497
2021-04-21,XLV,12336.329913805188
2021-04-22,XLV,12281.355570020947
2021-04-23,XLV,12362.319445766976
2021-04-26,XLV,12320.339867963628
2021-04-27,XLV,12249.371327451097
2021-04-28,XLV,12212.386926732464
2021-04-29,XLV,12163.409784088322
2021-04-30,XLV,12127.426577247727
2021-05-03,XLV,12265.363033647352
2021-05-04,XLV,12278.3569694509
2021-05-05,XLV,12300.347537141944
2021-05-06,XLV,12316.341733870233
2021-05-07,XLV,12401.30042300028
2021-05-10,XLV,12417.294619728567
2021-05-11,XLV,12283.35629742234
2021-05-12,XLV,12167.411238891102
2021-05-13,XLV,12277.359096282242
2021-05-14,XLV,12339.328514375244
2021-05-17,XLV,12316.341733870231
2021-05-18,XLV,12320.33986796363
2021-05-19,XLV,12299.348833795937
2021-05-20,XLV,12428.287828130724
2021-05-21,XLV,12430.287725354769
2021-05-24,XLV,12442.283787989658
2021-05-25,XLV,12405.298557093678
2021-05-26,XLV,12333.333803767177
2021-05-27,XLV,12306.34473828204
2021-05-28,XLV,12354.323177580178
2021-06-01,XLV,12151.41372145343
2021-06-02,XLV,12127.426577247725
2021-06-03,XLV,12164.41097796636
2021-06-04,XLV,12203.391125022315
2021-06-07,XLV,12247.372260404401
2021-06-08,XLV,12209.390816694451
2021-06-09,XLV,12327.33494227239
2021-06-10,XLV,12538.239006231244
2021-06-11,XLV,12449.278032121072
2021-06-14,XLV,12460.273731055264
2021-06-15,XLV,12464.271865148665
2021-06-16,XLV,12416.294256027872
2021-06-17,XLV,12511.250770923454
2021-06-18,XLV,12368.314986552388
2021-06-21,XLV,12516.927523608392
2021-06-22,XLV,12544.019531084305
2021-06-23,XLV,12491.842054775281
2021-06-24,XLV,12556.060423295821
2021-06-25,XLV,12613.25549147787
2021-06-28,XLV,12632.321344382564
2021-06-29,XLV,12646.369605414231
2021-06-30,XLV,12638.343450843015
2021-07-01,XLV,12750.728708919001
2021-07-02,XLV,12873.148320563701
2021-07-06,XLV,12861.107428352183
2021-07-07,XLV,12942.385941311955
2021-07-08,XLV,12871.141781920895
2021-07-09,XLV,12915.290613126663
2021-07-12,XLV,12940.37940266915
2021-07-13,XLV,12928.336850102944
2021-07-14,XLV,12916.294297536737
2021-07-15,XLV,12871.141781920891
2021-07-16,XLV,12906.259113790678
2021-07-19,XLV,12770.796585879078
2021-07-20,XLV,12926.330311460137
2021-07-21,XLV,12947.40187283029
2021-07-22,XLV,13042.729476999075
2021-07-23,XLV,13193.247271061797
2021-07-26,XLV,13107.955680816412
2021-07-27,XLV,13169.164656461417
2021-07-28,XLV,13216.323710720064
2021-07-29,XLV,13248.436630778386
2021-07-30,XLV,13260.475032457867
2021-08-02,XLV,13278.538031129834
2021-08-03,XLV,13463.170302829612
2021-08-04,XLV,13405.976895002252
2021-08-05,XLV,13350.789195640351
2021-08-06,XLV,13339.746176597495
2021-08-09,XLV,13390.92577973786
2021-08-10,XLV,13359.816544089612
2021-08-11,XLV,13227.361748698853
2021-08-12,XLV,13331.718361671585
2021-08-13,XLV,13415.007564160887
2021-08-16,XLV,13567.530236511722
2021-08-17,XLV,13728.076572901742
2021-08-18,XLV,13519.361686601585
2021-08-19,XLV,13580.573152778623
2021-08-20,XLV,13657.836097920755
2021-08-23,XLV,13662.857010503165
2021-08-24,XLV,13614.690120947716
2021-08-25,XLV,13577.56375990309
2021-08-26,XLV,13524.380108651958
2021-08-27,XLV,13509.328163210217
2021-08-30,XLV,13585.588254119615
2021-08-31,XLV,13567.53023651172
2021-09-01,XLV,13571.542483619984
2021-09-02,XLV,13717.041855632327
2021-09-03,XLV,13732.093801074068
2021-09-07,XLV,13651.81565181499
2021-09-08,XLV,13645.801016950645
2021-09-09,XLV,13488.256601840056
2021-09-10,XLV,13364.833305785283
2021-09-13,XLV,13282.551108415437
2021-09-14,XLV,13280.545399949977
2021-09-15,XLV,13366.839844428092
2021-09-16,XLV,13332.723706436345
2021-09-17,XLV,13345.768283057934
2021-09-20,XLV,13206.50354290635
2021-09-21,XLV,13226.643645295442
2021-09-22,XLV,13248.795267391406
2021-09-23,XLV,13344.459923562254
2021-09-24,XLV,13290.082477289046
2021-09-27,XLV,13100.77298642768
2021-09-28,XLV,12876.213335321332
2021-09-29,XLV,12977.918361854216
2021-09-30,XLV,12818.818194399142
2021-10-01,XLV,12821.839209757503
2021-10-04,XLV,12626.485197647375
2021-10-05,XLV,12702.008091074435
2021-10-06,XLV,12678.846973326978
2021-10-07,XLV,12847.013507566522
2021-10-08,XLV,12782.565179921427
2021-10-11,XLV,12682.876654159487
2021-10-12,XLV,12621.446851340721
2021-10-13,XLV,12641.590274439191
2021-10-14,XLV,12822.844554522266
2021-10-15,XLV,12886.286707225254
2021-10-18,XLV,12798.676431655356
2021-10-19,XLV,12966.843796072242
2021-10-20,XLV,13152.127756987826
2021-10-21,XLV,13205.496537786885
2021-10-22,XLV,13258.865318585944
2021-10-25,XLV,13274.979060851909
2021-10-26,XLV,13340.432733261769
2021-10-27,XLV,13234.695535364343
2021-10-28,XLV,13345.466928681695
2021-10-29,XLV,13475.367268381964
2021-11-01,XLV,13459.253526116
2021-11-02,XLV,13543.8402957955
2021-11-03,XLV,13623.392870055071
2021-11-04,XLV,13529.743054300481
2021-11-05,XLV,13378.693946736974
2021-11-08,XLV,13458.245690819202
2021-11-09,XLV,13408.905760675305
2021-11-10,XLV,13447.169464682545
2021-11-11,XLV,13407.896265023814
2021-11-12,XLV,13474.357772730475
2021-11-15,XLV,13390.77966852512
2021-11-16,XLV,13447.169464682542
2021-11-17,XLV,13466.30090159749
2021-11-18,XLV,13471.337587549453
2021-11-19,XLV,13389.773493583007
2021-11-22,XLV,13329.354016593074
2021-11-23,XLV,13343.44876755606
2021-11-24,XLV,13338.42121355489
2021-11-26,XLV,13289.075472169578
2021-11-29,XLV,13325.325996115256
2021-11-30,XLV,13063.51130647581
2021-12-01,XLV,13040.35267926039
2021-12-02,XLV,13103.79234143134
2021-12-03,XLV,13127.958803943564
2021-12-06,XLV,13202.473862073826
2021-12-07,XLV,13372.65606690697
2021-12-08,XLV,13473.351597788362
2021-12-09,XLV,13504.567926314108
2021-12-10,XLV,13551.894676396441
2021-12-13,XLV,13679.78432656718
2021-12-14,XLV,13624.397384642483
2021-12-15,XLV,13903.330331135312
2021-12-16,XLV,13985.908071639975
2021-12-17,XLV,13888.228575052874
2021-12-20,XLV,13804.124138410805
2021-12-21,XLV,13861.741766861447
2021-12-22,XLV,14023.47691720947
2021-12-23,XLV,14081.099526724183
2021-12-27,XLV,14229.691309346561
2021-12-28,XLV,14192.28849924606
2021-12-29,XLV,14273.157734774763
2021-12-30,XLV,14302.469636471138
2021-12-31,XLV,14241.818540001956
2022-01-03,XLV,14095.247409037245
2022-01-04,XLV,13909.24866542764
2022-01-05,XLV,13810.18692356116
2022-01-06,XLV,13650.47491540284
2022-01-07,XLV,13580.725075232733
2022-01-10,XLV,13720.22890645967
2022-01-11,XLV,13829.394736791843
2022-01-12,XLV,13789.972105211016
2022-01-13,XLV,13575.67344608856
2022-01-14,XLV,13552.422669187847
2022-01-18,XLV,13362.387603326973
2022-01-19,XLV,13307.795971298763
2022-01-20,XLV,13220.864780797056
2022-01-21,XLV,13087.435357203298
2022-01-24,XLV,13043.968101597757
2022-01-25,XLV,12960.067058405208
2022-01-26,XLV,12892.341190602148
2022-01-27,XLV,12925.698546500587
2022-01-28,XLV,13189.53056708832
2022-01-31,XLV,13265.342362231433
2022-02-01,XLV,13300.722860319576
2022-02-02,XLV,13479.644342063271
2022-02-03,XLV,13422.022562725904
2022-02-04,XLV,13373.506168508222
2022-02-07,XLV,13350.252070898128
2022-02-08,XLV,13459.42620300375
2022-02-09,XLV,13563.541234369095
2022-02-10,XLV,13351.264057081651
2022-02-11,XLV,13166.278129832914
2022-02-14,XLV,13031.836720055633
2022-02-15,XLV,13178.411171729722
2022-02-16,XLV,13198.625990079865
2022-02-17,XLV,12986.348812792421
2022-02-18,XLV,12889.306892406263
2022-02-22,XLV,12856.959862336658
2022-02-23,XLV,12792.267462552141
2022-02-24,XLV,12843.820645497739
2022-02-25,XLV,13237.037465654508
2022-02-28,XLV,13136.966228136538
2022-03-01,XLV,13064.183750125238
2022-03-02,XLV,13261.30022873875
2022-03-03,XLV,13329.025266364462
2022-03-04,XLV,13395.74163851603
2022-03-07,XLV,13162.235166162887
2022-03-08,XLV,12893.349856076293
2022-03-09,XLV,13136.966228136542
2022-03-10,XLV,13131.912108460332
2022-03-11,XLV,13033.858201890649
2022-03-14,XLV,13125.84268189122
2022-03-15,XLV,13387.656541353319
2022-03-16,XLV,13548.378875340471
2022-03-17,XLV,13762.677534462928
2022-03-18,XLV,13847.591394016348
2022-03-21,XLV,13837.04067013906
2022-03-22,XLV,13840.086590817775
2022-03-23,XLV,13591.652699624638
2022-03-24,XLV,13753.900069394507
2022-03-25,XLV,13817.77723502626
2022-03-28,XLV,13918.165600290013
2022-03-29,XLV,14000.298365737768
2022-03-30,XLV,14027.674293865663
2022-03-31,XLV,13890.785521275395
2022-04-01,XLV,14000.298365737768
2022-04-04,XLV,13883.689995507895
2022-04-05,XLV,13913.094877066907
2022-04-06,XLV,14125.022549692114
2022-04-07,XLV,14396.772801796218
2022-04-08,XLV,14482.9651344609
2022-04-11,XLV,14194.988235971912
2022-04-12,XLV,14057.082496134053
2022-04-13,XLV,14126.035366052985
2022-04-14,XLV,14058.096972849615
2022-04-18,XLV,13902.955090975383
2022-04-19,XLV,14035.786786880759
2022-04-20,XLV,14224.38979682155
2022-04-21,XLV,14067.22228222558
2022-04-22,XLV,13554.141136291943
2022-04-25,XLV,13645.39921111566
2022-04-26,XLV,13405.080303469655
2022-04-27,XLV,13375.67542191064
2022-04-28,XLV,13560.219694811849
2022-04-29,XLV,13211.405740128408
2022-05-02,XLV,13129.272974680654
2022-05-03,XLV,13170.84659576231
2022-05-04,XLV,13462.876420049466
2022-05-05,XLV,13201.26678421423
2022-05-06,XLV,13159.690672600536
2022-05-09,XLV,12818.986720400157
2022-05-10,XLV,12864.619078521395
2022-05-11,XLV,12779.441222572274
2022-05-12,XLV,12903.149269456373
2022-05-13,XLV,13040.040532578674
2022-05-16,XLV,13136.370160802844
2022-05-17,XLV,13316.86233808323
2022-05-18,XLV,12973.114955736173
2022-05-19,XLV,13001.509511466355
2022-05-20,XLV,13159.69067260054
2022-05-23,XLV,13275.283735937506
2022-05-24,XLV,13314.833384652116
2022-05-25,XLV,13310.780458853947
2022-05-26,XLV,13367.559608186166
2022-05-27,XLV,13589.627066902898
2022-05-31,XLV,13408.120412906952
2022-06-01,XLV,13215.460326281267
2022-06-02,XLV,13319.904938052568
2022-06-03,XLV,13163.747749285432
2022-06-06,XLV,13165.777532893893
2022-06-07,XLV,13337.141080088935
2022-06-08,XLV,13231.6861424888
2022-06-09,XLV,12932.557471724764
2022-06-10,XLV,12724.6860456071
2022-06-13,XLV,12339.365872355733
2022-06-14,XLV,12221.740534878263
2022-06-15,XLV,12345.450242117053
2022-06-16,XLV,12163.945248475799
2022-06-17,XLV,12156.845571821574
2022-06-21,XLV,12484.121405466984
2022-06-22,XLV,12657.231645795851
2022-06-23,XLV,12941.329955729116
2022-06-24,XLV,13156.184833672705
2022-06-27,XLV,13205.065675744832
2022-06-28,XLV,12974.930553589633
2022-06-29,XLV,13087.962519817353
2022-06-30,XLV,13058.432281479249
2022-07-01,XLV,13205.065675744834
2022-07-05,XLV,13128.692680716516
2022-07-06,XLV,13217.285056085519
2022-07-07,XLV,13273.29048013222
2022-07-08,XLV,13313.002013429099
2022-07-11,XLV,13279.398925036547
2022-07-12,XLV,13110.36568564885
2022-07-13,XLV,12983.078744230563
2022-07-14,XLV,12945.401975606219
2022-07-15,XLV,13258.014386807337
2022-07-18,XLV,12977.987266573833
2022-07-19,XLV,13198.953079953786
2022-07-20,XLV,13068.613576438027
2022-07-21,XLV,13275.324414627412
2022-07-22,XLV,13220.34010871503
2022-07-25,XLV,13289.581880350011
2022-07-26,XLV,13357.80502438271
2022-07-27,XLV,13441.305091917635
2022-07-28,XLV,13526.84075430244
2022-07-29,XLV,13482.036913171487
2022-08-01,XLV,13382.24544541877
2022-08-02,XLV,13334.384891303618
2022-08-03,XLV,13456.580355065173
2022-08-04,XLV,13390.39031535032
2022-08-05,XLV,13385.299667870933
2022-08-08,XLV,13416.865501058917
2022-08-09,XLV,13376.13783069179
2022-08-10,XLV,13521.74761629102
2022-08-11,XLV,13434.176359056335
2022-08-12,XLV,13606.268801960268
2022-08-15,XLV,13674.490285638274
2022-08-16,XLV,13637.83297479356
2022-08-17,XLV,13558.41073837715
2022-08-18,XLV,13498.331634098657
2022-08-19,XLV,13534.988114766027
2022-08-22,XLV,13357.80502438271
2022-08-23,XLV,13171.462587352284
2022-08-24,XLV,13187.753157392728
2022-08-25,XLV,13333.369584410717
2022-08-26,XLV,12961.695866356044
2022-08-29,XLV,12871.067896137163
2022-08-30,XLV,12785.5330639297
2022-08-31,XLV,12704.067761067308
2022-09-01,XLV,12912.8183449933
2022-09-02,XLV,12727.492045033125
2022-09-06,XLV,12739.710595196466
2022-09-07,XLV,12947.43923081079
2022-09-08,XLV,13172.480384777224
2022-09-09,XLV,13288.562422570383
2022-09-12,XLV,13377.15064705266
2022-09-13,XLV,12935.221510824793
2022-09-14,XLV,12942.348583331404
2022-09-15,XLV,13014.645407595895
2022-09-16,XLV,12977.987266573837
2022-09-19,XLV,12908.06059862925
2022-09-20,XLV,12756.752475734113
2022-09-21,XLV,12545.12947819451
2022-09-22,XLV,12611.582684127723
2022-09-23,XLV,12547.175035172531
2022-09-26,XLV,12427.560592776503
2022-09-27,XLV,12389.73522240741
2022-09-28,XLV,12660.653636811849
2022-09-29,XLV,12554.331163886214
2022-09-30,XLV,12381.55548502737
2022-10-03,XLV,12636.116915203767
2022-10-04,XLV,12929.52981494765
2022-10-05,XLV,12972.468247584446
2022-10-06,XLV,12806.848697439285
2022-10-07,XLV,12535.929452857501
2022-10-10,XLV,12457.208716297597
2022-10-11,XLV,12523.658601521429
2022-10-12,XLV,12462.320118210608
2022-10-13,XLV,12752.664682487462
2022-10-14,XLV,12666.787817213873
2022-10-17,XLV,12870.234398082821
2022-10-18,XLV,12941.796515397005
2022-10-19,XLV,12760.845250044847
2022-10-20,XLV,12652.475559786504
2022-10-21,XLV,12936.685113483994
2022-10-24,XLV,13186.135971924728
2022-10-25,XLV,13286.324264448342
2022-10-26,XLV,13433.541273387442
2022-10-27,XLV,13363.001934562262
2022-10-28,XLV,13582.804669481902
2022-10-31,XLV,13571.559087166872
2022-11-01,XLV,13579.737994369565
2022-11-02,XLV,13348.690507312238
2022-11-03,XLV,13292.460105205048
2022-11-04,XLV,13373.226398742972
2022-11-07,XLV,13516.353954080725
2022-11-08,XLV,13583.827447970909
2022-11-09,XLV,13437.631557166127
2022-11-10,XLV,13779.092631105126
2022-11-11,XLV,13610.408066202317
2022-11-14,XLV,13622.677257183701
2022-11-15,XLV,13605.296664289306
2022-11-16,XLV,13599.159993355252
2022-11-17,XLV,13593.029133662612
2022-11-18,XLV,13757.626735496111
2022-11-21,XLV,13763.760085720789
2022-11-22,XLV,13883.369547052745
2022-11-23,XLV,13938.578000848272
2022-11-25,XLV,14021.383209945452
2022-11-28,XLV,13916.090156927587
2022-11-29,XLV,13881.32980131614
2022-11-30,XLV,14212.568071429117
2022-12-01,XLV,14253.460947087893
2022-12-02,XLV,14290.267689854702
2022-12-05,XLV,14153.268503677551
2022-12-06,XLV,14045.924912617598
2022-12-07,XLV,14161.450731589624
2022-12-08,XLV,14289.241590656313
2022-12-09,XLV,14106.24061743941
2022-12-12,XLV,14256.527622200229
2022-12-13,XLV,14300.487172971343
2022-12-14,XLV,14322.979997956096
2022-12-15,XLV,14060.23717004497
2022-12-16,XLV,13855.768640864359
2022-12-19,XLV,13804.031158548174
2022-12-20,XLV,13800.950370420971
2022-12-21,XLV,13982.653776447676
2022-12-22,XLV,13963.144608840765
2022-12-23,XLV,13971.360043846636
2022-12-27,XLV,13935.429968356118
2022-12-28,XLV,13845.091730030632
2022-12-29,XLV,13995.993066026731
2022-12-30,XLV,13945.694281049387
2023-01-03,XLV,13905.66229929735
2023-01-04,XLV,13942.615983454218
2023-01-05,XLV,13799.923441045232
2023-01-06,XLV,13927.214533350245
2023-01-09,XLV,13694.188733679843
2023-01-10,XLV,13809.163314894806
2023-01-11,XLV,13887.182551598207
2023-01-12,XLV,13843.042022165888
2023-01-13,XLV,13904.63121903489
2023-01-17,XLV,13839.959573683995
2023-01-18,XLV,13644.916047900886
2023-01-19,XLV,13677.764505086856
2023-01-20,XLV,13746.543867940689
2023-01-23,XLV,13793.763525145521
2023-01-24,XLV,13702.400847976338
2023-01-25,XLV,13706.508565479275
2023-01-26,XLV,13732.17100756714
2023-01-27,XLV,13638.755301823832
2023-01-30,XLV,13515.571096844413
2023-01-31,XLV,13690.083506708945
2023-02-01,XLV,13754.753491705149
2023-02-02,XLV,13661.341106671221
2023-02-03,XLV,13621.307464564494
2023-02-06,XLV,13545.341256435215
2023-02-07,XLV,13632.596216101463
2023-02-08,XLV,13592.560083462698
2023-02-09,XLV,13473.481105454179
2023-02-10,XLV,13600.774688291227
2023-02-13,XLV,13713.69541075472
2023-02-14,XLV,13632.59621610146
2023-02-15,XLV,13564.844612800709
2023-02-16,XLV,13429.338915667171
2023-02-17,XLV,13549.443992874078
2023-02-21,XLV,13373.90797434319
2023-02-22,XLV,13328.738025003104
2023-02-23,XLV,13364.668930670967
2023-02-24,XLV,13192.204568316489
2023-02-27,XLV,13152.170096032416
2023-02-28,XLV,13054.649993495554
2023-03-01,XLV,13033.091948201243
2023-03-02,XLV,13113.161722946734
2023-03-03,XLV,13259.960322503965
2023-03-06,XLV,13253.799576426905
2023-03-07,XLV,13040.276302944656
2023-03-08,XLV,12970.471671069781
2023-03-09,XLV,12839.073691439178
2023-03-10,XLV,12744.631056320137
2023-03-13,XLV,12863.708373973965
2023-03-14,XLV,12978.683785366275
2023-03-15,XLV,12967.391713119925
2023-03-16,XLV,13088.523719702567
2023-03-17,XLV,12920.17122573775
2023-03-20,XLV,13083.926197566096
2023-03-21,XLV,13163.277868908182
2023-03-22,XLV,12964.3806598897
2023-03-23,XLV,12939.64718625086
2023-03-24,XLV,13118.966322942795
2023-03-27,XLV,13172.553440383583
2023-03-28,XLV,13093.20093886415
2023-03-29,XLV,13129.271314325968
2023-03-30,XLV,13200.377664277763
2023-03-31,XLV,13341.565925337654
2023-04-03,XLV,13490.994526723767
2023-04-04,XLV,13493.05585707134
2023-04-05,XLV,13725.960450849378
2023-04-06,XLV,13759.97115631831
2023-04-10,XLV,13750.695584842904
2023-04-11,XLV,13797.072612042586
2023-04-12,XLV,13801.191952028354
2023-04-13,XLV,13980.506937833563
2023-04-14,XLV,13868.17896199438
2023-04-17,XLV,13856.840399816712
2023-04-18,XLV,13762.033316843228
2023-04-19,XLV,13804.28187210635
2023-04-20,XLV,13747.600683700837
2023-04-21,XLV,13840.355568277548
2023-04-24,XLV,13917.645079094716
2023-04-25,XLV,13769.244237261679
2023-04-26,XLV,13573.43777849854
2023-04-27,XLV,13644.548279337061
2023-04-28,XLV,13761.000576226079
2023-05-01,XLV,13832.10775635522
2023-05-02,XLV,13772.335817694368
2023-05-03,XLV,13753.787165275591
2023-05-04,XLV,13644.548279337061
2023-05-05,XLV,13767.182906914108
2023-05-08,XLV,13737.29486214032
2023-05-09,XLV,13645.576869067487
2023-05-10,XLV,13683.71106540891
2023-05-11,XLV,13641.455868727031
2023-05-12,XLV,13622.903895598874
2023-05-15,XLV,13599.20233239984
2023-05-16,XLV,13485.842446120852
2023-05-17,XLV,13502.333088901438
2023-05-18,XLV,13469.354293872306
2023-05-19,XLV,13532.21366207912
2023-05-22,XLV,13545.615214959053
2023-05-23,XLV,13397.214373126018
2023-05-24,XLV,13305.495549875839
2023-05-25,XLV,13169.462690128239
2023-05-26,XLV,13142.667886141828
2023-05-30,XLV,13061.25488445217
2023-05-31,XLV,13173.583690468695
2023-06-01,XLV,13260.15043311596
2023-06-02,XLV,13430.193168155147
2023-06-05,XLV,13478.628204993021
2023-06-06,XLV,13366.29690844446
2023-06-07,XLV,13313.738380734094
2023-06-08,XLV,13399.276533650936
2023-06-09,XLV,13440.499819893013
2023-06-12,XLV,13488.934026553543
2023-06-13,XLV,13556.950456427343
2023-06-14,XLV,13417.82435589237
2023-06-15,XLV,13626.000457095635
2023-06-16,XLV,13624.970207010521
2023-06-20,XLV,13609.651774641043
2023-06-21,XLV,13611.71891623003
2023-06-22,XLV,13704.85319185339
2023-06-23,XLV,13659.320455013549
2023-06-26,XLV,13581.712986273253
2023-06-27,XLV,13550.669334635259
2023-06-28,XLV,13507.207060093784
2023-06-29,XLV,13595.166840325915
2023-06-30,XLV,13734.859951987508
2023-07-03,XLV,13622.071227721866
2023-07-05,XLV,13614.825439854923
2023-07-06,XLV,13506.172659121945
2023-07-07,XLV,13348.883108456263
2023-07-10,XLV,13454.433516451067
2023-07-11,XLV,13457.537549543928
2023-07-12,XLV,13421.317742160016
2023-07-13,XLV,13426.493067728588
2023-07-14,XLV,13628.275973198204
2023-07-17,XLV,13566.190330276908
2023-07-18,XLV,13666.564582525796
2023-07-19,XLV,13729.687947128314
2023-07-20,XLV,13957.34166919938
2023-07-21,XLV,14098.078313783608
2023-07-24,XLV,14067.031341436235
2023-07-25,XLV,14060.823275250514
2023-07-26,XLV,14051.512006149274
2023-07-27,XLV,13948.028739743455
2023-07-28,XLV,13989.424702873286
2023-07-31,XLV,13881.804662757455
2023-08-01,XLV,13809.3700290537
2023-08-02,XLV,13818.68295850963
2023-08-03,XLV,13749.350697544045
2023-08-04,XLV,13700.714757788688
2023-08-07,XLV,13859.03704907152
2023-08-08,XLV,13965.621858038165
2023-08-09,XLV,13961.48259379612
2023-08-10,XLV,13952.16966434019
2023-08-11,XLV,14039.094213423137
2023-08-14,XLV,14081.516275751357
2023-08-15,XLV,14029.782944321898
2023-08-16,XLV,13923.19564482322
2023-08-17,XLV,13812.470741437182
2023-08-18,XLV,13817.644406651067
2023-08-21,XLV,13832.132661675569
2023-08-22,XLV,13783.49506156552
2023-08-23,XLV,13824.893515227388
2023-08-24,XLV,13704.853191853388
2023-08-25,XLV,13805.230764811655
2023-08-28,XLV,13837.306326889453
2023-08-29,XLV,13961.48259379612
2023-08-30,XLV,13951.13360301366
2023-08-31,XLV,13784.53112289205
2023-09-01,XLV,13821.786991602494
2023-09-05,XLV,13678.981545074592
2023-09-06,XLV,13604.478939604503
2023-09-07,XLV,13665.53350226334
2023-09-08,XLV,13665.53350226334
2023-09-11,XLV,13759.700518503852
2023-09-12,XLV,13742.107400209143
2023-09-13,XLV,13744.175371975472
2023-09-14,XLV,13787.635986162259
2023-09-15,XLV,13678.981545074592
2023-09-18,XLV,13658.201375952522
2023-09-19,XLV,13669.63208781548
2023-09-20,XLV,13670.67146985139
2023-09-21,XLV,13551.179893702418
2023-09-22,XLV,13523.125710683678
2023-09-25,XLV,13596.897760090189
2023-09-26,XLV,13481.564542262196
2023-09-27,XLV,13414.02878507114
2023-09-28,XLV,13478.448886686507
2023-09-29,XLV,13376.621824083912
2023-10-02,XLV,13357.91875867897
2023-10-03,XLV,13239.468224920596
2023-10-04,XLV,13295.575760780728
2023-10-05,XLV,13368.31008850602
2023-10-06,XLV,13508.579343245025
2023-10-09,XLV,13555.338252023392
2023-10-10,XLV,13619.756693284071
2023-10-11,XLV,13559.493289634995
2023-10-12,XLV,13443.119029416404
2023-10-13,XLV,13527.283238827311
2023-10-16,XLV,13629.109471252561
2023-10-17,XLV,13610.40640584762
2023-10-18,XLV,13491.957532443937
2023-10-19,XLV,13358.958970892223
2023-10-20,XLV,13305.967090607783
2023-10-23,XLV,13222.846414119509
2023-10-24,XLV,13263.366540150391
2023-10-25,XLV,13144.91600639202
2023-10-26,XLV,13015.035590948031
2023-10-27,XLV,12794.758824764409
2023-10-30,XLV,12866.45294027645
2023-10-31,XLV,12940.22498968296
2023-11-01,XLV,12967.240620843135
2023-11-02,XLV,13172.971019588107
2023-11-03,XLV,13238.430503239384
2023-11-06,XLV,13326.747259729857
2023-11-07,XLV,13336.100867875692
2023-11-08,XLV,13317.396972293405
2023-11-09,XLV,13042.050391930868
2023-11-10,XLV,13119.978309126322
2023-11-13,XLV,13195.829122604648
2023-11-14,XLV,13285.186091308371
2023-11-15,XLV,13295.575760780734
2023-11-16,XLV,13352.724339031465
2023-11-17,XLV,13325.709538048635
2023-11-20,XLV,13406.75311081978
2023-11-21,XLV,13487.798343945617
2023-11-22,XLV,13552.220105915674
2023-11-24,XLV,13624.95194310893
2023-11-27,XLV,13539.750012016802
2023-11-28,XLV,13470.135490753928
2023-11-29,XLV,13474.290528365524
2023-11-30,XLV,13643.655838691213
2023-12-01,XLV,13697.685440656873
2023-12-04,XLV,13723.660859603795
2023-12-05,XLV,13705.998006412106
2023-12-06,XLV,13716.389336239157
2023-12-07,XLV,13699.765034906033
2023-12-08,XLV,13722.622307745227
2023-12-11,XLV,13813.017828307517
2023-12-12,XLV,13872.24268009803
2023-12-13,XLV,14127.851794083788
2023-12-14,XLV,14059.267522906024
2023-12-15,XLV,13939.783418353158
2023-12-18,XLV,13962.53691902423
2023-12-19,XLV,14056.468164898768
2023-12-20,XLV,13852.94769824612
2023-12-21,XLV,14022.025767210447
2023-12-22,XLV,14091.953265332377
2023-12-26,XLV,14123.265894430144
2023-12-27,XLV,14182.751421906978
2023-12-28,XLV,14219.287526859325
2023-12-29,XLV,14233.893667066817
2024-01-02,XLV,14484.384737720802
2024-01-03,XLV,14460.377669258814
2024-01-04,XLV,14532.392233226012
2024-01-05,XLV,14519.86651744503
2024-01-08,XLV,14648.24182136258
2024-01-09,XLV,14646.156415872003
2024-01-10,XLV,14712.950824693999
2024-01-11,XLV,14702.513835112974
2024-01-12,XLV,14665.984371579385
2024-01-16,XLV,14578.314323240651
2024-01-17,XLV,14549.092080697532
2024-01-18,XLV,14547.005014852266
2024-01-19,XLV,14555.353278233333
2024-01-22,XLV,14619.017918464771
2024-01-23,XLV,14608.582589238436
2024-01-24,XLV,14474.987130175685
2024-01-25,XLV,14453.072108623035
2024-01-26,XLV,14535.52366217126
2024-01-29,XLV,14637.803171426864
2024-01-30,XLV,14671.206187079275
2024-01-31,XLV,14651.371589953134
2024-02-01,XLV,14841.324468256858
2024-02-02,XLV,14819.406125994827
2024-02-05,XLV,14865.328216009464
2024-02-06,XLV,15027.104875224735
2024-02-07,XLV,15067.806810094167
2024-02-08,XLV,15041.712675786914
2024-02-09,XLV,15030.231323105909
2024-02-12,XLV,15050.060939167983
2024-02-13,XLV,14910.2092636335
2024-02-14,XLV,15039.627270296336
2024-02-15,XLV,15149.212340187722
2024-02-16,XLV,15198.265859147601
2024-02-20,XLV,15147.130255406524
2024-02-21,XLV,15180.5233089308
2024-02-22,XLV,15358.999815617586
2024-02-23,XLV,15432.055421975381
2024-02-26,XLV,15352.736957727093
2024-02-27,XLV,15315.163131093526
2024-02-28,XLV,15238.971114726412
2024-02-29,XLV,15114.773263208775
2024-03-01,XLV,15273.41351241473
2024-03-04,XLV,15250.452467407415
2024-03-05,XLV,15136.691605470805
2024-03-06,XLV,15240.01713818108
2024-03-07,XLV,15310.98899940299
2024-03-08,XLV,15282.807799250471
2024-03-11,XLV,15274.45787551471
2024-03-12,XLV,15345.428076381932
2024-03-13,XLV,15285.940888550404
2024-03-14,XLV,15231.66721444532
2024-03-15,XLV,15171.134003159126
2024-03-18,XLV,15169.3541029315
2024-03-19,XLV,15269.908503664248
2024-03-20,XLV,15235.341579374182
2024-03-21,XLV,15255.24425104261
2024-03-22,XLV,15234.293895564822
2024-03-25,XLV,15213.346860796415
2024-03-26,XLV,15268.860819854892
2024-03-27,XLV,15472.069970003173
2024-03-28,XLV,15474.163677267201
2024-04-01,XLV,15342.18374331777
2024-04-02,XLV,15103.361645424753
2024-04-03,XLV,15086.603685539088
2024-04-04,XLV,14868.73194312386
2024-04-05,XLV,15001.757900527959
2024-04-08,XLV,14953.57440742561
2024-04-09,XLV,15006.99631957475
2024-04-10,XLV,14831.020307051025
2024-04-11,XLV,14770.26958930045
2024-04-12,XLV,14550.300818911812
2024-04-15,XLV,14520.973974023225
2024-04-16,XLV,14526.207412005948
2024-04-17,XLV,14501.072962709484
2024-04-18,XLV,14500.023618545436
2024-04-19,XLV,14554.491554149243
2024-04-22,XLV,14610.008833917102
2024-04-23,XLV,14800.644117998392
2024-04-24,XLV,14754.555992514763
2024-04-25,XLV,14656.095299046041
2024-04-26,XLV,14660.284373928787
2024-04-29,XLV,14709.513890485801
2024-04-30,XLV,14699.040373101598
2024-05-01,XLV,14725.2258269168
2024-05-02,XLV,14714.752309532594
2024-05-03,XLV,14751.41460144138
2024-05-06,XLV,14811.11929573729
2024-05-07,XLV,14933.673396111875
2024-05-08,XLV,14882.346851581451
2024-05-09,XLV,15010.137710648138
2024-05-10,XLV,15040.51389970077
2024-05-13,XLV,15025.847986724446
2024-05-14,XLV,15089.743416257788
2024-05-15,XLV,15313.901261529169
2024-05-16,XLV,15296.092297124766
2024-05-17,XLV,15325.42246272273
2024-05-20,XLV,15292.950906051381
2024-05-21,XLV,15319.138020221273
2024-05-22,XLV,15346.371157845831
2024-05-23,XLV,15178.779936506355
2024-05-24,XLV,15127.453391975934
2024-05-28,XLV,14944.14857385077
2024-05-29,XLV,14827.878915977646
2024-05-30,XLV,14835.212702643155
2024-05-31,XLV,15052.038421603715
2024-06-03,XLV,15157.831241383254
2024-06-04,XLV,15201.823999248167
2024-06-05,XLV,15270.956187473612
2024-06-06,XLV,15321.233387839986
2024-06-07,XLV,15337.991347725649
2024-06-10,XLV,15394.55631130286
2024-06-11,XLV,15330.660881769518
2024-06-12,XLV,15298.189325098168
2024-06-13,XLV,15285.622100449937
2024-06-14,XLV,15280.383681403144
2024-06-17,XLV,15264.67174497215
2024-06-18,XLV,15284.57275628589
2024-06-20,XLV,15334.848296297574
2024-06-21,XLV,15377.79669106251
2024-06-24,XLV,15467.494032477676
2024-06-25,XLV,15419.124579650053
2024-06-26,XLV,15364.444118645935
2024-06-27,XLV,15339.201746294626
2024-06-28,XLV,15326.586371360387
2024-07-01,XLV,15240.355850537837
2024-07-02,XLV,15184.626045369667
2024-07-03,XLV,15068.952454830236
2024-07-05,XLV,15185.677049888407
2024-07-08,XLV,15168.852675815144
2024-07-09,XLV,15242.462840639384
2024-07-10,XLV,15386.525175667579
2024-07-11,XLV,15494.835093157082
2024-07-12,XLV,15591.580640231085
2024-07-15,XLV,15536.900179226965
2024-07-16,XLV,15758.780017863734
2024-07-17,XLV,15830.284852941119
2024-07-18,XLV,15470.650366743275
2024-07-19,XLV,15549.518874870584
2024-07-22,XLV,15638.904069604041
2024-07-23,XLV,15629.436727161947
2024-07-24,XLV,15759.831022382476
2024-07-25,XLV,15680.964174609853
2024-07-26,XLV,15769.29670446988
2024-07-29,XLV,15778.759065847906
2024-07-30,XLV,15792.42876601026
2024-07-31,XLV,15734.593631095235
2024-08-01,XLV,15895.483660906073
2024-08-02,XLV,15863.938582151713
2024-08-05,XLV,15440.156292507654
2024-08-06,XLV,15511.661127585037
2024-08-07,XLV,15353.925771685104
2024-08-08,XLV,15693.58453060816
2024-08-09,XLV,15771.400373862045
2024-08-12,XLV,15711.461569554855
2024-08-13,XLV,15901.793008727882
2024-08-14,XLV,15958.575478769479
2024-08-15,XLV,16058.480680818457
2024-08-16,XLV,16075.30173418234
2024-08-19,XLV,16173.09662542039
2024-08-20,XLV,16238.295433385343
2024-08-21,XLV,16265.63649406475
2024-08-22,XLV,16276.151520316202
2024-08-23,XLV,16346.603690520156
2024-08-26,XLV,16338.19233366087
2024-08-27,XLV,16363.43304565749
2024-08-28,XLV,16382.35776841354
2024-08-29,XLV,16417.060841788185
2024-08-30,XLV,16530.627442226072
2024-09-03,XLV,16499.082363471713
2024-09-04,XLV,16470.69195862826
2024-09-05,XLV,16244.601460497775
2024-09-06,XLV,16188.869994974917
2024-09-09,XLV,16302.438255767493
2024-09-10,XLV,16377.102745819853
2024-09-11,XLV,16328.728311928162
2024-09-12,XLV,16387.616111716616
2024-09-13,XLV,16421.266520217832
2024-09-16,XLV,16534.836441365096
2024-09-17,XLV,16364.482389821542
2024-09-18,XLV,16337.141329142136
2024-09-19,XLV,16396.029128930593
2024-09-20,XLV,16328.728311928162
2024-09-23,XLV,16296.746559890347
2024-09-24,XLV,16264.027610370194
2024-09-25,XLV,16105.70448891002
2024-09-26,XLV,16159.534848312887
2024-09-27,XLV,16151.091944714492
2024-09-30,XLV,16256.64069235461
2024-10-01,XLV,16171.145708659707
2024-10-02,XLV,16138.42343843017
2024-10-03,XLV,15992.767162899623
2024-10-04,XLV,16005.434008829252
2024-10-07,XLV,15934.714521520214
2024-10-08,XLV,16021.263830443233
2024-10-09,XLV,16184.86521946276
2024-10-10,XLV,16124.702267272423
2024-10-11,XLV,16242.919521196856
2024-10-14,XLV,16332.6367868683
2024-10-15,XLV,16133.146831225504
2024-10-16,XLV,16178.530966320595
2024-10-17,XLV,16084.593079027296
2024-10-18,XLV,16162.70446541599
2024-10-21,XLV,15972.71173859971
2024-10-22,XLV,15949.49333861545
2024-10-23,XLV,15874.551569329871
2024-10-24,XLV,15770.060467627252
2024-10-25,XLV,15683.507837994852
2024-10-28,XLV,15706.7278983338
2024-10-29,XLV,15663.454074049636
2024-10-30,XLV,15633.898100213839
2024-10-31,XLV,15501.962995841037
2024-11-01,XLV,15593.793893032787
2024-11-04,XLV,15491.411441786404
2024-11-05,XLV,15605.403093024917
2024-11-06,XLV,15625.458517324822
2024-11-07,XLV,15738.395843335216
2024-11-08,XLV,15851.32652792685
2024-11-11,XLV,15758.44794692574
2024-11-12,XLV,15538.907548047111
2024-11-13,XLV,15497.742374219184
2024-11-14,XLV,15253.927589773486
2024-11-15,XLV,14971.051300892026
2024-11-18,XLV,14981.609496365418
2024-11-19,XLV,14904.5590766236
2024-11-20,XLV,15080.825651218063
2024-11-21,XLV,15202.205880826852
2024-11-22,XLV,15215.930372693978
2024-11-25,XLV,15345.751845546474
2024-11-26,XLV,15428.078872492952
2024-11-27,XLV,15510.40755979412
2024-11-29,XLV,15558.962972347015
2024-12-02,XLV,15531.517309322142
2024-12-03,XLV,15496.688048991064
2024-12-04,XLV,15488.245145392668
2024-12-05,XLV,15315.144867191937
2024-12-06,XLV,15228.593897914227
2024-12-09,XLV,15272.923707781198
2024-12-10,XLV,15209.59445919713
2024-12-11,XLV,15002.71758553875
2024-12-12,XLV,14883.447666740887
2024-12-13,XLV,14881.337355929962
2024-12-16,XLV,14704.016456107378
2024-12-17,XLV,14693.461581343368
2024-12-18,XLV,14493.973286055263
2024-12-19,XLV,14384.200596083914
2024-12-20,XLV,14565.74543823773
2024-12-23,XLV,14711.214093688312
2024-12-24,XLV,14771.65100440249
2024-12-26,XLV,14801.339806613485
2024-12-27,XLV,14732.418483433663
2024-12-30,XLV,14551.114392709891
2024-12-31,XLV,14586.104707445897
2020-01-03,XLE,9970.286991601493
2020-01-06,XLE,10047.86949570303
2020-01-07,XLE,10021.45893799437
2020-01-08,XLE,9856.386577721758
2020-01-09,XLE,9929.019107165388
2020-01-10,XLE,9872.89554105822
2020-01-13,XLE,9876.197169219875
2020-01-14,XLE,9877.84716077251
2020-01-15,XLE,9805.215453857072
2020-01-16,XLE,9821.723594665344
2020-01-17,XLE,9758.995127178485
2020-01-21,XLE,9584.020350005485
2020-01-22,XLE,9491.580519176503
2020-01-23,XLE,9455.26507698288
2020-01-24,XLE,9346.316282817434
2020-01-27,XLE,9087.158212804165
2020-01-28,XLE,9128.424452183885
2020-01-29,XLE,9032.682993193248
2020-01-30,XLE,9105.313055052304
2020-01-31,XLE,8821.391951298432
2020-02-03,XLE,8705.843190922446
2020-02-04,XLE,8737.20783592997
2020-02-05,XLE,9065.69762975341
2020-02-06,XLE,8973.257798924427
2020-02-07,XLE,8910.530976493952
2020-02-10,XLE,8865.962286424383
2020-02-11,XLE,8965.00372852029
2020-02-12,XLE,9085.506576195145
2020-02-13,XLE,9057.445204405656
2020-02-14,XLE,9009.574063646241
2020-02-18,XLE,8935.29318770636
2020-02-19,XLE,9054.141931187618
2020-02-20,XLE,9044.240336815423
2020-02-21,XLE,8936.942356730804
2020-02-24,XLE,8524.265157426136
2020-02-25,XLE,8147.902577786901
2020-02-26,XLE,7901.946085251098
2020-02-27,XLE,7479.366469046043
2020-02-28,XLE,7472.762390194542
2020-03-02,XLE,7774.842448837512
2020-03-03,XLE,7537.1392041776535
2020-03-04,XLE,7715.417254568691
2020-03-05,XLE,7433.145319839264
2020-03-06,XLE,7015.51814587669
2020-03-09,XLE,5602.508891941016
2020-03-10,XLE,5868.273097126266
2020-03-11,XLE,5557.939379343256
2020-03-12,XLE,4864.642293182277
2020-03-13,XLE,5313.634112152376
2020-03-16,XLE,4590.624428856985
2020-03-17,XLE,4621.987017544031
2020-03-18,XLE,3958.40170598927
2020-03-19,XLE,4227.467950600271
2020-03-20,XLE,4268.735423772281
2020-03-23,XLE,3977.784994091779
2020-03-24,XLE,4615.715240081996
2020-03-25,XLE,4833.421590608306
2020-03-26,XLE,5128.75979692766
2020-03-27,XLE,4781.105096236622
2020-03-30,XLE,4830.046346173493
2020-03-31,XLE,4904.30295753172
2020-04-01,XLE,4661.282068112245
2020-04-02,XLE,5088.256041181685
2020-04-03,XLE,5034.251307696447
2020-04-06,XLE,5300.900964480109
2020-04-07,XLE,5413.972681206664
2020-04-08,XLE,5775.129182165155
2020-04-09,XLE,5722.811865265277
2020-04-13,XLE,5704.247815241744
2020-04-14,XLE,5677.244625970934
2020-04-15,XLE,5410.597436771848
2020-04-16,XLE,5179.390931034466
2020-04-17,XLE,5729.562765399003
2020-04-20,XLE,5550.672342769213
2020-04-21,XLE,5452.788609103183
2020-04-22,XLE,5646.867014793498
2020-04-23,XLE,5829.1347381785845
2020-04-24,XLE,5842.635304653751
2020-04-27,XLE,5969.209232911854
2020-04-28,XLE,6105.908894474404
2020-04-29,XLE,6558.198640229295
2020-04-30,XLE,6413.061073211755
2020-05-01,XLE,6050.2163331397105
2020-05-04,XLE,6259.484778211031
2020-05-05,XLE,6264.546205438919
2020-05-06,XLE,6100.845822190133
2020-05-07,XLE,6259.484778211031
2020-05-08,XLE,6544.6964286977445
2020-05-11,XLE,6429.936472857638
2020-05-12,XLE,6316.862699810604
2020-05-13,XLE,6029.963632738529
2020-05-14,XLE,6097.469343963028
2020-05-15,XLE,6073.843455447512
2020-05-18,XLE,6570.010556326811
2020-05-19,XLE,6386.056650148654
2020-05-20,XLE,6640.89110072203
2020-05-21,XLE,6534.571106657394
2020-05-22,XLE,6494.06817343961
2020-05-26,XLE,6674.644367598376
2020-05-27,XLE,6760.717007695081
2020-05-28,XLE,6571.69920670446
2020-05-29,XLE,6541.321595527025
2020-06-01,XLE,6656.081140103036
2020-06-02,XLE,6841.722462866554
2020-06-03,XLE,7042.553002482884
2020-06-04,XLE,7044.2391852759565
2020-06-05,XLE,7567.410709218354
2020-06-08,XLE,7908.315743567954
2020-06-09,XLE,7611.28929813505
2020-06-10,XLE,7236.632641965488
2020-06-11,XLE,6554.82339579448
2020-06-12,XLE,6720.209550572243
2020-06-15,XLE,6740.464307293902
2020-06-16,XLE,6934.542712984218
2020-06-17,XLE,6698.271901170278
2020-06-18,XLE,6780.966829247591
2020-06-19,XLE,6678.020434561386
2020-06-22,XLE,6708.958598701493
2020-06-23,XLE,6715.795864295352
2020-06-24,XLE,6343.171264023489
2020-06-25,XLE,6464.5299522818505
2020-06-26,XLE,6240.612691379691
2020-06-29,XLE,6324.368680824352
2020-06-30,XLE,6469.658004293269
2020-07-01,XLE,6312.403363219073
2020-07-02,XLE,6382.483998947823
2020-07-06,XLE,6401.286582146961
2020-07-07,XLE,6197.88111802638
2020-07-08,XLE,6192.753888543153
2020-07-09,XLE,5886.7910855710625
2020-07-10,XLE,6074.814038713769
2020-07-13,XLE,6042.334868006433
2020-07-14,XLE,6254.285577511025
2020-07-15,XLE,6389.3220870698715
2020-07-16,XLE,6360.263811111992
2020-07-17,XLE,6271.381003448201
2020-07-20,XLE,6167.114039750153
2020-07-21,XLE,6539.739462550207
2020-07-22,XLE,6459.401077742237
2020-07-23,XLE,6447.438227721534
2020-07-24,XLE,6411.542686169794
2020-07-27,XLE,6418.379540499558
2020-07-28,XLE,6308.98575858238
2020-07-29,XLE,6440.60137339177
2020-07-30,XLE,6187.625836531732
2020-07-31,XLE,6158.5675605738525
2020-08-03,XLE,6180.787337145584
2020-08-04,XLE,6331.206768946399
2020-08-05,XLE,6397.866921189787
2020-08-06,XLE,6346.59133624475
2020-08-07,XLE,6355.136581628763
2020-08-10,XLE,6551.704780155484
2020-08-11,XLE,6529.484181055561
2020-08-12,XLE,6594.437176036986
2020-08-13,XLE,6466.2391658642855
2020-08-14,XLE,6527.772911152639
2020-08-17,XLE,6490.170623603033
2020-08-18,XLE,6408.123436476718
2020-08-19,XLE,6334.623962318991
2020-08-20,XLE,6197.881118026375
2020-08-21,XLE,6158.56756057385
2020-08-24,XLE,6327.785462932845
2020-08-25,XLE,6238.903889061341
2020-08-26,XLE,6107.288685516048
2020-08-27,XLE,6119.254003121326
2020-08-28,XLE,6228.647373774408
2020-08-31,XLE,6093.614976856521
2020-09-01,XLE,6052.591794557459
2020-09-02,XLE,6023.533929863675
2020-09-03,XLE,5979.093142927924
2020-09-04,XLE,5960.288503408307
2020-09-08,XLE,5743.209741892296
2020-09-09,XLE,5782.5241218730125
2020-09-10,XLE,5570.572589840228
2020-09-11,XLE,5575.700230587551
2020-09-14,XLE,5618.4326264690535
2020-09-15,XLE,5577.409032905895
2020-09-16,XLE,5801.326293808054
2020-09-17,XLE,5809.874006776643
2020-09-18,XLE,5744.921011795216
2020-09-21,XLE,5554.499155181292
2020-09-22,XLE,5497.16482757588
2020-09-23,XLE,5248.715663355001
2020-09-24,XLE,5246.978483814041
2020-09-25,XLE,5243.5028909398325
2020-09-28,XLE,5366.85908891184
2020-09-29,XLE,5219.179498517719
2020-09-30,XLE,5203.543648856791
2020-10-01,XLE,5043.70174535547
2020-10-02,XLE,5092.348530199697
2020-10-05,XLE,5245.240893008986
2020-10-06,XLE,5167.056709535189
2020-10-07,XLE,5240.029354386105
2020-10-08,XLE,5436.3557296244535
2020-10-09,XLE,5349.485648445856
2020-10-12,XLE,5363.384318565826
2020-10-13,XLE,5279.988185205053
2020-10-14,XLE,5302.575220614398
2020-10-15,XLE,5366.859088911841
2020-10-16,XLE,5245.240893008987
2020-10-19,XLE,5134.047830672372
2020-10-20,XLE,5194.855694831512
2020-10-21,XLE,5095.823300545713
2020-10-22,XLE,5306.05040222451
2020-10-23,XLE,5279.988185205053
2020-10-26,XLE,5090.611761922834
2020-10-27,XLE,5024.589480292142
2020-10-28,XLE,4814.362789877441
2020-10-29,XLE,4962.042380271562
2020-10-30,XLE,4989.841365567883
2020-11-02,XLE,5160.107991371348
2020-11-03,XLE,5130.571826534067
2020-11-04,XLE,5137.520544697908
2020-11-05,XLE,5137.520544697908
2020-11-06,XLE,5026.326248569006
2020-11-09,XLE,5743.8780460480875
2020-11-10,XLE,5929.780110248386
2020-11-11,XLE,5868.970601032863
2020-11-12,XLE,5679.59253269426
2020-11-13,XLE,5886.344452762944
2020-11-16,XLE,6273.787309673142
2020-11-17,XLE,6338.071589234682
2020-11-18,XLE,6153.90588204715
2020-11-19,XLE,6254.6754558739085
2020-11-20,XLE,6221.664931954707
2020-11-23,XLE,6661.231400375629
2020-11-24,XLE,7003.500186467138
2020-11-25,XLE,6840.181867563416
2020-11-27,XLE,6760.2633833973305
2020-11-30,XLE,6386.717551550717
2020-12-01,XLE,6416.255361444381
2020-12-02,XLE,6624.744461054026
2020-12-03,XLE,6694.238634182064
2020-12-04,XLE,7059.097334531589
2020-12-07,XLE,6894.043069879194
2020-12-08,XLE,6996.549000718722
2020-12-09,XLE,7012.18690670013
2020-12-10,XLE,7227.625958265903
2020-12-11,XLE,7144.229824905131
2020-12-14,XLE,6894.043069879195
2020-12-15,XLE,7029.559524637925
2020-12-16,XLE,6994.811821177763
2020-12-17,XLE,6961.800474730369
2020-12-18,XLE,6845.394228714491
2020-12-21,XLE,6713.34637534034
2020-12-22,XLE,6600.664948240767
2020-12-23,XLE,6746.799008162605
2020-12-24,XLE,6711.585753745917
2020-12-28,XLE,6669.330424215625
2020-12-29,XLE,6625.313650562716
2020-12-30,XLE,6729.193203482453
2020-12-31,XLE,6672.85207866857
2021-01-04,XLE,6683.415396971024
2021-01-05,XLE,6982.725591928302
2021-01-06,XLE,7195.762861174187
2021-01-07,XLE,7301.403446952444
2021-01-08,XLE,7292.600750244415
2021-01-11,XLE,7407.040742617935
2021-01-12,XLE,7665.85664090344
2021-01-13,XLE,7605.994684164804
2021-01-14,XLE,7831.35753836395
2021-01-15,XLE,7526.767123679781
2021-01-19,XLE,7678.182225856701
2021-01-20,XLE,7706.351348839307
2021-01-21,XLE,7445.774417695281
2021-01-22,XLE,7407.040742617935
2021-01-25,XLE,7331.334425321763
2021-01-26,XLE,7174.6370470974725
2021-01-27,XLE,7077.801625611819
2021-01-28,XLE,7160.55042928569
2021-01-29,XLE,6922.86116760509
2021-02-01,XLE,6972.160217305369
2021-02-02,XLE,7047.8698247143075
2021-02-03,XLE,7348.938996209627
2021-02-04,XLE,7429.931702194128
2021-02-05,XLE,7493.313257065231
2021-02-08,XLE,7806.707190985619
2021-02-09,XLE,7723.957564783555
2021-02-10,XLE,7871.852246299817
2021-02-11,XLE,7750.366477435833
2021-02-12,XLE,7864.808114865735
2021-02-16,XLE,8062.001846082275
2021-02-17,XLE,8181.726582087738
2021-02-18,XLE,7996.859258352651
2021-02-19,XLE,8130.667322057131
2021-02-22,XLE,8412.370067277872
2021-02-23,XLE,8551.462052086104
2021-02-24,XLE,8854.293078968136
2021-02-25,XLE,8683.510727988447
2021-02-26,XLE,8477.516767648453
2021-03-01,XLE,8697.596523272037
2021-03-02,XLE,8650.059328958469
2021-03-03,XLE,8776.824906285248
2021-03-04,XLE,8986.341754870477
2021-03-05,XLE,9322.625825838866
2021-03-08,XLE,9340.232864311305
2021-03-09,XLE,9176.491354652933
2021-03-10,XLE,9408.896695229778
2021-03-11,XLE,9412.417938418626
2021-03-12,XLE,9431.785187221394
2021-03-15,XLE,9324.387681225575
2021-03-16,XLE,9058.52847403418
2021-03-17,XLE,9128.954160339365
2021-03-18,XLE,8718.72398240513
2021-03-19,XLE,8720.485015263652
2021-03-22,XLE,8636.855283896424
2021-03-23,XLE,8510.5223563985
2021-03-24,XLE,8724.042449692937
2021-03-25,XLE,8756.070052423007
2021-03-26,XLE,8973.147580146731
2021-03-29,XLE,8866.389178555895
2021-03-30,XLE,8789.8784286882
2021-03-31,XLE,8729.380657657348
2021-04-01,XLE,8951.796393345481
2021-04-05,XLE,8738.278767635618
2021-04-06,XLE,8715.145984771052
2021-04-07,XLE,8745.394459022384
2021-04-08,XLE,8631.5187209884
2021-04-09,XLE,8574.579206915027
2021-04-12,XLE,8506.96574449741
2021-04-13,XLE,8515.860564362913
2021-04-14,XLE,8752.512617993723
2021-04-15,XLE,8681.339253562244
2021-04-16,XLE,8611.945840137698
2021-04-19,XLE,8603.047730159427
2021-04-20,XLE,8375.296254091461
2021-04-21,XLE,8482.053010625912
2021-04-22,XLE,8382.411945478225
2021-04-23,XLE,8458.923517874113
2021-04-26,XLE,8515.86056436291
2021-04-27,XLE,8619.061531524461
2021-04-28,XLE,8916.211356186128
2021-04-29,XLE,9015.851598805622
2021-04-30,XLE,8788.098477681273
2021-05-03,XLE,9030.08709422011
2021-05-04,XLE,9035.425302184518
2021-05-05,XLE,9327.235273825392
2021-05-06,XLE,9375.276677920496
2021-05-07,XLE,9542.533673070377
2021-05-10,XLE,9546.093575084238
2021-05-11,XLE,9300.544234003348
2021-05-12,XLE,9345.029026197359
2021-05-13,XLE,9231.1508205788
2021-05-14,XLE,9517.621761727072
2021-05-17,XLE,9738.25919146466
2021-05-18,XLE,9512.284376290858
2021-05-19,XLE,9275.63479024462
2021-05-20,XLE,9261.397649773748
2021-05-21,XLE,9280.972175680836
2021-05-24,XLE,9373.497549441758
2021-05-25,XLE,9183.110239011887
2021-05-26,XLE,9264.95919684399
2021-05-27,XLE,9272.075710758949
2021-05-28,XLE,9289.869463130914
2021-06-01,XLE,9647.512123654282
2021-06-02,XLE,9827.226308268102
2021-06-03,XLE,9853.914880505572
2021-06-04,XLE,9919.750859500835
2021-06-07,XLE,9877.046840841947
2021-06-08,XLE,9962.454055631531
2021-06-09,XLE,9900.17797865013
2021-06-10,XLE,9887.722434242574
2021-06-11,XLE,9853.914880505574
2021-06-14,XLE,9811.210861846686
2021-06-15,XLE,9998.040737847272
2021-06-16,XLE,9944.661948315952
2021-06-17,XLE,9606.589701058712
2021-06-18,XLE,9321.895420804605
2021-06-21,XLE,9719.146103873141
2021-06-22,XLE,9783.856864302099
2021-06-23,XLE,9810.82016095561
2021-06-24,XLE,9895.302031529485
2021-06-25,XLE,9947.429755681165
2021-06-28,XLE,9611.295384843672
2021-06-29,XLE,9564.56262310163
2021-06-30,XLE,9683.197509253036
2021-07-01,XLE,9852.163717985357
2021-07-02,XLE,9830.592093628717
2021-07-06,XLE,9510.6368523228
2021-07-07,XLE,9356.047613853945
2021-07-08,XLE,9302.122665603305
2021-07-09,XLE,9499.850217616287
2021-07-12,XLE,9485.471602296437
2021-07-13,XLE,9413.570300415264
2021-07-14,XLE,9133.158924455558
2021-07-15,XLE,9005.536272752983
2021-07-16,XLE,8750.287679235065
2021-07-19,XLE,8441.114959994698
2021-07-20,XLE,8554.358996377425
2021-07-21,XLE,8852.744258383087
2021-07-22,XLE,8753.885417545747
2021-07-23,XLE,8721.527981010788
2021-07-26,XLE,8937.229419069728
2021-07-27,XLE,8854.543950066622
2021-07-28,XLE,8935.433840027154
2021-07-29,XLE,9021.712112171792
2021-07-30,XLE,8877.911153465833
2021-08-02,XLE,8811.40399146611
2021-08-03,XLE,8962.393846567898
2021-08-04,XLE,8719.731579440024
2021-08-05,XLE,8818.59371039013
2021-08-06,XLE,8899.482777822474
2021-08-09,XLE,8773.654882634279
2021-08-10,XLE,8928.240830990366
2021-08-11,XLE,8998.346553828964
2021-08-12,XLE,8989.356320693218
2021-08-13,XLE,8883.304470819088
2021-08-16,XLE,8719.731579440024
2021-08-17,XLE,8629.853101400127
2021-08-18,XLE,8450.10190301768
2021-08-19,XLE,8230.806016760826
2021-08-20,XLE,8248.781547863167
2021-08-23,XLE,8557.954267103532
2021-08-24,XLE,8699.958824238725
2021-08-25,XLE,8766.465163710258
2021-08-26,XLE,8633.45083971081
2021-08-27,XLE,8863.531715617792
2021-08-30,XLE,8759.276267314428
2021-08-31,XLE,8699.958824238725
2021-09-01,XLE,8572.334527479767
2021-09-02,XLE,8789.834834694046
2021-09-03,XLE,8739.501867056748
2021-09-07,XLE,8687.37661048964
2021-09-08,XLE,8575.928975677682
2021-09-09,XLE,8593.905329308214
2021-09-10,XLE,8590.310058582108
2021-09-13,XLE,8836.569241492472
2021-09-14,XLE,8708.944944733514
2021-09-15,XLE,9034.293503392686
2021-09-16,XLE,8931.836101716473
2021-09-17,XLE,8865.32976224494
2021-09-20,XLE,8594.610235968536
2021-09-21,XLE,8614.623169401822
2021-09-22,XLE,8880.247956058573
2021-09-23,XLE,9191.356906662302
2021-09-24,XLE,9260.492868762834
2021-09-27,XLE,9589.795320439714
2021-09-28,XLE,9622.541812809368
2021-09-29,XLE,9622.541812809368
2021-09-30,XLE,9476.99462675234
2021-10-01,XLE,9795.381306796606
2021-10-04,XLE,9955.482306678326
2021-10-05,XLE,10013.702497146243
2021-10-06,XLE,9908.18117795579
2021-10-07,XLE,9984.593224440478
2021-10-08,XLE,10292.063310323936
2021-10-11,XLE,10253.857698345688
2021-10-12,XLE,10262.952392561783
2021-10-13,XLE,10253.857698345688
2021-10-14,XLE,10379.39195096943
2021-10-15,XLE,10430.334411996811
2021-10-18,XLE,10437.611318909157
2021-10-19,XLE,10555.870309676935
2021-10-20,XLE,10641.379517962296
2021-10-21,XLE,10444.889870877887
2021-10-22,XLE,10543.134283155994
2021-10-25,XLE,10697.779453541887
2021-10-26,XLE,10759.638508730073
2021-10-27,XLE,10450.347345430098
2021-10-28,XLE,10524.93995955465
2021-10-29,XLE,10455.803997454117
2021-11-01,XLE,10635.922043410083
2021-11-02,XLE,10535.856553715457
2021-11-03,XLE,10448.527913069962
2021-11-04,XLE,10463.081726894654
2021-11-05,XLE,10599.532573679202
2021-11-08,XLE,10695.960843709941
2021-11-09,XLE,10739.62310771221
2021-11-10,XLE,10455.803997454117
2021-11-11,XLE,10495.830686848882
2021-11-12,XLE,10470.359456335193
2021-11-15,XLE,10557.688096980686
2021-11-16,XLE,10574.063810750087
2021-11-17,XLE,10412.140088395465
2021-11-18,XLE,10350.283500791855
2021-11-19,XLE,9946.385967405846
2021-11-22,XLE,10122.86268105697
2021-11-23,XLE,10433.974099245273
2021-11-24,XLE,10535.856553715459
2021-11-26,XLE,10111.94937700893
2021-11-29,XLE,10170.166277364082
2021-11-30,XLE,9931.832153581156
2021-12-01,XLE,9826.31001186251
2021-12-02,XLE,10111.94937700893
2021-12-03,XLE,10031.894353163016
2021-12-06,XLE,10181.082048996697
2021-12-07,XLE,10419.417817836007
2021-12-08,XLE,10417.598385475872
2021-12-09,XLE,10337.546651742723
2021-12-10,XLE,10413.959520755603
2021-12-13,XLE,10124.68458100168
2021-12-14,XLE,10082.835991662205
2021-12-15,XLE,10033.716253107725
2021-12-16,XLE,10097.393918127855
2021-12-17,XLE,9891.804641658198
2021-12-20,XLE,9769.254521314098
2021-12-21,XLE,10047.533081672615
2021-12-22,XLE,10112.033274884487
2021-12-23,XLE,10117.563131917574
2021-12-27,XLE,10338.71135166223
2021-12-28,XLE,10331.340676536027
2021-12-29,XLE,10264.994730061884
2021-12-30,XLE,10202.336177471325
2021-12-31,XLE,10228.138064318098
2022-01-03,XLE,10545.119043682676
2022-01-04,XLE,10910.013935272638
2022-01-05,XLE,10908.168182010368
2022-01-06,XLE,11151.431717246405
2022-01-07,XLE,11304.395640008375
2022-01-10,XLE,11269.38143741409
2022-01-11,XLE,11652.704250611852
2022-01-12,XLE,11674.818743575042
2022-01-13,XLE,11615.84593981168
2022-01-14,XLE,11888.597110721688
2022-01-18,XLE,11936.50937789069
2022-01-19,XLE,11849.89551424382
2022-01-20,XLE,11741.163867520994
2022-01-21,XLE,11508.959223822934
2022-01-24,XLE,11586.359949194097
2022-01-25,XLE,12036.030353922382
2022-01-26,XLE,12015.757501580503
2022-01-27,XLE,12146.604463794713
2022-01-28,XLE,12095.002335157555
2022-01-31,XLE,12148.446926944216
2022-02-01,XLE,12581.531050686017
2022-02-02,XLE,12622.073465257006
2022-02-03,XLE,12502.287039637162
2022-02-04,XLE,12697.63501759143
2022-02-07,XLE,12859.80714345996
2022-02-08,XLE,12583.37351383552
2022-02-09,XLE,12688.41612161838
2022-02-10,XLE,12609.1745781541
2022-02-11,XLE,12975.913577949948
2022-02-14,XLE,12669.99149012335
2022-02-15,XLE,12537.301242231446
2022-02-16,XLE,12638.661391299876
2022-02-17,XLE,12618.391006542575
2022-02-18,XLE,12540.988636115031
2022-02-22,XLE,12338.267515449981
2022-02-23,XLE,12465.4279063088
2022-02-24,XLE,12367.752683539376
2022-02-25,XLE,12693.946801179663
2022-02-28,XLE,13007.242854245236
2022-03-01,XLE,13138.088993931251
2022-03-02,XLE,13438.480402196576
2022-03-03,XLE,13475.342825637708
2022-03-04,XLE,13864.196318396747
2022-03-07,XLE,14068.760724739494
2022-03-08,XLE,14289.910589540536
2022-03-09,XLE,13853.136604330579
2022-03-10,XLE,14277.005122212095
2022-03-11,XLE,14162.744440984376
2022-03-14,XLE,13738.875100574667
2022-03-15,XLE,13235.762571644294
2022-03-16,XLE,13174.946482203235
2022-03-17,XLE,13628.303458286915
2022-03-18,XLE,13615.398813486665
2022-03-21,XLE,14164.259537913566
2022-03-22,XLE,14060.068246809158
2022-03-23,XLE,14301.937596760195
2022-03-24,XLE,14337.289858441287
2022-03-25,XLE,14651.716065242314
2022-03-28,XLE,14288.915330428526
2022-03-29,XLE,14251.704155034095
2022-03-30,XLE,14417.293885539313
2022-03-31,XLE,14221.93521471855
2022-04-01,XLE,14337.289858441285
2022-04-04,XLE,14355.893801082117
2022-04-05,XLE,14130.769480058574
2022-04-06,XLE,14214.492979639661
2022-04-07,XLE,14400.545566499048
2022-04-08,XLE,14796.83964928059
2022-04-11,XLE,14352.171038486285
2022-04-12,XLE,14590.322561010644
2022-04-13,XLE,14808.0046469553
2022-04-14,XLE,14856.377529911675
2022-04-18,XLE,15074.057970799948
2022-04-19,XLE,14951.266027167476
2022-04-20,XLE,15008.940058916076
2022-04-21,XLE,14532.645239149275
2022-04-22,XLE,14177.278514132458
2022-04-25,XLE,13708.427574500927
2022-04-26,XLE,13727.033984726333
2022-04-27,XLE,13927.973509328069
2022-04-28,XLE,14350.313769829329
2022-04-29,XLE,13981.928068593612
2022-05-02,XLE,14205.193475903816
2022-05-03,XLE,14603.343182285931
2022-05-04,XLE,15209.882051102393
2022-05-05,XLE,14981.033322426641
2022-05-06,XLE,15427.564137047048
2022-05-09,XLE,14151.237271581893
2022-05-10,XLE,14279.61089152353
2022-05-11,XLE,14471.250089861236
2022-05-12,XLE,14532.64523914928
2022-05-13,XLE,15029.4078504394
2022-05-16,XLE,15425.70522333371
2022-05-17,XLE,15604.313930057831
2022-05-18,XLE,15204.302019849614
2022-05-19,XLE,15148.4819666452
2022-05-20,XLE,15213.601523585454
2022-05-23,XLE,15615.47728267616
2022-05-24,XLE,15675.011873194484
2022-05-25,XLE,15998.749099126035
2022-05-26,XLE,16175.500537193198
2022-05-27,XLE,16471.322801353395
2022-05-31,XLE,16223.87013003681
2022-06-01,XLE,16488.071120393655
2022-06-02,XLE,16435.973829785067
2022-06-03,XLE,16653.65920584249
2022-06-06,XLE,16635.051973088892
2022-06-07,XLE,17131.814584379015
2022-06-08,XLE,17169.027404829827
2022-06-09,XLE,16789.4767059194
2022-06-10,XLE,16504.81285920838
2022-06-13,XLE,15643.388954334752
2022-06-14,XLE,15673.154604537529
2022-06-15,XLE,15327.093963482088
2022-06-16,XLE,14463.804564669586
2022-06-17,XLE,13673.077780404417
2022-06-21,XLE,14381.426721210191
2022-06-22,XLE,13805.717854076622
2022-06-23,XLE,13293.974536830296
2022-06-24,XLE,13468.944378834145
2022-06-27,XLE,13864.041683096699
2022-06-28,XLE,14238.440065414055
2022-06-29,XLE,13743.628490994746
2022-06-30,XLE,13453.897870622597
2022-07-01,XLE,13655.20342026966
2022-07-05,XLE,13113.360506374707
2022-07-06,XLE,12889.474090279738
2022-07-07,XLE,13354.17948782489
2022-07-08,XLE,13348.535299373152
2022-07-11,XLE,13220.601732014096
2022-07-12,XLE,12962.851007736897
2022-07-13,XLE,12942.15373084808
2022-07-14,XLE,12697.57168292068
2022-07-15,XLE,12904.526356188628
2022-07-18,XLE,13199.90363259709
2022-07-19,XLE,13606.286846178546
2022-07-20,XLE,13737.985947599396
2022-07-21,XLE,13497.1686112056
2022-07-22,XLE,13386.164319088988
2022-07-25,XLE,13877.208714390119
2022-07-26,XLE,13751.154623949196
2022-07-27,XLE,14061.584988794735
2022-07-28,XLE,14140.606917231822
2022-07-29,XLE,14753.94151396846
2022-08-01,XLE,14449.155337574657
2022-08-02,XLE,14415.291851920618
2022-08-03,XLE,14001.379215271952
2022-08-04,XLE,13482.117167824905
2022-08-05,XLE,13749.275147031063
2022-08-08,XLE,13820.766829872746
2022-08-09,XLE,14063.470223410208
2022-08-10,XLE,14165.063970485093
2022-08-11,XLE,14652.34612183719
2022-08-12,XLE,14763.347946369226
2022-08-15,XLE,14475.494335330632
2022-08-16,XLE,14441.62920462021
2022-08-17,XLE,14562.037461553013
2022-08-18,XLE,14953.36840922558
2022-08-19,XLE,14949.609455389316
2022-08-22,XLE,14921.383577961482
2022-08-23,XLE,15459.466715491983
2022-08-24,XLE,15649.492113517486
2022-08-25,XLE,15769.898725393907
2022-08-26,XLE,15585.517515820138
2022-08-29,XLE,15820.698066515924
2022-08-30,XLE,15284.500163600898
2022-08-31,XLE,15145.272461641027
2022-09-01,XLE,14772.759313939145
2022-09-02,XLE,15043.677069509758
2022-09-06,XLE,14904.45594777542
2022-09-07,XLE,14731.366405217892
2022-09-08,XLE,14795.337712802471
2022-09-09,XLE,15164.085326442555
2022-09-12,XLE,15442.535795193146
2022-09-13,XLE,15053.085146966903
2022-09-14,XLE,15478.281225349892
2022-09-15,XLE,15079.425789779263
2022-09-16,XLE,14757.702112861098
2022-09-19,XLE,14766.455457877622
2022-09-20,XLE,14663.749652687504
2022-09-21,XLE,14448.832906523485
2022-09-22,XLE,14397.480826456616
2022-09-23,XLE,13404.681896269682
2022-09-26,XLE,13075.65334648065
2022-09-27,XLE,13222.101200907637
2022-09-28,XLE,13807.887683446434
2022-09-29,XLE,13807.887683446434
2022-09-30,XLE,13697.577605123653
2022-10-03,XLE,14471.656418787954
2022-10-04,XLE,15093.583145015535
2022-10-05,XLE,15405.495705662597
2022-10-06,XLE,15679.371272610715
2022-10-07,XLE,15557.650260683893
2022-10-10,XLE,15238.129314263213
2022-10-11,XLE,15116.403367167239
2022-10-12,XLE,15238.129314263213
2022-10-13,XLE,15860.052750378027
2022-10-14,XLE,15268.55956724492
2022-10-17,XLE,15458.751115965155
2022-10-18,XLE,15593.785569203523
2022-10-19,XLE,16054.047669456879
2022-10-20,XLE,16069.26279594773
2022-10-21,XLE,16533.333201728856
2022-10-24,XLE,16611.31051936243
2022-10-25,XLE,16628.43062114536
2022-10-26,XLE,16854.75912344161
2022-10-27,XLE,16915.616339292257
2022-10-28,XLE,16974.57516007636
2022-10-31,XLE,17117.21964414473
2022-11-01,XLE,17282.685995421187
2022-11-02,XLE,16866.1659444047
2022-11-03,XLE,17178.07850505176
2022-11-04,XLE,17387.29019567785
2022-11-07,XLE,17685.892605126133
2022-11-08,XLE,17703.009416796296
2022-11-09,XLE,16837.639021658684
2022-11-10,XLE,17212.312128392085
2022-11-11,XLE,17712.51784269284
2022-11-14,XLE,17706.81278715491
2022-11-15,XLE,17893.199320460146
2022-11-16,XLE,17528.031349510526
2022-11-17,XLE,17566.068343209467
2022-11-18,XLE,17427.230519612483
2022-11-21,XLE,17191.393591419685
2022-11-22,XLE,17729.637944475766
2022-11-23,XLE,17537.54142046345
2022-11-25,XLE,17472.87589908504
2022-11-28,XLE,16993.596947038597
2022-11-29,XLE,17250.350767147404
2022-11-30,XLE,17335.934825498214
2022-12-01,XLE,17278.884270118953
2022-12-02,XLE,17176.17681987245
2022-12-05,XLE,16666.469259900685
2022-12-06,XLE,16227.12898673249
2022-12-07,XLE,16189.087057864399
2022-12-08,XLE,16116.811505655984
2022-12-09,XLE,15725.021587252424
2022-12-12,XLE,16137.734977797529
2022-12-13,XLE,16443.942482906663
2022-12-14,XLE,16343.141653008617
2022-12-15,XLE,16244.240863233497
2022-12-16,XLE,16044.540888616717
2022-12-19,XLE,16042.616172648039
2022-12-20,XLE,16284.727345887446
2022-12-21,XLE,16594.086779027337
2022-12-22,XLE,16211.711518306463
2022-12-23,XLE,16728.59481422299
2022-12-27,XLE,16907.2939990482
2022-12-28,XLE,16528.75829992638
2022-12-29,XLE,16701.69485224024
2022-12-30,XLE,16807.376564428087
2023-01-03,XLE,16217.475795874194
2023-01-04,XLE,16215.554370018284
2023-01-05,XLE,16511.463822166803
2023-01-06,XLE,16824.66939713128
2023-01-09,XLE,16765.105195598055
2023-01-10,XLE,16884.23688877727
2023-01-11,XLE,16936.115386886857
2023-01-12,XLE,17258.931381243656
2023-01-13,XLE,17283.90827231411
2023-01-17,XLE,17320.41865368918
2023-01-18,XLE,17003.370227012878
2023-01-19,XLE,17214.733651388564
2023-01-20,XLE,17385.74877784652
2023-01-23,XLE,17408.80917823021
2023-01-24,XLE,17341.554338104193
2023-01-25,XLE,17343.477409016486
2023-01-26,XLE,17891.105163683966
2023-01-27,XLE,17529.865587378106
2023-01-30,XLE,17128.26784281621
2023-01-31,XLE,17280.065420602292
2023-02-01,XLE,16939.959883655065
2023-02-02,XLE,16553.73519099684
2023-02-03,XLE,16517.231389847304
2023-02-06,XLE,16442.29413641041
2023-02-07,XLE,16976.470265030133
2023-02-08,XLE,16824.669397131285
2023-02-09,XLE,16680.55423265608
2023-02-10,XLE,17333.870279736937
2023-02-13,XLE,17289.67090482546
2023-02-14,XLE,17295.43847250596
2023-02-15,XLE,17001.448801156967
2023-02-16,XLE,16834.274881354453
2023-02-17,XLE,16234.766983521007
2023-02-21,XLE,16154.065452516383
2023-02-22,XLE,16046.45902435986
2023-02-23,XLE,16288.571842655652
2023-02-24,XLE,16267.434513184253
2023-02-27,XLE,16315.475094751166
2023-02-28,XLE,16081.051269991784
2023-03-01,XLE,16398.09311644255
2023-03-02,XLE,16542.209925974137
2023-03-03,XLE,16767.026621453966
2023-03-06,XLE,16774.712324877604
2023-03-07,XLE,16482.640789271758
2023-03-08,XLE,16313.552023838867
2023-03-09,XLE,16082.96940573492
2023-03-10,XLE,15877.365323757813
2023-03-13,XLE,15554.555909626546
2023-03-14,XLE,15708.278203381304
2023-03-15,XLE,14864.740996565306
2023-03-16,XLE,15026.144058574557
2023-03-17,XLE,14789.800453015649
2023-03-20,XLE,15085.887571253585
2023-03-21,XLE,15608.16665210794
2023-03-22,XLE,15276.158082680227
2023-03-23,XLE,15064.529804226797
2023-03-24,XLE,15122.776315596848
2023-03-27,XLE,15445.075762249235
2023-03-28,XLE,15683.885307326986
2023-03-29,XLE,15901.338730434338
2023-03-30,XLE,15971.237176168615
2023-03-31,XLE,16081.905054254801
2023-04-03,XLE,16809.990559021437
2023-04-04,XLE,16505.16161116166
2023-04-05,XLE,16753.685214183894
2023-04-06,XLE,16499.34140167689
2023-04-10,XLE,16631.367046789863
2023-04-11,XLE,16788.634437051034
2023-04-12,XLE,16800.276501076958
2023-04-13,XLE,16905.122524621995
2023-04-14,XLE,16936.187769367727
2023-04-17,XLE,16736.208135165754
2023-04-18,XLE,16802.219312665857
2023-04-19,XLE,16743.9728012958
2023-04-20,XLE,16596.41946897911
2023-04-21,XLE,16499.34140167689
2023-04-24,XLE,16751.742402595
2023-04-25,XLE,16437.21091218543
2023-04-26,XLE,16217.81138737642
2023-04-27,XLE,16276.05954380286
2023-04-28,XLE,16528.463834833732
2023-05-01,XLE,16342.074011415729
2023-05-02,XLE,15631.463940610854
2023-05-03,XLE,15336.347405639175
2023-05-04,XLE,15165.493494706803
2023-05-05,XLE,15577.101407362206
2023-05-08,XLE,15577.101407362206
2023-05-09,XLE,15582.926552016126
2023-05-10,XLE,15406.244206317067
2023-05-11,XLE,15221.793904375194
2023-05-12,XLE,15245.09612804726
2023-05-15,XLE,15322.75594979882
2023-05-16,XLE,14946.097260010556
2023-05-17,XLE,15233.44254862665
2023-05-18,XLE,15344.115361881986
2023-05-19,XLE,15462.54626104184
2023-05-22,XLE,15398.47625007425
2023-05-23,XLE,15563.506661409085
2023-05-24,XLE,15631.463940610853
2023-05-25,XLE,15353.81954948817
2023-05-26,XLE,15293.631871585605
2023-05-30,XLE,15136.36612638082
2023-05-31,XLE,14870.37366962236
2023-06-01,XLE,15054.822326507852
2023-06-02,XLE,15513.029751338236
2023-06-05,XLE,15410.126539382098
2023-06-06,XLE,15534.38587330864
2023-06-07,XLE,15945.995431020428
2023-06-08,XLE,15878.04144193143
2023-06-09,XLE,15790.672497404541
2023-06-12,XLE,15639.230251797293
2023-06-13,XLE,15713.011030596597
2023-06-14,XLE,15551.859662214021
2023-06-15,XLE,15722.715218202777
2023-06-16,XLE,15699.41792969986
2023-06-20,XLE,15348.035531243844
2023-06-21,XLE,15469.471948416325
2023-06-22,XLE,15261.854317425832
2023-06-23,XLE,15152.173473169734
2023-06-26,XLE,15424.423724410972
2023-06-27,XLE,15459.677282709055
2023-06-28,XLE,15616.370548292387
2023-06-29,XLE,15796.565089370188
2023-06-30,XLE,15898.418755353663
2023-07-03,XLE,15935.631575804478
2023-07-05,XLE,15847.494389946502
2023-07-06,XLE,15491.017251870833
2023-07-07,XLE,15823.986534226504
2023-07-10,XLE,15947.385503664484
2023-07-11,XLE,16297.98485528196
2023-07-12,XLE,16448.8003344071
2023-07-13,XLE,16386.123686196323
2023-07-14,XLE,15953.258354953523
2023-07-17,XLE,15921.921675904518
2023-07-18,XLE,16082.531820736927
2023-07-19,XLE,16176.54843810948
2023-07-20,XLE,16366.539289950932
2023-07-21,XLE,16511.478627674263
2023-07-24,XLE,16777.854382570073
2023-07-25,XLE,16865.993213484435
2023-07-26,XLE,16871.87099994263
2023-07-27,XLE,16764.14283761373
2023-07-28,XLE,16815.07049313366
2023-07-31,XLE,17134.32987558936
2023-08-01,XLE,17054.02809328592
2023-08-02,XLE,16830.738010129968
2023-08-03,XLE,17001.142820669647
2023-08-04,XLE,17024.644096164113
2023-08-07,XLE,17044.23013746589
2023-08-08,XLE,17128.453734187555
2023-08-09,XLE,17343.905123676202
2023-08-10,XLE,17341.947506579858
2023-08-11,XLE,17608.324906532056
2023-08-14,XLE,17533.89597551766
2023-08-15,XLE,17169.5883690566
2023-08-16,XLE,17020.727216915042
2023-08-17,XLE,17224.431258769226
2023-08-18,XLE,17394.831134139753
2023-08-21,XLE,17285.145354714503
2023-08-22,XLE,17151.95829979479
2023-08-23,XLE,17108.8660478294
2023-08-24,XLE,16991.349800018765
2023-08-25,XLE,17155.871888931102
2023-08-28,XLE,17271.44038998369
2023-08-29,XLE,17318.441295916244
2023-08-30,XLE,17404.62415479064
2023-08-31,XLE,17416.376437594256
2023-09-01,XLE,17772.850285557157
2023-09-05,XLE,17866.866902929713
2023-09-06,XLE,17874.700661427865
2023-09-07,XLE,17857.075527335208
2023-09-08,XLE,18029.439600027617
2023-09-11,XLE,17792.437971915315
2023-09-12,XLE,18211.591758201765
2023-09-13,XLE,18074.48617897659
2023-09-14,XLE,18286.02068921616
2023-09-15,XLE,18021.59761624754
2023-09-18,XLE,18174.31971572114
2023-09-19,XLE,18004.63050470828
2023-09-20,XLE,17836.917006411983
2023-09-21,XLE,17592.252705665407
2023-09-22,XLE,17621.847270004302
2023-09-25,XLE,17842.837564336143
2023-09-26,XLE,17740.23704275457
2023-09-27,XLE,18182.21434130549
2023-09-28,XLE,18201.943502512626
2023-09-29,XLE,17834.946228864566
2023-10-02,XLE,17479.78678095207
2023-10-03,XLE,17467.945665103747
2023-10-04,XLE,16919.42299976365
2023-10-05,XLE,16814.850055578274
2023-10-06,XLE,16915.474864443284
2023-10-09,XLE,17479.78678095207
2023-10-10,XLE,17501.49165487577
2023-10-11,XLE,17276.55322522356
2023-10-12,XLE,17296.288966656233
2023-10-13,XLE,17677.094843587263
2023-10-16,XLE,17795.482971281148
2023-10-17,XLE,17980.953208180785
2023-10-18,XLE,18144.721861269485
2023-10-19,XLE,18113.153229270407
2023-10-20,XLE,17809.29486467689
2023-10-23,XLE,17521.222461139296
2023-10-24,XLE,17274.58244767615
2023-10-25,XLE,17243.008880507925
2023-10-26,XLE,17108.83972692727
2023-10-27,XLE,16698.434350488194
2023-10-30,XLE,16753.681924071152
2023-10-31,XLE,16808.929497654113
2023-11-01,XLE,16769.46459501431
2023-11-02,XLE,17276.553225223568
2023-11-03,XLE,17102.92081405949
2023-11-06,XLE,16909.55595157551
2023-11-07,XLE,16534.66569739949
2023-11-08,XLE,16327.487296463387
2023-11-09,XLE,16278.156990691823
2023-11-10,XLE,16457.713249892833
2023-11-13,XLE,16576.101377586714
2023-11-14,XLE,16724.08406961949
2023-11-15,XLE,16692.515437620415
2023-11-16,XLE,16366.952199103196
2023-11-17,XLE,16710.272176223752
2023-11-20,XLE,16733.949472751254
2023-11-21,XLE,16696.460282828015
2023-11-22,XLE,16688.565657243667
2023-11-24,XLE,16757.630059391522
2023-11-27,XLE,16698.434350488194
2023-11-28,XLE,16702.379195695794
2023-11-29,XLE,16578.07215513413
2023-11-30,XLE,16688.56565724367
2023-12-01,XLE,16775.385152938477
2023-12-04,XLE,16698.4343504882
2023-12-05,XLE,16406.413811630242
2023-12-06,XLE,16161.747865827281
2023-12-07,XLE,16051.254363717742
2023-12-08,XLE,16224.890064994584
2023-12-11,XLE,16244.61922620172
2023-12-12,XLE,16021.654864209693
2023-12-13,XLE,16244.61922620172
2023-12-14,XLE,16722.1116470157
2023-12-15,XLE,16633.323018829862
2023-12-18,XLE,16769.180000259974
2023-12-19,XLE,16970.378621242107
2023-12-20,XLE,16813.005947372396
2023-12-21,XLE,16878.74404551284
2023-12-22,XLE,16928.544837410085
2023-12-26,XLE,17073.966176653776
2023-12-27,XLE,16998.268907167712
2023-12-28,XLE,16739.29919611035
2023-12-29,XLE,16701.448093782743
2024-01-02,XLE,16880.734563736856
2024-01-03,XLE,17155.64158103742
2024-01-04,XLE,16854.838086148036
2024-01-05,XLE,16868.781584054454
2024-01-08,XLE,16673.5610979699
2024-01-09,XLE,16406.626023903704
2024-01-10,XLE,16245.270668529576
2024-01-11,XLE,16287.102807305218
2024-01-12,XLE,16470.368668650986
2024-01-16,XLE,16077.9338881451
2024-01-17,XLE,15944.467173640192
2024-01-18,XLE,15918.572341107754
2024-01-19,XLE,15970.362006172629
2024-01-22,XLE,16030.123614471873
2024-01-23,XLE,16063.988745182298
2024-01-24,XLE,16293.076007033653
2024-01-25,XLE,16659.6159550071
2024-01-26,XLE,16783.121853110002
2024-01-29,XLE,16759.22082891435
2024-01-30,XLE,16932.527518914496
2024-01-31,XLE,16615.79165295106
2024-02-01,XLE,16613.797844614277
2024-02-02,XLE,16637.702158922697
2024-02-05,XLE,16595.866730034293
2024-02-06,XLE,16649.656783661485
2024-02-07,XLE,16683.520269315522
2024-02-08,XLE,16854.838086148033
2024-02-09,XLE,16595.86673003429
2024-02-12,XLE,16779.14081666197
2024-02-13,XLE,16609.813518053474
2024-02-14,XLE,16593.87621181027
2024-02-15,XLE,17056.03835218655
2024-02-16,XLE,17046.07753578455
2024-02-20,XLE,16890.69373508247
2024-02-21,XLE,17207.432891158678
2024-02-22,XLE,17237.312050251916
2024-02-23,XLE,17123.76532349463
2024-02-26,XLE,17183.530221906643
2024-02-27,XLE,17109.821825588213
2024-02-28,XLE,17075.958339934175
2024-02-29,XLE,17159.62426254184
2024-03-01,XLE,17358.829075187194
2024-03-04,XLE,17173.56776044826
2024-03-05,XLE,17301.057985111966
2024-03-06,XLE,17354.846393682776
2024-03-07,XLE,17502.25989620687
2024-03-08,XLE,17564.010377673745
2024-03-11,XLE,17745.28901090826
2024-03-12,XLE,17717.40201509542
2024-03-13,XLE,18000.2760404612
2024-03-14,XLE,18185.53571014375
2024-03-15,XLE,18239.32247365818
2024-03-18,XLE,18302.375839780776
2024-03-19,XLE,18511.2256180025
2024-03-20,XLE,18485.120218252974
2024-03-21,XLE,18595.567658783777
2024-03-22,XLE,18555.405252237375
2024-03-25,XLE,18728.10820654478
2024-03-26,XLE,18583.520910887517
2024-03-27,XLE,18756.225510251308
2024-03-28,XLE,18959.04615682756
2024-04-01,XLE,19099.617869852736
2024-04-02,XLE,19366.704289106212
2024-04-03,XLE,19499.241546754445
2024-04-04,XLE,19487.189863689036
2024-04-05,XLE,19696.041286967145
2024-04-08,XLE,19571.53519458308
2024-04-09,XLE,19577.559391059403
2024-04-10,XLE,19637.80300087901
2024-04-11,XLE,19623.74763913851
2024-04-12,XLE,19304.450420385987
2024-04-15,XLE,19123.716300814405
2024-04-16,XLE,18957.03754298332
2024-04-17,XLE,18902.816484583655
2024-04-18,XLE,18844.581488608284
2024-04-19,XLE,19071.503856258973
2024-04-22,XLE,19196.009948643037
2024-04-23,XLE,19302.443451598134
2024-04-24,XLE,19316.49881333863
2024-04-25,XLE,19404.858081808376
2024-04-26,XLE,19226.130931024647
2024-04-29,XLE,19356.65957482865
2024-04-30,XLE,18780.320651100203
2024-05-01,XLE,18481.104635620883
2024-05-02,XLE,18587.536493519594
2024-05-03,XLE,18589.548397476596
2024-05-06,XLE,18736.139371808946
2024-05-07,XLE,18718.068427436363
2024-05-08,XLE,18695.978610318925
2024-05-09,XLE,18946.997763874904
2024-05-10,XLE,18842.574519820424
2024-05-13,XLE,18792.369044052844
2024-05-14,XLE,18816.465829958135
2024-05-15,XLE,18858.64178551792
2024-05-16,XLE,18806.426050849725
2024-05-17,XLE,19069.495242414734
2024-05-20,XLE,18944.98915003067
2024-05-21,XLE,18852.612653872453
2024-05-22,XLE,18491.14441472929
2024-05-23,XLE,18322.45868811035
2024-05-24,XLE,18348.567377972642
2024-05-28,XLE,18537.32937269563
2024-05-29,XLE,18210.002633735316
2024-05-30,XLE,18262.21343323436
2024-05-31,XLE,18716.054878422976
2024-06-03,XLE,18226.064964263664
2024-06-04,XLE,18051.35833128117
2024-06-05,XLE,18049.349717436937
2024-06-06,XLE,18143.73153732662
2024-06-07,XLE,18071.43788949799
2024-06-10,XLE,18207.99401989108
2024-06-11,XLE,18171.84555092038
2024-06-12,XLE,17977.054424551923
2024-06-13,XLE,17812.38921573422
2024-06-14,XLE,17679.848667973216
2024-06-17,XLE,17726.036916052326
2024-06-18,XLE,17800.33753266881
2024-06-20,XLE,18127.667561741895
2024-06-21,XLE,18023.242672631033
2024-06-24,XLE,18477.696078794306
2024-06-25,XLE,18520.202690687176
2024-06-26,XLE,18338.017631385363
2024-06-27,XLE,18380.52917844738
2024-06-28,XLE,18451.378466771315
2024-07-01,XLE,18461.502143755282
2024-07-02,XLE,18447.32998301156
2024-07-03,XLE,18528.30294831946
2024-07-05,XLE,18238.828956743135
2024-07-08,XLE,18127.493185765252
2024-07-09,XLE,17967.573964613908
2024-07-10,XLE,18089.031767519373
2024-07-11,XLE,18277.290374989017
2024-07-12,XLE,18323.847115698023
2024-07-15,XLE,18601.17565599508
2024-07-16,XLE,18684.173685711048
2024-07-17,XLE,18870.408873829005
2024-07-18,XLE,18904.820163258744
2024-07-19,XLE,18698.344201398388
2024-07-22,XLE,18580.933237196296
2024-07-23,XLE,18285.387342508526
2024-07-24,XLE,18287.414051972977
2024-07-25,XLE,18603.200720403147
2024-07-26,XLE,18661.906202504193
2024-07-29,XLE,18501.98862640923
2024-07-30,XLE,18789.43426346472
2024-07-31,XLE,18868.383809420935
2024-08-01,XLE,18368.383727168115
2024-08-02,XLE,17894.701256938286
2024-08-05,XLE,17499.963397495518
2024-08-06,XLE,17607.252329770028
2024-08-07,XLE,17678.104908206726
2024-08-08,XLE,18058.668961849384
2024-08-09,XLE,18099.153799446947
2024-08-12,XLE,18188.22208721798
2024-08-13,XLE,18012.108931027607
2024-08-14,XLE,18117.371153837663
2024-08-15,XLE,18333.970792681983
2024-08-16,XLE,18313.7283738832
2024-08-19,XLE,18437.211241196736
2024-08-20,XLE,17951.381674631255
2024-08-21,XLE,17981.746125357622
2024-08-22,XLE,18028.30286606663
2024-08-23,XLE,18297.536083900555
2024-08-26,XLE,18461.502143755275
2024-08-27,XLE,18289.435826268276
2024-08-28,XLE,18172.02815217895
2024-08-29,XLE,18408.86856476567
2024-08-30,XLE,18477.696078794303
2024-09-03,XLE,18018.184124251817
2024-09-04,XLE,17769.19661532944
2024-09-05,XLE,17631.543232328568
2024-09-06,XLE,17410.896754780868
2024-09-09,XLE,17536.40139638971
2024-09-10,XLE,17234.781953534115
2024-09-11,XLE,17074.862732382768
2024-09-12,XLE,17228.71005042267
2024-09-13,XLE,17325.875305713213
2024-09-16,XLE,17524.25594511044
2024-09-17,XLE,17761.096357697163
2024-09-18,XLE,17795.51093723967
2024-09-19,XLE,18008.06044726785
2024-09-20,XLE,17967.5739646139
2024-09-23,XLE,18189.432848716224
2024-09-24,XLE,18144.529389672618
2024-09-25,XLE,17789.396262662252
2024-09-26,XLE,17440.384390454838
2024-09-27,XLE,17795.51916252158
2024-09-30,XLE,17920.02196479288
2024-10-01,XLE,18328.219675565317
2024-10-02,XLE,18515.992991401832
2024-10-03,XLE,18842.55313408744
2024-10-04,XLE,19018.08065020529
2024-10-07,XLE,19085.434193714318
2024-10-08,XLE,18587.42956485466
2024-10-09,XLE,18699.68327729453
2024-10-10,XLE,18826.22759453773
2024-10-11,XLE,18942.56269186502
2024-10-14,XLE,18934.399922090168
2024-10-15,XLE,18324.13829067788
2024-10-16,XLE,18411.90040368042
2024-10-17,XLE,18499.66251668296
2024-10-18,XLE,18438.43516314603
2024-10-21,XLE,18383.327419355668
2024-10-22,XLE,18426.18936342737
2024-10-23,XLE,18330.261190537207
2024-10-24,XLE,18328.219675565302
2024-10-25,XLE,18322.096775705973
2024-10-28,XLE,18205.760033322294
2024-10-29,XLE,17928.183089511334
2024-10-30,XLE,17969.005163667516
2024-10-31,XLE,18081.258876107386
2024-11-01,XLE,17966.96200363923
2024-11-04,XLE,18281.277991662562
2024-11-05,XLE,18403.73763390557
2024-11-06,XLE,19095.638478461067
2024-11-07,XLE,19007.876365458527
2024-11-08,XLE,19134.419037645344
2024-11-11,XLE,19242.591365197786
2024-11-12,XLE,19140.54029244829
2024-11-13,XLE,19289.534694156915
2024-11-14,XLE,19363.01113752527
2024-11-15,XLE,19334.436508144136
2024-11-18,XLE,19591.601592348816
2024-11-19,XLE,19467.100435133903
2024-11-20,XLE,19663.038165801652
2024-11-21,XLE,19822.236852257032
2024-11-22,XLE,19852.851351553687
2024-11-25,XLE,19460.97753527457
2024-11-26,XLE,19434.446065921722
2024-11-27,XLE,19414.037496428205
2024-11-29,XLE,19497.71657948694
2024-12-02,XLE,19291.574564072434
2024-12-03,XLE,19289.53469415691
2024-12-04,XLE,18824.186079565818
2024-12-05,XLE,18897.66087787779
2024-12-06,XLE,18577.221989995127
2024-12-09,XLE,18546.610780811236
2024-12-10,XLE,18420.066463568033
2024-12-11,XLE,18450.679317808306
2024-12-12,XLE,18301.686561156068
2024-12-13,XLE,18209.841418209715
2024-12-16,XLE,17809.804832155747
2024-12-17,XLE,17677.140905165983
2024-12-18,XLE,17154.643031812622
2024-12-19,XLE,17005.648630104
2024-12-20,XLE,17173.013376446997
2024-12-23,XLE,17273.861912980163
2024-12-24,XLE,17419.987336355985
2024-12-26,XLE,17405.579932549423
2024-12-27,XLE,17403.521967013683
2024-12-30,XLE,17401.46729159071
2024-12-31,XLE,17629.91956167804
2020-01-03,PORTFOLIO,9917.762611212864
2020-01-06,PORTFOLIO,9956.544316388574
2020-01-07,PORTFOLIO,9927.980782646822
2020-01-08,PORTFOLIO,9953.000580382328
2020-01-09,PORTFOLIO,10024.598502555818
2020-01-10,PORTFOLIO,9988.503738131216
2020-01-13,PORTFOLIO,10034.568091287892
2020-01-14,PORTFOLIO,10030.640352567
2020-01-15,PORTFOLIO,10029.00919327508
2020-01-16,PORTFOLIO,10104.120346841017
2020-01-17,PORTFOLIO,10116.997973668413
2020-01-21,PORTFOLIO,10061.099499094562
2020-01-22,PORTFOLIO,10057.57644556079
2020-01-23,PORTFOLIO,10046.289792257412
2020-01-24,PORTFOLIO,9936.817676101977
2020-01-27,PORTFOLIO,9756.665663915
2020-01-28,PORTFOLIO,9855.73916890216
2020-01-29,PORTFOLIO,9829.862505647478
2020-01-30,PORTFOLIO,9879.488606197234
2020-01-31,PORTFOLIO,9646.990988579635
2020-02-03,PORTFOLIO,9692.591123159205
2020-02-04,PORTFOLIO,9832.63448549483
2020-02-05,PORTFOLIO,10018.030630205907
2020-02-06,PORTFOLIO,10021.788572025755
2020-02-07,PORTFOLIO,9956.027676644706
2020-02-10,PORTFOLIO,10004.322157095956
2020-02-11,PORTFOLIO,10042.480829893311
2020-02-12,PORTFOLIO,10107.954751464285
2020-02-13,PORTFOLIO,10084.04931291794
2020-02-14,PORTFOLIO,10089.506930554306
2020-02-18,PORTFOLIO,10035.486352482512
2020-02-19,PORTFOLIO,10119.930276595855
2020-02-20,PORTFOLIO,10071.398014107494
2020-02-21,PORTFOLIO,9963.328248855285
2020-02-24,PORTFOLIO,9595.299976550388
2020-02-25,PORTFOLIO,9267.67161265262
2020-02-26,PORTFOLIO,9199.612885722629
2020-02-27,PORTFOLIO,8778.201598541546
2020-02-28,PORTFOLIO,8712.508103025983
2020-03-02,PORTFOLIO,9129.953198209825
2020-03-03,PORTFOLIO,8838.511504082744
2020-03-04,PORTFOLIO,9190.888547966404
2020-03-05,PORTFOLIO,8873.236683863903
2020-03-06,PORTFOLIO,8636.844176585413
2020-03-09,PORTFOLIO,7747.85822159579
2020-03-10,PORTFOLIO,8149.099147169308
2020-03-11,PORTFOLIO,7755.782549872111
2020-03-12,PORTFOLIO,6978.929400274206
2020-03-13,PORTFOLIO,7671.272614660289
2020-03-16,PORTFOLIO,6721.05696849235
2020-03-17,PORTFOLIO,7051.7050694782
2020-03-18,PORTFOLIO,6558.191146521154
2020-03-19,PORTFOLIO,6656.723726996728
2020-03-20,PORTFOLIO,6452.665191922057
2020-03-23,PORTFOLIO,6177.802239655178
2020-03-24,PORTFOLIO,6862.86773721063
2020-03-25,PORTFOLIO,7001.999284125108
2020-03-26,PORTFOLIO,7436.9990842760735
2020-03-27,PORTFOLIO,7147.493098929406
2020-03-30,PORTFOLIO,7362.914358965216
2020-03-31,PORTFOLIO,7289.0592485790785
2020-04-01,PORTFOLIO,6937.35412387583
2020-04-02,PORTFOLIO,7202.114842475387
2020-04-03,PORTFOLIO,7102.008894071402
2020-04-06,PORTFOLIO,7570.284851467844
2020-04-07,PORTFOLIO,7593.22977151161
2020-04-08,PORTFOLIO,7915.3094150702245
2020-04-09,PORTFOLIO,8019.054127874978
2020-04-13,PORTFOLIO,7930.440243092941
2020-04-14,PORTFOLIO,8095.891488214698
2020-04-15,PORTFOLIO,7871.675871106041
2020-04-16,PORTFOLIO,7837.919581013013
2020-04-17,PORTFOLIO,8182.6947964458905
2020-04-20,PORTFOLIO,8035.050378462099
2020-04-21,PORTFOLIO,7789.859949356945
2020-04-22,PORTFOLIO,7980.494087922775
2020-04-23,PORTFOLIO,8023.0206735972915
2020-04-24,PORTFOLIO,8127.899338738991
2020-04-27,PORTFOLIO,8276.735166946288
2020-04-28,PORTFOLIO,8269.260632446738
2020-04-29,PORTFOLIO,8561.953197099867
2020-04-30,PORTFOLIO,8449.392652376326
2020-05-01,PORTFOLIO,8176.318213356753
2020-05-04,PORTFOLIO,8243.434436435693
2020-05-05,PORTFOLIO,8313.160939020805
2020-05-06,PORTFOLIO,8219.031560973699
2020-05-07,PORTFOLIO,8344.645689353123
2020-05-08,PORTFOLIO,8517.335633604082
2020-05-11,PORTFOLIO,8495.5791623151
2020-05-12,PORTFOLIO,8326.570210503438
2020-05-13,PORTFOLIO,8125.446630270543
2020-05-14,PORTFOLIO,8243.30093270693
2020-05-15,PORTFOLIO,8255.837742213433
2020-05-18,PORTFOLIO,8579.830417637999
2020-05-19,PORTFOLIO,8445.34071002648
2020-05-20,PORTFOLIO,8618.013944404476
2020-05-21,PORTFOLIO,8536.275364844962
2020-05-22,PORTFOLIO,8532.549288168348
2020-05-26,PORTFOLIO,8684.925334545684
2020-05-27,PORTFOLIO,8836.39695217573
2020-05-28,PORTFOLIO,8775.392568203722
2020-05-29,PORTFOLIO,8798.430236564187
2020-06-01,PORTFOLIO,8838.745489237217
2020-06-02,PORTFOLIO,8943.702336297478
2020-06-03,PORTFOLIO,9097.153133543403
2020-06-04,PORTFOLIO,9103.119190831972
2020-06-05,PORTFOLIO,9429.94459114425
2020-06-08,PORTFOLIO,9596.099774059026
2020-06-09,PORTFOLIO,9457.88723687346
2020-06-10,PORTFOLIO,9312.032231723308
2020-06-11,PORTFOLIO,8666.528497293095
2020-06-12,PORTFOLIO,8817.166954269947
2020-06-15,PORTFOLIO,8884.368367323541
2020-06-16,PORTFOLIO,9079.34160621435
2020-06-17,PORTFOLIO,8980.383582404405
2020-06-18,PORTFOLIO,9002.982098795752
2020-06-19,PORTFOLIO,8958.324929327084
2020-06-22,PORTFOLIO,8996.128207135856
2020-06-23,PORTFOLIO,9035.323595232858
2020-06-24,PORTFOLIO,8737.308143099197
2020-06-25,PORTFOLIO,8875.405437991656
2020-06-26,PORTFOLIO,8639.221210545591
2020-06-29,PORTFOLIO,8741.41698196981
2020-06-30,PORTFOLIO,8888.904197031097
2020-07-01,PORTFOLIO,8859.352590642435
2020-07-02,PORTFOLIO,8914.779939797862
2020-07-06,PORTFOLIO,9030.949262181872
2020-07-07,PORTFOLIO,8883.343224594444
2020-07-08,PORTFOLIO,8943.232222514021
2020-07-09,PORTFOLIO,8799.265201384504
2020-07-10,PORTFOLIO,8929.29580546767
2020-07-13,PORTFOLIO,8884.990791015454
2020-07-14,PORTFOLIO,9035.152467046777
2020-07-15,PORTFOLIO,9159.867625006276
2020-07-16,PORTFOLIO,9119.889622498746
2020-07-17,PORTFOLIO,9118.474323882176
2020-07-20,PORTFOLIO,9140.775753189233
2020-07-21,PORTFOLIO,9271.60179785992
2020-07-22,PORTFOLIO,9290.901952454613
2020-07-23,PORTFOLIO,9210.193906509014
2020-07-24,PORTFOLIO,9140.93811594445
2020-07-27,PORTFOLIO,9183.744772103464
2020-07-28,PORTFOLIO,9112.64388575981
2020-07-29,PORTFOLIO,9252.767860797507
2020-07-30,PORTFOLIO,9137.740542737503
2020-07-31,PORTFOLIO,9179.48679396619
2020-08-03,PORTFOLIO,9268.40474441479
2020-08-04,PORTFOLIO,9309.565500628358
2020-08-05,PORTFOLIO,9381.822733785859
2020-08-06,PORTFOLIO,9394.894253790399
2020-08-07,PORTFOLIO,9416.980534716322
2020-08-10,PORTFOLIO,9482.841593801817
2020-08-11,PORTFOLIO,9436.642912319636
2020-08-12,PORTFOLIO,9551.080888737153
2020-08-13,PORTFOLIO,9496.72635276325
2020-08-14,PORTFOLIO,9517.369355284312
2020-08-17,PORTFOLIO,9504.63350424059
2020-08-18,PORTFOLIO,9479.024614840726
2020-08-19,PORTFOLIO,9440.131323256068
2020-08-20,PORTFOLIO,9406.73181627096
2020-08-21,PORTFOLIO,9423.458733451671
2020-08-24,PORTFOLIO,9546.961835776552
2020-08-25,PORTFOLIO,9554.75427166282
2020-08-26,PORTFOLIO,9560.930078151094
2020-08-27,PORTFOLIO,9617.779150924867
2020-08-28,PORTFOLIO,9693.348398603956
2020-08-31,PORTFOLIO,9632.168713074921
2020-09-01,PORTFOLIO,9662.262881104618
2020-09-02,PORTFOLIO,9764.533368181892
2020-09-03,PORTFOLIO,9488.556843705634
2020-09-04,PORTFOLIO,9441.455505369755
2020-09-08,PORTFOLIO,9156.105276594062
2020-09-09,PORTFOLIO,9315.545425603194
2020-09-10,PORTFOLIO,9118.104355160904
2020-09-11,PORTFOLIO,9126.583814695721
2020-09-14,PORTFOLIO,9254.204397297177
2020-09-15,PORTFOLIO,9245.658328691748
2020-09-16,PORTFOLIO,9301.800309549018
2020-09-17,PORTFOLIO,9247.271400435113
2020-09-18,PORTFOLIO,9166.887238554184
2020-09-21,PORTFOLIO,9021.147565502659
2020-09-22,PORTFOLIO,9030.534329173053
2020-09-23,PORTFOLIO,8791.795744617602
2020-09-24,PORTFOLIO,8800.740432861545
2020-09-25,PORTFOLIO,8916.571805145717
2020-09-28,PORTFOLIO,9080.878094968526
2020-09-29,PORTFOLIO,8989.98487569812
2020-09-30,PORTFOLIO,9066.275146011289
2020-10-01,PORTFOLIO,9038.152084123478
2020-10-02,PORTFOLIO,8990.331633115558
2020-10-05,PORTFOLIO,9182.163406735104
2020-10-06,PORTFOLIO,9057.281917962722
2020-10-07,PORTFOLIO,9212.176470232613
2020-10-08,PORTFOLIO,9341.241246092304
2020-10-09,PORTFOLIO,9375.73715904471
2020-10-12,PORTFOLIO,9495.568595094852
2020-10-13,PORTFOLIO,9390.567595586095
2020-10-14,PORTFOLIO,9347.905333394536
2020-10-15,PORTFOLIO,9360.619635724308
2020-10-16,PORTFOLIO,9331.740336777235
2020-10-19,PORTFOLIO,9171.640397006016
2020-10-20,PORTFOLIO,9224.36469163696
2020-10-21,PORTFOLIO,9164.058246574934
2020-10-22,PORTFOLIO,9305.210109203987
2020-10-23,PORTFOLIO,9313.191423033611
2020-10-26,PORTFOLIO,9108.767433246032
2020-10-27,PORTFOLIO,9042.290722060225
2020-10-28,PORTFOLIO,8724.436887738433
2020-10-29,PORTFOLIO,8823.807078162183
2020-10-30,PORTFOLIO,8780.896844726174
2020-11-02,PORTFOLIO,8929.677328306
2020-11-03,PORTFOLIO,9048.211545182776
2020-11-04,PORTFOLIO,9220.703567556115
2020-11-05,PORTFOLIO,9362.707680286205
2020-11-06,PORTFOLIO,9314.195285660944
2020-11-09,PORTFOLIO,9760.507909576287
2020-11-10,PORTFOLIO,9800.184610354529
2020-11-11,PORTFOLIO,9830.735864075868
2020-11-12,PORTFOLIO,9690.733356790743
2020-11-13,PORTFOLIO,9861.147530167833
2020-11-16,PORTFOLIO,10075.053985275275
2020-11-17,PORTFOLIO,10057.608222525054
2020-11-18,PORTFOLIO,9897.061022933562
2020-11-19,PORTFOLIO,9958.824278655049
2020-11-20,PORTFOLIO,9892.158411431486
2020-11-23,PORTFOLIO,10075.33253376173
2020-11-24,PORTFOLIO,10315.897160304725
2020-11-25,PORTFOLIO,10254.227693010052
2020-11-27,PORTFOLIO,10259.354035747123
2020-11-30,PORTFOLIO,10113.710848756898
2020-12-01,PORTFOLIO,10219.226814426163
2020-12-02,PORTFOLIO,10324.544647233728
2020-12-03,PORTFOLIO,10342.447297588715
2020-12-04,PORTFOLIO,10541.125566551022
2020-12-07,PORTFOLIO,10466.045746803049
2020-12-08,PORTFOLIO,10525.263697023154
2020-12-09,PORTFOLIO,10458.344094818594
2020-12-10,PORTFOLIO,10525.056047861031
2020-12-11,PORTFOLIO,10464.41055447096
2020-12-14,PORTFOLIO,10349.317533618232
2020-12-15,PORTFOLIO,10510.22876037355
2020-12-16,PORTFOLIO,10514.872073606308
2020-12-17,PORTFOLIO,10561.801982890473
2020-12-18,PORTFOLIO,10493.969703991508
2020-12-21,PORTFOLIO,10455.372071548678
2020-12-22,PORTFOLIO,10408.103521103008
2020-12-23,PORTFOLIO,10476.169620455868
2020-12-24,PORTFOLIO,10496.20690864104
2020-12-28,PORTFOLIO,10540.197400253728
2020-12-29,PORTFOLIO,10515.000556215633
2020-12-30,PORTFOLIO,10558.897878518297
2020-12-31,PORTFOLIO,10603.340806571163
2021-01-04,PORTFOLIO,10505.314489937431
2021-01-05,PORTFOLIO,10652.159461296025
2021-01-06,PORTFOLIO,10816.45315919922
2021-01-07,PORTFOLIO,10998.008257642516
2021-01-08,PORTFOLIO,11031.231487905154
2021-01-11,PORTFOLIO,11050.231690524042
2021-01-12,PORTFOLIO,11116.168411982635
2021-01-13,PORTFOLIO,11123.599651601615
2021-01-14,PORTFOLIO,11165.106663570772
2021-01-15,PORTFOLIO,11009.06027735897
2021-01-19,PORTFOLIO,11121.586272207789
2021-01-20,PORTFOLIO,11207.587728390523
2021-01-21,PORTFOLIO,11128.245385681204
2021-01-22,PORTFOLIO,11077.650169669376
2021-01-25,PORTFOLIO,11080.699758170093
2021-01-26,PORTFOLIO,11005.465666357632
2021-01-27,PORTFOLIO,10748.764688135836
2021-01-28,PORTFOLIO,10872.642929238853
2021-01-29,PORTFOLIO,10643.909233627544
2021-02-01,PORTFOLIO,10783.91946335415
2021-02-02,PORTFOLIO,10925.422841801557
2021-02-03,PORTFOLIO,11009.87126758154
2021-02-04,PORTFOLIO,11152.329875823521
2021-02-05,PORTFOLIO,11179.981352250175
2021-02-08,PORTFOLIO,11344.7706093408
2021-02-09,PORTFOLIO,11320.609288175096
2021-02-10,PORTFOLIO,11363.759805348607
2021-02-11,PORTFOLIO,11354.39465100944
2021-02-12,PORTFOLIO,11451.099349482798
2021-02-16,PORTFOLIO,11515.687747333564
2021-02-17,PORTFOLIO,11549.902579685984
2021-02-18,PORTFOLIO,11448.48256020182
2021-02-19,PORTFOLIO,11478.874758327582
2021-02-22,PORTFOLIO,11505.966489562708
2021-02-23,PORTFOLIO,11550.64998059235
2021-02-24,PORTFOLIO,11754.20041446614
2021-02-25,PORTFOLIO,11503.712112060928
2021-02-26,PORTFOLIO,11385.638004755661
2021-03-01,PORTFOLIO,11674.213891508216
2021-03-02,PORTFOLIO,11591.030406770355
2021-03-03,PORTFOLIO,11524.78298348937
2021-03-04,PORTFOLIO,11443.179365277809
2021-03-05,PORTFOLIO,11703.587835753853
2021-03-08,PORTFOLIO,11663.779478364728
2021-03-09,PORTFOLIO,11728.011515294538
2021-03-10,PORTFOLIO,11845.862793812756
2021-03-11,PORTFOLIO,11928.930201521795
2021-03-12,PORTFOLIO,11949.404214348779
2021-03-15,PORTFOLIO,11964.633345367181
2021-03-16,PORTFOLIO,11885.033608828957
2021-03-17,PORTFOLIO,11916.987223521483
2021-03-18,PORTFOLIO,11716.550258558955
2021-03-19,PORTFOLIO,11686.96206396561
2021-03-22,PORTFOLIO,11719.39437145534
2021-03-23,PORTFOLIO,11595.622863992188
2021-03-24,PORTFOLIO,11619.638592792331
2021-03-25,PORTFOLIO,11688.666045019172
2021-03-26,PORTFOLIO,11924.524349801999
2021-03-29,PORTFOLIO,11872.933435069139
2021-03-30,PORTFOLIO,11818.971331556604
2021-03-31,PORTFOLIO,11836.646167855242
2021-04-01,PORTFOLIO,11992.223951594038
2021-04-05,PORTFOLIO,12054.488663134609
2021-04-06,PORTFOLIO,12022.280744124097
2021-04-07,PORTFOLIO,12052.593263004352
2021-04-08,PORTFOLIO,12071.89228658215
2021-04-09,PORTFOLIO,12144.002958615582
2021-04-12,PORTFOLIO,12126.921718503969
2021-04-13,PORTFOLIO,12146.90064200321
2021-04-14,PORTFOLIO,12194.742578209545
2021-04-15,PORTFOLIO,12282.680169152078
2021-04-16,PORTFOLIO,12306.548300747325
2021-04-19,PORTFOLIO,12265.12827616567
2021-04-20,PORTFOLIO,12124.104125948288
2021-04-21,PORTFOLIO,12264.626771915251
2021-04-22,PORTFOLIO,12146.446653625078
2021-04-23,PORTFOLIO,12292.72423989126
2021-04-26,PORTFOLIO,12328.362015770665
2021-04-27,PORTFOLIO,12356.92868953177
2021-04-28,PORTFOLIO,12420.651159388502
2021-04-29,PORTFOLIO,12496.41361626285
2021-04-30,PORTFOLIO,12353.54025884658
2021-05-03,PORTFOLIO,12460.373461515379
2021-05-04,PORTFOLIO,12424.221055612206
2021-05-05,PORTFOLIO,12524.002307301897
2021-05-06,PORTFOLIO,12622.50953502525
2021-05-07,PORTFOLIO,12738.379453558226
2021-05-10,PORTFOLIO,12651.044959058352
2021-05-11,PORTFOLIO,12483.527686517511
2021-05-12,PORTFOLIO,12323.052086063335
2021-05-13,PORTFOLIO,12417.176397596515
2021-05-14,PORTFOLIO,12638.897767885095
2021-05-17,PORTFOLIO,12672.435660551731
2021-05-18,PORTFOLIO,12536.93443903387
2021-05-19,PORTFOLIO,12457.098140772243
2021-05-20,PORTFOLIO,12555.186887197076
2021-05-21,PORTFOLIO,12570.060808228416
2021-05-24,PORTFOLIO,12679.889895513477
2021-05-25,PORTFOLIO,12590.428601185256
2021-05-26,PORTFOLIO,12610.489847512234
2021-05-27,PORTFOLIO,12623.879808294765
2021-05-28,PORTFOLIO,12656.716023337076
2021-06-01,PORTFOLIO,12713.250697569067
2021-06-02,PORTFOLIO,12781.125457411901
2021-06-03,PORTFOLIO,12768.606729466293
2021-06-04,PORTFOLIO,12872.937259558197
2021-06-07,PORTFOLIO,12851.352781627877
2021-06-08,PORTFOLIO,12859.613636146774
2021-06-09,PORTFOLIO,12842.092120553494
2021-06-10,PORTFOLIO,12883.69587598237
2021-06-11,PORTFOLIO,12892.768812319504
2021-06-14,PORTFOLIO,12889.024768487336
2021-06-15,PORTFOLIO,12923.249756702548
2021-06-16,PORTFOLIO,12868.329640350497
2021-06-17,PORTFOLIO,12753.336336394232
2021-06-18,PORTFOLIO,12529.425578260782
2021-06-21,PORTFOLIO,12787.539115184698
2021-06-22,PORTFOLIO,12851.242909370614
2021-06-23,PORTFOLIO,12846.695610467079
2021-06-24,PORTFOLIO,12945.490784389945
2021-06-25,PORTFOLIO,13008.312337773576
2021-06-28,PORTFOLIO,12937.78599608314
2021-06-29,PORTFOLIO,12939.165719361863
2021-06-30,PORTFOLIO,12980.333676951297
2021-07-01,PORTFOLIO,13088.006558318782
2021-07-02,PORTFOLIO,13159.09287628297
2021-07-06,PORTFOLIO,13034.868103204884
2021-07-07,PORTFOLIO,13035.976775513462
2021-07-08,PORTFOLIO,12908.432551739663
2021-07-09,PORTFOLIO,13098.031823927253
2021-07-12,PORTFOLIO,13136.306285557012
2021-07-13,PORTFOLIO,13087.405388833684
2021-07-14,PORTFOLIO,13018.063331463505
2021-07-15,PORTFOLIO,12950.81306895564
2021-07-16,PORTFOLIO,12803.190116964828
2021-07-19,PORTFOLIO,12541.155874967058
2021-07-20,PORTFOLIO,12740.677319729593
2021-07-21,PORTFOLIO,12922.812731991782
2021-07-22,PORTFOLIO,12909.20590497384
2021-07-23,PORTFOLIO,12985.947560116027
2021-07-26,PORTFOLIO,13053.466467454915
2021-07-27,PORTFOLIO,13004.207015488593
2021-07-28,PORTFOLIO,13029.41770649461
2021-07-29,PORTFOLIO,13112.456398296103
2021-07-30,PORTFOLIO,13037.93286211177
2021-08-02,PORTFOLIO,13007.845286940003
2021-08-03,PORTFOLIO,13155.642665075296
2021-08-04,PORTFOLIO,13043.505210278028
2021-08-05,PORTFOLIO,13127.434184313779
2021-08-06,PORTFOLIO,13204.542631302278
2021-08-09,PORTFOLIO,13173.635427718242
2021-08-10,PORTFOLIO,13226.030592633824
2021-08-11,PORTFOLIO,13257.835559096147
2021-08-12,PORTFOLIO,13304.058829154446
2021-08-13,PORTFOLIO,13288.781648604983
2021-08-16,PORTFOLIO,13281.433274784855
2021-08-17,PORTFOLIO,13227.425755010263
2021-08-18,PORTFOLIO,13034.112975860628
2021-08-19,PORTFOLIO,12988.467013436564
2021-08-20,PORTFOLIO,13078.98991230067
2021-08-23,PORTFOLIO,13256.278935240101
2021-08-24,PORTFOLIO,13308.155806183076
2021-08-25,PORTFOLIO,13356.638615790022
2021-08-26,PORTFOLIO,13259.95861346233
2021-08-27,PORTFOLIO,13412.122617968498
2021-08-30,PORTFOLIO,13398.54226504372
2021-08-31,PORTFOLIO,13355.283468530133
2021-09-01,PORTFOLIO,13303.679546730611
2021-09-02,PORTFOLIO,13414.113091685287
2021-09-03,PORTFOLIO,13394.883628333722
2021-09-07,PORTFOLIO,13338.153508726105
2021-09-08,PORTFOLIO,13282.952535940207
2021-09-09,PORTFOLIO,13244.182543202092
2021-09-10,PORTFOLIO,13152.23954754771
2021-09-13,PORTFOLIO,13249.12174247817
2021-09-14,PORTFOLIO,13157.215272118796
2021-09-15,PORTFOLIO,13342.898094643033
2021-09-16,PORTFOLIO,13295.361726013574
2021-09-17,PORTFOLIO,13198.870652400225
2021-09-20,PORTFOLIO,12937.378885724855
2021-09-21,PORTFOLIO,12942.384711192608
2021-09-22,PORTFOLIO,13130.532922856986
2021-09-23,PORTFOLIO,13372.978364813722
2021-09-24,PORTFOLIO,13402.55176244459
2021-09-27,PORTFOLIO,13462.489484643536
2021-09-28,PORTFOLIO,13246.983830347821
2021-09-29,PORTFOLIO,13271.112666163373
2021-09-30,PORTFOLIO,13105.160619558252
2021-10-01,PORTFOLIO,13307.777689710008
2021-10-04,PORTFOLIO,13191.746334953981
2021-10-05,PORTFOLIO,13339.629861784591
2021-10-06,PORTFOLIO,13337.91685352727
2021-10-07,PORTFOLIO,13457.185173615908
2021-10-08,PORTFOLIO,13524.768649828557
2021-10-11,PORTFOLIO,13432.059439984574
2021-10-12,PORTFOLIO,13392.606861274973
2021-10-13,PORTFOLIO,13405.233713493813
2021-10-14,PORTFOLIO,13626.84913565861
2021-10-15,PORTFOLIO,13736.917502138103
2021-10-18,PORTFOLIO,13752.244554620764
2021-10-19,PORTFOLIO,13895.199389261417
2021-10-20,PORTFOLIO,13982.91741280432
2021-10-21,PORTFOLIO,13948.878419424025
2021-10-22,PORTFOLIO,14012.847377452676
2021-10-25,PORTFOLIO,14078.141434715113
2021-10-26,PORTFOLIO,14120.893779939037
2021-10-27,PORTFOLIO,13955.728808211079
2021-10-28,PORTFOLIO,14088.23976026022
2021-10-29,PORTFOLIO,14103.80882823383
2021-11-01,PORTFOLIO,14151.090811942286
2021-11-02,PORTFOLIO,14185.636761421883
2021-11-03,PORTFOLIO,14223.209903924953
2021-11-04,PORTFOLIO,14228.320614460044
2021-11-05,PORTFOLIO,14259.681678262466
2021-11-08,PORTFOLIO,14336.059481861701
2021-11-09,PORTFOLIO,14300.321318990113
2021-11-10,PORTFOLIO,14157.701979209885
2021-11-11,PORTFOLIO,14182.236019194343
2021-11-12,PORTFOLIO,14251.681878316356
2021-11-15,PORTFOLIO,14255.85515442378
2021-11-16,PORTFOLIO,14310.75121751666
2021-11-17,PORTFOLIO,14222.57532110896
2021-11-18,PORTFOLIO,14230.43137474514
2021-11-19,PORTFOLIO,14086.77760345558
2021-11-22,PORTFOLIO,14124.42010555027
2021-11-23,PORTFOLIO,14255.729650436348
2021-11-24,PORTFOLIO,14304.473299255418
2021-11-26,PORTFOLIO,13948.666843687739
2021-11-29,PORTFOLIO,14084.939099336638
2021-11-30,PORTFOLIO,13817.890166594854
2021-12-01,PORTFOLIO,13684.518244245532
2021-12-02,PORTFOLIO,13926.130348844299
2021-12-03,PORTFOLIO,13792.99039503239
2021-12-06,PORTFOLIO,13950.642844061975
2021-12-07,PORTFOLIO,14256.912423005735
2021-12-08,PORTFOLIO,14283.255828605272
2021-12-09,PORTFOLIO,14211.966521205002
2021-12-10,PORTFOLIO,14329.64259154355
2021-12-13,PORTFOLIO,14178.25835112775
2021-12-14,PORTFOLIO,14105.852037436009
2021-12-15,PORTFOLIO,14276.686054910931
2021-12-16,PORTFOLIO,14241.558779515912
2021-12-17,PORTFOLIO,14051.516771246474
2021-12-20,PORTFOLIO,13881.785619425906
2021-12-21,PORTFOLIO,14149.526948612902
2021-12-22,PORTFOLIO,14279.265415264106
2021-12-23,PORTFOLIO,14341.063319779369
2021-12-27,PORTFOLIO,14565.697303098881
2021-12-28,PORTFOLIO,14539.89821078195
2021-12-29,PORTFOLIO,14540.289846947771
2021-12-30,PORTFOLIO,14496.097144158657
2021-12-31,PORTFOLIO,14464.536168986757
2022-01-03,PORTFOLIO,14604.180000653652
2022-01-04,PORTFOLIO,14711.621088160882
2022-01-05,PORTFOLIO,14509.106681123638
2022-01-06,PORTFOLIO,14565.576889801454
2022-01-07,PORTFOLIO,14586.710435822608
2022-01-10,PORTFOLIO,14594.618760633504
2022-01-11,PORTFOLIO,14804.326091389728
2022-01-12,PORTFOLIO,14825.581939027077
2022-01-13,PORTFOLIO,14635.427805117997
2022-01-14,PORTFOLIO,14694.590985897938
2022-01-18,PORTFOLIO,14477.111614838821
2022-01-19,PORTFOLIO,14325.165004623606
2022-01-20,PORTFOLIO,14193.203762626947
2022-01-21,PORTFOLIO,13938.035663864035
2022-01-24,PORTFOLIO,13981.839476728655
2022-01-25,PORTFOLIO,13985.206420033484
2022-01-26,PORTFOLIO,13982.556989444487
2022-01-27,PORTFOLIO,13961.797932026018
2022-01-28,PORTFOLIO,14234.922877708652
2022-01-31,PORTFOLIO,14411.67864300145
2022-02-01,PORTFOLIO,14588.918478454081
2022-02-02,PORTFOLIO,14709.52451014504
2022-02-03,PORTFOLIO,14482.05642412943
2022-02-04,PORTFOLIO,14591.337804931318
2022-02-07,PORTFOLIO,14603.521493334592
2022-02-08,PORTFOLIO,14665.428966740217
2022-02-09,PORTFOLIO,14839.289160955594
2022-02-10,PORTFOLIO,14617.34688707375
2022-02-11,PORTFOLIO,14473.966297267247
2022-02-14,PORTFOLIO,14333.28251750425
2022-02-15,PORTFOLIO,14496.11706439174
2022-02-16,PORTFOLIO,14526.49631670429
2022-02-17,PORTFOLIO,14253.902255733286
2022-02-18,PORTFOLIO,14167.047529713765
2022-02-22,PORTFOLIO,14043.07350244326
2022-02-23,PORTFOLIO,13888.824599340072
2022-02-24,PORTFOLIO,13981.617614097226
2022-02-25,PORTFOLIO,14330.748994180436
2022-02-28,PORTFOLIO,14324.771723793992
2022-03-01,PORTFOLIO,14131.19800541064
2022-03-02,PORTFOLIO,14424.793119625512
2022-03-03,PORTFOLIO,14389.570322226526
2022-03-04,PORTFOLIO,14359.36956978487
2022-03-07,PORTFOLIO,14057.021224055727
2022-03-08,PORTFOLIO,13992.364240796602
2022-03-09,PORTFOLIO,14248.2542070633
2022-03-10,PORTFOLIO,14247.751999855225
2022-03-11,PORTFOLIO,14097.093415400095
2022-03-14,PORTFOLIO,13995.380043617162
2022-03-15,PORTFOLIO,14143.787241362937
2022-03-16,PORTFOLIO,14398.877891334796
2022-03-17,PORTFOLIO,14635.941374577706
2022-03-18,PORTFOLIO,14749.96971063083
2022-03-21,PORTFOLIO,14857.29019751876
2022-03-22,PORTFOLIO,14961.790382827308
2022-03-23,PORTFOLIO,14819.612160926388
2022-03-24,PORTFOLIO,15007.761889989868
2022-03-25,PORTFOLIO,15138.941229727865
2022-03-28,PORTFOLIO,15135.052361585043
2022-03-29,PORTFOLIO,15253.674480646088
2022-03-30,PORTFOLIO,15213.945942697976
2022-03-31,PORTFOLIO,14981.28672160012
2022-04-01,PORTFOLIO,15021.022812569186
2022-04-04,PORTFOLIO,15069.338437759181
2022-04-05,PORTFOLIO,14907.91938455629
2022-04-06,PORTFOLIO,14850.137700047671
2022-04-07,PORTFOLIO,14962.572457035923
2022-04-08,PORTFOLIO,15043.337546688597
2022-04-11,PORTFOLIO,14752.370586415762
2022-04-12,PORTFOLIO,14716.555457170405
2022-04-13,PORTFOLIO,14855.978386946974
2022-04-14,PORTFOLIO,14708.791165507182
2022-04-18,PORTFOLIO,14747.81254325822
2022-04-19,PORTFOLIO,14895.450002034346
2022-04-20,PORTFOLIO,14962.570878785446
2022-04-21,PORTFOLIO,14691.631081743284
2022-04-22,PORTFOLIO,14262.253997797192
2022-04-25,PORTFOLIO,14251.260153994415
2022-04-26,PORTFOLIO,13944.618101220361
2022-04-27,PORTFOLIO,14026.087732589027
2022-04-28,PORTFOLIO,14368.779691746435
2022-04-29,PORTFOLIO,13896.219305715249
2022-05-02,PORTFOLIO,13983.106772639952
2022-05-03,PORTFOLIO,14124.4940718195
2022-05-04,PORTFOLIO,14576.113050882677
2022-05-05,PORTFOLIO,14146.843661536495
2022-05-06,PORTFOLIO,14162.401807008659
2022-05-09,PORTFOLIO,13586.75869241534
2022-05-10,PORTFOLIO,13644.746704519395
2022-05-11,PORTFOLIO,13508.647532421894
2022-05-12,PORTFOLIO,13495.299915570047
2022-05-13,PORTFOLIO,13809.624502229008
2022-05-16,PORTFOLIO,13844.189200809316
2022-05-17,PORTFOLIO,14125.552466754723
2022-05-18,PORTFOLIO,13659.27003819605
2022-05-19,PORTFOLIO,13590.426078043718
2022-05-20,PORTFOLIO,13637.448536878683
2022-05-23,PORTFOLIO,13935.780316147373
2022-05-24,PORTFOLIO,13886.323366584445
2022-05-25,PORTFOLIO,14021.862205671341
2022-05-26,PORTFOLIO,14253.011140523653
2022-05-27,PORTFOLIO,14567.016298898818
2022-05-31,PORTFOLIO,14438.996311932111
2022-06-01,PORTFOLIO,14366.128650204091
2022-06-02,PORTFOLIO,14543.548968917048
2022-06-03,PORTFOLIO,14388.74408677565
2022-06-06,PORTFOLIO,14403.19270810902
2022-06-07,PORTFOLIO,14610.944198420639
2022-06-08,PORTFOLIO,14478.000159942303
2022-06-09,PORTFOLIO,14129.580604846507
2022-06-10,PORTFOLIO,13743.536954871895
2022-06-13,PORTFOLIO,13208.69087420133
2022-06-14,PORTFOLIO,13174.632962912183
2022-06-15,PORTFOLIO,13265.757469382123
2022-06-16,PORTFOLIO,12814.423770187164
2022-06-17,PORTFOLIO,12709.272560003974
2022-06-21,PORTFOLIO,13088.784185472228
2022-06-22,PORTFOLIO,12998.615048671943
2022-06-23,PORTFOLIO,13015.040212407806
2022-06-24,PORTFOLIO,13364.80621228714
2022-06-27,PORTFOLIO,13415.817522792211
2022-06-28,PORTFOLIO,13279.687103746232
2022-06-29,PORTFOLIO,13198.750464933506
2022-06-30,PORTFOLIO,13057.165796142077
2022-07-01,PORTFOLIO,13194.845358384704
2022-07-05,PORTFOLIO,13103.886141666053
2022-07-06,PORTFOLIO,13101.627514576247
2022-07-07,PORTFOLIO,13338.653205891931
2022-07-08,PORTFOLIO,13338.707513876861
2022-07-11,PORTFOLIO,13217.567853884762
2022-07-12,PORTFOLIO,13056.262463693301
2022-07-13,PORTFOLIO,12983.035198432564
2022-07-14,PORTFOLIO,12894.180047779415
2022-07-15,PORTFOLIO,13180.39953332747
2022-07-18,PORTFOLIO,13127.851174622798
2022-07-19,PORTFOLIO,13483.221121420649
2022-07-20,PORTFOLIO,13551.919985839348
2022-07-21,PORTFOLIO,13630.394944373538
2022-07-22,PORTFOLIO,13518.04851333836
2022-07-25,PORTFOLIO,13634.865807497044
2022-07-26,PORTFOLIO,13509.572711850335
2022-07-27,PORTFOLIO,13815.406438124504
2022-07-28,PORTFOLIO,13945.333391062251
2022-07-29,PORTFOLIO,14179.97230280207
2022-08-01,PORTFOLIO,14062.344240347322
2022-08-02,PORTFOLIO,13976.078350372743
2022-08-03,PORTFOLIO,14081.814866896815
2022-08-04,PORTFOLIO,13965.242373665355
2022-08-05,PORTFOLIO,14028.402161213584
2022-08-08,PORTFOLIO,14020.829465219751
2022-08-09,PORTFOLIO,14036.49733936202
2022-08-10,PORTFOLIO,14285.995064197434
2022-08-11,PORTFOLIO,14388.45936287521
2022-08-12,PORTFOLIO,14598.340460325275
2022-08-15,PORTFOLIO,14585.67816143155
2022-08-16,PORTFOLIO,14590.191178465755
2022-08-17,PORTFOLIO,14541.295834988634
2022-08-18,PORTFOLIO,14633.396067475278
2022-08-19,PORTFOLIO,14489.866711164643
2022-08-22,PORTFOLIO,14241.47840065481
2022-08-23,PORTFOLIO,14278.38549312687
2022-08-24,PORTFOLIO,14343.047064085958
2022-08-25,PORTFOLIO,14530.217901362903
2022-08-26,PORTFOLIO,14105.817986056203
2022-08-29,PORTFOLIO,14052.618079470785
2022-08-30,PORTFOLIO,13863.400411949377
2022-08-31,PORTFOLIO,13751.566943387914
2022-09-01,PORTFOLIO,13732.644347566018
2022-09-02,PORTFOLIO,13657.383271975574
2022-09-06,PORTFOLIO,13599.683935254503
2022-09-07,PORTFOLIO,13758.68183972081
2022-09-08,PORTFOLIO,13894.408638991172
2022-09-09,PORTFOLIO,14111.56830582332
2022-09-12,PORTFOLIO,14280.795229039997
2022-09-13,PORTFOLIO,13732.233167476908
2022-09-14,PORTFOLIO,13823.55577636398
2022-09-15,PORTFOLIO,13681.864263620108
2022-09-16,PORTFOLIO,13555.071333969945
2022-09-19,PORTFOLIO,13615.950418017877
2022-09-20,PORTFOLIO,13477.721677444346
2022-09-21,PORTFOLIO,13248.438768210366
2022-09-22,PORTFOLIO,13159.22823910071
2022-09-23,PORTFOLIO,12844.07398507531
2022-09-26,PORTFOLIO,12672.72691279048
2022-09-27,PORTFOLIO,12679.448649401149
2022-09-28,PORTFOLIO,12973.939584799913
2022-09-29,PORTFOLIO,12797.719638112985
2022-09-30,PORTFOLIO,12630.041940086161
2022-10-03,PORTFOLIO,13037.901227156792
2022-10-04,PORTFOLIO,13475.83861960788
2022-10-05,PORTFOLIO,13522.31891464774
2022-10-06,PORTFOLIO,13447.898036629396
2022-10-07,PORTFOLIO,13120.729654952684
2022-10-10,PORTFOLIO,12974.31952909051
2022-10-11,PORTFOLIO,12878.314918597047
2022-10-12,PORTFOLIO,12864.0767025794
2022-10-13,PORTFOLIO,13283.00058306668
2022-10-14,PORTFOLIO,12986.137030623204
2022-10-17,PORTFOLIO,13271.43560366763
2022-10-18,PORTFOLIO,13405.642250412
2022-10-19,PORTFOLIO,13376.56579254157
2022-10-20,PORTFOLIO,13292.5491776591
2022-10-21,PORTFOLIO,13643.868195201812
2022-10-24,PORTFOLIO,13816.944879787648
2022-10-25,PORTFOLIO,13970.785100481038
2022-10-26,PORTFOLIO,13963.293040101093
2022-10-27,PORTFOLIO,13934.793589345269
2022-10-28,PORTFOLIO,14247.18479654206
2022-10-31,PORTFOLIO,14193.08298592301
2022-11-01,PORTFOLIO,14193.57765526096
2022-11-02,PORTFOLIO,13871.740260268745
2022-11-03,PORTFOLIO,13773.168741987058
2022-11-04,PORTFOLIO,13963.869822277917
2022-11-07,PORTFOLIO,14143.065483255205
2022-11-08,PORTFOLIO,14218.836978070394
2022-11-09,PORTFOLIO,13868.792000371644
2022-11-10,PORTFOLIO,14521.40174664769
2022-11-11,PORTFOLIO,14671.728840071975
2022-11-14,PORTFOLIO,14581.620837487195
2022-11-15,PORTFOLIO,14675.419119926873
2022-11-16,PORTFOLIO,14537.52277508821
2022-11-17,PORTFOLIO,14521.713190942839
2022-11-18,PORTFOLIO,14574.42454141586
2022-11-21,PORTFOLIO,14503.408299193308
2022-11-22,PORTFOLIO,14744.06217538858
2022-11-23,PORTFOLIO,14780.885856303177
2022-11-25,PORTFOLIO,14779.583233875506
2022-11-28,PORTFOLIO,14515.107815700101
2022-11-29,PORTFOLIO,14535.487880128538
2022-11-30,PORTFOLIO,14906.489044271953
2022-12-01,PORTFOLIO,14889.98576577632
2022-12-02,PORTFOLIO,14845.236218631628
2022-12-05,PORTFOLIO,14552.357280241382
2022-12-06,PORTFOLIO,14323.541494786834
2022-12-07,PORTFOLIO,14309.45170916198
2022-12-08,PORTFOLIO,14394.215977041007
2022-12-09,PORTFOLIO,14240.67173151811
2022-12-12,PORTFOLIO,14486.995302521804
2022-12-13,PORTFOLIO,14614.51447517854
2022-12-14,PORTFOLIO,14521.22528971864
2022-12-15,PORTFOLIO,14213.69049122481
2022-12-16,PORTFOLIO,14044.449103332021
2022-12-19,PORTFOLIO,13964.802014995754
2022-12-20,PORTFOLIO,14026.08890540889
2022-12-21,PORTFOLIO,14248.202073922474
2022-12-22,PORTFOLIO,14040.949059930974
2022-12-23,PORTFOLIO,14167.026746467413
2022-12-27,PORTFOLIO,14151.16514854629
2022-12-28,PORTFOLIO,13978.638801169867
2022-12-29,PORTFOLIO,14200.751291144737
2022-12-30,PORTFOLIO,14189.704818546996
2023-01-03,PORTFOLIO,14053.053191609573
2023-01-04,PORTFOLIO,14134.226416000525
2023-01-05,PORTFOLIO,14048.640262562956
2023-01-06,PORTFOLIO,14337.110248818832
2023-01-09,PORTFOLIO,14300.153985207347
2023-01-10,PORTFOLIO,14398.45441467928
2023-01-11,PORTFOLIO,14536.700314433592
2023-01-12,PORTFOLIO,14620.758452288585
2023-01-13,PORTFOLIO,14679.68277403902
2023-01-17,PORTFOLIO,14660.617080123797
2023-01-18,PORTFOLIO,14426.774615688753
2023-01-19,PORTFOLIO,14381.311943765113
2023-01-20,PORTFOLIO,14601.209901652177
2023-01-23,PORTFOLIO,14750.504456651674
2023-01-24,PORTFOLIO,14716.73245626653
2023-01-25,PORTFOLIO,14735.93961804812
2023-01-26,PORTFOLIO,14929.506586065683
2023-01-27,PORTFOLIO,14868.270039373958
2023-01-30,PORTFOLIO,14664.435662583846
2023-01-31,PORTFOLIO,14852.165057655227
2023-02-01,PORTFOLIO,14909.214411489278
2023-02-02,PORTFOLIO,14953.967030763133
2023-02-03,PORTFOLIO,14876.2122837716
2023-02-06,PORTFOLIO,14790.817310375542
2023-02-07,PORTFOLIO,15052.564665011314
2023-02-08,PORTFOLIO,14929.699750279879
2023-02-09,PORTFOLIO,14802.371393426802
2023-02-10,PORTFOLIO,14949.323685114357
2023-02-13,PORTFOLIO,15087.789340432051
2023-02-14,PORTFOLIO,15066.099959779966
2023-02-15,PORTFOLIO,15027.05101324588
2023-02-16,PORTFOLIO,14843.693996061253
2023-02-17,PORTFOLIO,14720.806146895202
2023-02-21,PORTFOLIO,14478.378036614895
2023-02-22,PORTFOLIO,14437.827594251172
2023-02-23,PORTFOLIO,14554.851325936523
2023-02-24,PORTFOLIO,14432.973145910279
2023-02-27,PORTFOLIO,14457.243449953794
2023-02-28,PORTFOLIO,14382.909236735177
2023-03-01,PORTFOLIO,14393.103750702225
2023-03-02,PORTFOLIO,14480.202076902466
2023-03-03,PORTFOLIO,14706.47528423004
2023-03-06,PORTFOLIO,14725.00863909883
2023-03-07,PORTFOLIO,14468.505651511972
2023-03-08,PORTFOLIO,14441.263732405816
2023-03-09,PORTFOLIO,14159.17181526639
2023-03-10,PORTFOLIO,13959.98181892802
2023-03-13,PORTFOLIO,13830.319110648903
2023-03-14,PORTFOLIO,14047.898752039107
2023-03-15,PORTFOLIO,13803.740634696382
2023-03-16,PORTFOLIO,14038.125172398479
2023-03-17,PORTFOLIO,13830.771465899232
2023-03-20,PORTFOLIO,13986.044175214127
2023-03-21,PORTFOLIO,14230.079277634051
2023-03-22,PORTFOLIO,13983.801922130198
2023-03-23,PORTFOLIO,13973.959949751466
2023-03-24,PORTFOLIO,14047.32823060662
2023-03-27,PORTFOLIO,14141.16440926345
2023-03-28,PORTFOLIO,14147.329693013055
2023-03-29,PORTFOLIO,14336.19638860652
2023-03-30,PORTFOLIO,14408.134867578348
2023-03-31,PORTFOLIO,14572.482005128073
2023-04-03,PORTFOLIO,14748.987877686452
2023-04-04,PORTFOLIO,14635.867953767905
2023-04-05,PORTFOLIO,14685.753055733538
2023-04-06,PORTFOLIO,14687.603247311152
2023-04-10,PORTFOLIO,14716.994463037325
2023-04-11,PORTFOLIO,14753.593860903691
2023-04-12,PORTFOLIO,14721.312428120738
2023-04-13,PORTFOLIO,14898.279846175723
2023-04-14,PORTFOLIO,14885.277205956114
2023-04-17,PORTFOLIO,14903.591754233033
2023-04-18,PORTFOLIO,14915.052181600606
2023-04-19,PORTFOLIO,14911.947600307096
2023-04-20,PORTFOLIO,14828.64024883313
2023-04-21,PORTFOLIO,14813.328183490687
2023-04-24,PORTFOLIO,14858.11803334703
2023-04-25,PORTFOLIO,14608.925444428487
2023-04-26,PORTFOLIO,14531.622766693743
2023-04-27,PORTFOLIO,14723.656226980162
2023-04-28,PORTFOLIO,14886.594991142605
2023-05-01,PORTFOLIO,14859.096690581917
2023-05-02,PORTFOLIO,14588.485709361492
2023-05-03,PORTFOLIO,14451.463651600514
2023-05-04,PORTFOLIO,14324.916600083972
2023-05-05,PORTFOLIO,14624.140798250968
2023-05-08,PORTFOLIO,14621.547261875043
2023-05-09,PORTFOLIO,14557.014099148764
2023-05-10,PORTFOLIO,14565.017867319248
2023-05-11,PORTFOLIO,14498.479628720424
2023-05-12,PORTFOLIO,14479.56974369674
2023-05-15,PORTFOLIO,14546.85797331449
2023-05-16,PORTFOLIO,14407.566876322107
2023-05-17,PORTFOLIO,14597.74243911681
2023-05-18,PORTFOLIO,14721.263239998816
2023-05-19,PORTFOLIO,14739.545263884545
2023-05-22,PORTFOLIO,14742.489006492753
2023-05-23,PORTFOLIO,14630.848087184733
2023-05-24,PORTFOLIO,14542.861498394079
2023-05-25,PORTFOLIO,14597.322623366586
2023-05-26,PORTFOLIO,14724.48271814303
2023-05-30,PORTFOLIO,14691.889120198062
2023-05-31,PORTFOLIO,14593.62963430535
2023-06-01,PORTFOLIO,14737.660019036022
2023-06-02,PORTFOLIO,14988.942383904063
2023-06-05,PORTFOLIO,14941.343920504922
2023-06-06,PORTFOLIO,14983.869758989013
2023-06-07,PORTFOLIO,15008.120955505157
2023-06-08,PORTFOLIO,15062.565908704482
2023-06-09,PORTFOLIO,15076.526890038585
2023-06-12,PORTFOLIO,15150.488759184303
2023-06-13,PORTFOLIO,15236.72661555532
2023-06-14,PORTFOLIO,15197.37521231053
2023-06-15,PORTFOLIO,15395.013325889784
2023-06-16,PORTFOLIO,15347.938307212815
2023-06-20,PORTFOLIO,15216.157120078306
2023-06-21,PORTFOLIO,15176.40657379754
2023-06-22,PORTFOLIO,15168.348717388273
2023-06-23,PORTFOLIO,15067.699510621156
2023-06-26,PORTFOLIO,15064.347204027268
2023-06-27,PORTFOLIO,15180.735584324533
2023-06-28,PORTFOLIO,15197.70321868218
2023-06-29,PORTFOLIO,15322.628473831359
2023-06-30,PORTFOLIO,15485.33828070233
2023-07-03,PORTFOLIO,15481.582678492796
2023-07-05,PORTFOLIO,15432.716312811905
2023-07-06,PORTFOLIO,15279.791595596213
2023-07-07,PORTFOLIO,15293.401517747523
2023-07-10,PORTFOLIO,15370.877751866063
2023-07-11,PORTFOLIO,15501.820937457449
2023-07-12,PORTFOLIO,15602.234883065126
2023-07-13,PORTFOLIO,15667.926689359574
2023-07-14,PORTFOLIO,15604.76428470259
2023-07-17,PORTFOLIO,15665.223186828325
2023-07-18,PORTFOLIO,15814.130733681388
2023-07-19,PORTFOLIO,15859.933808509417
2023-07-20,PORTFOLIO,15888.891461728634
2023-07-21,PORTFOLIO,15936.674299437675
2023-07-24,PORTFOLIO,16031.658867899896
2023-07-25,PORTFOLIO,16071.833517148076
2023-07-26,PORTFOLIO,16047.176411327628
2023-07-27,PORTFOLIO,15931.880958168003
2023-07-28,PORTFOLIO,16031.942537181012
2023-07-31,PORTFOLIO,16093.488679241033
2023-08-01,PORTFOLIO,16057.811961263931
2023-08-02,PORTFOLIO,15866.525435269032
2023-08-03,PORTFOLIO,15862.518408493323
2023-08-04,PORTFOLIO,15785.512802212847
2023-08-07,PORTFOLIO,15906.353092613836
2023-08-08,PORTFOLIO,15879.481962641157
2023-08-09,PORTFOLIO,15832.695660902213
2023-08-10,PORTFOLIO,15834.466527110777
2023-08-11,PORTFOLIO,15884.00087987416
2023-08-14,PORTFOLIO,15941.97080265758
2023-08-15,PORTFOLIO,15736.913979477733
2023-08-16,PORTFOLIO,15628.023264167827
2023-08-17,PORTFOLIO,15571.50575677587
2023-08-18,PORTFOLIO,15608.791115335676
2023-08-21,PORTFOLIO,15668.627308060552
2023-08-22,PORTFOLIO,15591.88520453563
2023-08-23,PORTFOLIO,15715.027675063182
2023-08-24,PORTFOLIO,15539.041248516804
2023-08-25,PORTFOLIO,15660.137449941221
2023-08-28,PORTFOLIO,15751.500800619331
2023-08-29,PORTFOLIO,15925.612323533713
2023-08-30,PORTFOLIO,15978.11609857183
2023-08-31,PORTFOLIO,15940.936937523209
2023-09-01,PORTFOLIO,16059.303351660166
2023-09-05,PORTFOLIO,16008.306639071037
2023-09-06,PORTFOLIO,15935.026257237329
2023-09-07,PORTFOLIO,15881.958658520467
2023-09-08,PORTFOLIO,15930.52879780451
2023-09-11,PORTFOLIO,15963.013621283137
2023-09-12,PORTFOLIO,15980.037647748972
2023-09-13,PORTFOLIO,15968.242811587874
2023-09-14,PORTFOLIO,16095.877751648719
2023-09-15,PORTFOLIO,15906.746849090136
2023-09-18,PORTFOLIO,15954.746089982855
2023-09-19,PORTFOLIO,15915.63879481559
2023-09-20,PORTFOLIO,15784.9445077621
2023-09-21,PORTFOLIO,15561.561153037857
2023-09-22,PORTFOLIO,15536.140018346918
2023-09-25,PORTFOLIO,15622.524147852857
2023-09-26,PORTFOLIO,15434.218524939202
2023-09-27,PORTFOLIO,15497.019987188847
2023-09-28,PORTFOLIO,15577.587082875965
2023-09-29,PORTFOLIO,15465.503842401373
2023-10-02,PORTFOLIO,15405.452413659441
2023-10-03,PORTFOLIO,15233.834330983522
2023-10-04,PORTFOLIO,15233.820348261539
2023-10-05,PORTFOLIO,15248.588993637857
2023-10-06,PORTFOLIO,15418.180809775491
2023-10-09,PORTFOLIO,15569.284199475562
2023-10-10,PORTFOLIO,15631.548394423877
2023-10-11,PORTFOLIO,15624.018408924068
2023-10-12,PORTFOLIO,15564.967794806715
2023-10-13,PORTFOLIO,15599.484503789692
2023-10-16,PORTFOLIO,15739.543188941838
2023-10-17,PORTFOLIO,15768.288292033336
2023-10-18,PORTFOLIO,15640.91593919962
2023-10-19,PORTFOLIO,15517.715136750658
2023-10-20,PORTFOLIO,15315.265492844157
2023-10-23,PORTFOLIO,15225.801580461617
2023-10-24,PORTFOLIO,15257.126526106385
2023-10-25,PORTFOLIO,15133.132926698643
2023-10-26,PORTFOLIO,14979.012669638478
2023-10-27,PORTFOLIO,14806.010088898129
2023-10-30,PORTFOLIO,14952.326320576974
2023-10-31,PORTFOLIO,15052.114874368075
2023-11-01,PORTFOLIO,15161.158653635099
2023-11-02,PORTFOLIO,15482.084000661509
2023-11-03,PORTFOLIO,15567.337274265254
2023-11-06,PORTFOLIO,15571.337335700746
2023-11-07,PORTFOLIO,15542.762681170412
2023-11-08,PORTFOLIO,15523.034265777578
2023-11-09,PORTFOLIO,15397.860580425215
2023-11-10,PORTFOLIO,15613.631061588172
2023-11-13,PORTFOLIO,15628.30314430698
2023-11-14,PORTFOLIO,15859.616716624278
2023-11-15,PORTFOLIO,15884.30033506549
2023-11-16,PORTFOLIO,15868.562977501224
2023-11-17,PORTFOLIO,15942.480587120483
2023-11-20,PORTFOLIO,16049.907781444712
2023-11-21,PORTFOLIO,16027.333763329612
2023-11-22,PORTFOLIO,16080.567426337
2023-11-24,PORTFOLIO,16116.881301995512
2023-11-27,PORTFOLIO,16068.424167040404
2023-11-28,PORTFOLIO,16061.030773875316
2023-11-29,PORTFOLIO,16061.072142126553
2023-11-30,PORTFOLIO,16176.390967425481
2023-12-01,PORTFOLIO,16256.843663741327
2023-12-04,PORTFOLIO,16187.836599723007
2023-12-05,PORTFOLIO,16129.710560287289
2023-12-06,PORTFOLIO,16027.607931607905
2023-12-07,PORTFOLIO,16080.41834788213
2023-12-08,PORTFOLIO,16178.857637639214
2023-12-11,PORTFOLIO,16264.65154327093
2023-12-12,PORTFOLIO,16293.670391618929
2023-12-13,PORTFOLIO,16525.234510117552
2023-12-14,PORTFOLIO,16641.693455984485
2023-12-15,PORTFOLIO,16587.51587637888
2023-12-18,PORTFOLIO,16659.67901910573
2023-12-19,PORTFOLIO,16780.02883648705
2023-12-20,PORTFOLIO,16543.251065276792
2023-12-21,PORTFOLIO,16697.377974757233
2023-12-22,PORTFOLIO,16742.120490618476
2023-12-26,PORTFOLIO,16819.862996357035
2023-12-27,PORTFOLIO,16835.79112854801
2023-12-28,PORTFOLIO,16808.303357554367
2023-12-29,PORTFOLIO,16773.455341845252
2024-01-02,PORTFOLIO,16776.163307554263
2024-01-03,PORTFOLIO,16735.219070950825
2024-01-04,PORTFOLIO,16671.29557477531
2024-01-05,PORTFOLIO,16689.033116539576
2024-01-08,PORTFOLIO,16832.540510926716
2024-01-09,PORTFOLIO,16757.140993535137
2024-01-10,PORTFOLIO,16792.28815551054
2024-01-11,PORTFOLIO,16801.72555094371
2024-01-12,PORTFOLIO,16838.14475543484
2024-01-16,PORTFOLIO,16710.53314537536
2024-01-17,PORTFOLIO,16634.771304910588
2024-01-18,PORTFOLIO,16731.31981343259
2024-01-19,PORTFOLIO,16916.7578664137
2024-01-22,PORTFOLIO,16982.301450233892
2024-01-23,PORTFOLIO,17015.98823745703
2024-01-24,PORTFOLIO,17073.926796005708
2024-01-25,PORTFOLIO,17195.363659031314
2024-01-26,PORTFOLIO,17209.015278048322
2024-01-29,PORTFOLIO,17296.053292960245
2024-01-30,PORTFOLIO,17352.242519035863
2024-01-31,PORTFOLIO,17110.67756252712
2024-02-01,PORTFOLIO,17247.827977939087
2024-02-02,PORTFOLIO,17333.901673753455
2024-02-05,PORTFOLIO,17310.7337478305
2024-02-06,PORTFOLIO,17360.949212460087
2024-02-07,PORTFOLIO,17478.252985506922
2024-02-08,PORTFOLIO,17507.17963483049
2024-02-09,PORTFOLIO,17527.949899582232
2024-02-12,PORTFOLIO,17559.247236369385
2024-02-13,PORTFOLIO,17335.802968203385
2024-02-14,PORTFOLIO,17463.453350367996
2024-02-15,PORTFOLIO,17662.79657838033
2024-02-16,PORTFOLIO,17609.661207461624
2024-02-20,PORTFOLIO,17500.72562567252
2024-02-21,PORTFOLIO,17565.881982572868
2024-02-22,PORTFOLIO,17841.722742380043
2024-02-23,PORTFOLIO,17847.12365092857
2024-02-26,PORTFOLIO,17813.925891781382
2024-02-27,PORTFOLIO,17809.436563576193
2024-02-28,PORTFOLIO,17776.44694097252
2024-02-29,PORTFOLIO,17815.51012438344
2024-03-01,PORTFOLIO,17988.37847789744
2024-03-04,PORTFOLIO,17949.64440012882
2024-03-05,PORTFOLIO,17826.294909395252
2024-03-06,PORTFOLIO,17926.58231089533
2024-03-07,PORTFOLIO,18060.60545336537
2024-03-08,PORTFOLIO,17997.540737263
2024-03-11,PORTFOLIO,18025.937591035814
2024-03-12,PORTFOLIO,18164.792403152707
2024-03-13,PORTFOLIO,18190.437983701668
2024-03-14,PORTFOLIO,18179.300385167604
2024-03-15,PORTFOLIO,18092.220569038273
2024-03-18,PORTFOLIO,18164.34027715691
2024-03-19,PORTFOLIO,18286.68613957722
2024-03-20,PORTFOLIO,18391.6297487906
2024-03-21,PORTFOLIO,18463.29197888634
2024-03-22,PORTFOLIO,18402.17316751101
2024-03-25,PORTFOLIO,18382.611716198007
2024-03-26,PORTFOLIO,18358.165137351738
2024-03-27,PORTFOLIO,18534.206385839454
2024-03-28,PORTFOLIO,18586.44344744327
2024-04-01,PORTFOLIO,18565.886679206724
2024-04-02,PORTFOLIO,18481.16439674275
2024-04-03,PORTFOLIO,18514.474488215583
2024-04-04,PORTFOLIO,18313.163859338543
2024-04-05,PORTFOLIO,18500.125787152418
2024-04-08,PORTFOLIO,18478.642024549034
2024-04-09,PORTFOLIO,18494.652190601242
2024-04-10,PORTFOLIO,18325.040635049212
2024-04-11,PORTFOLIO,18382.29627278427
2024-04-12,PORTFOLIO,18108.566543779714
2024-04-15,PORTFOLIO,17935.14556436432
2024-04-16,PORTFOLIO,17878.605203370615
2024-04-17,PORTFOLIO,17798.487868099466
2024-04-18,PORTFOLIO,17751.85844633674
2024-04-19,PORTFOLIO,17752.83984643846
2024-04-22,PORTFOLIO,17897.06424273146
2024-04-23,PORTFOLIO,18081.932460543634
2024-04-24,PORTFOLIO,18087.220078484155
2024-04-25,PORTFOLIO,18036.91590012315
2024-04-26,PORTFOLIO,18074.314227794093
2024-04-29,PORTFOLIO,18134.04078500579
2024-04-30,PORTFOLIO,17850.548422432043
2024-05-01,PORTFOLIO,17751.87348868846
2024-05-02,PORTFOLIO,17862.974451738814
2024-05-03,PORTFOLIO,18024.023157660726
2024-05-06,PORTFOLIO,18192.849954788097
2024-05-07,PORTFOLIO,18223.969840909034
2024-05-08,PORTFOLIO,18231.10968617678
2024-05-09,PORTFOLIO,18358.643426998526
2024-05-10,PORTFOLIO,18378.29476400089
2024-05-13,PORTFOLIO,18367.818774016643
2024-05-14,PORTFOLIO,18456.075407065226
2024-05-15,PORTFOLIO,18675.314855751167
2024-05-16,PORTFOLIO,18639.968665279812
2024-05-17,PORTFOLIO,18723.769531688333
2024-05-20,PORTFOLIO,18688.602954819155
2024-05-21,PORTFOLIO,18716.13056945009
2024-05-22,PORTFOLIO,18627.307224908556
2024-05-23,PORTFOLIO,18443.60294225712
2024-05-24,PORTFOLIO,18514.203187951367
2024-05-28,PORTFOLIO,18484.738725140913
2024-05-29,PORTFOLIO,18311.72357926494
2024-05-30,PORTFOLIO,18235.905956506638
2024-05-31,PORTFOLIO,18472.125500844242
2024-06-03,PORTFOLIO,18390.632901391597
2024-06-04,PORTFOLIO,18360.955180571626
2024-06-05,PORTFOLIO,18513.16196472683
2024-06-06,PORTFOLIO,18530.500965816027
2024-06-07,PORTFOLIO,18540.95047209824
2024-06-10,PORTFOLIO,18589.259251647225
2024-06-11,PORTFOLIO,18602.25828553315
2024-06-12,PORTFOLIO,18663.702448434335
2024-06-13,PORTFOLIO,18660.74187076144
2024-06-14,PORTFOLIO,18636.051876919206
2024-06-17,PORTFOLIO,18761.109777951853
2024-06-18,PORTFOLIO,18819.759483928585
2024-06-20,PORTFOLIO,18868.90585407096
2024-06-21,PORTFOLIO,18831.52684401003
2024-06-24,PORTFOLIO,18882.581386438123
2024-06-25,PORTFOLIO,18935.128706736385
2024-06-26,PORTFOLIO,18860.973362715493
2024-06-27,PORTFOLIO,18866.702857173346
2024-06-28,PORTFOLIO,18874.188718864887
2024-07-01,PORTFOLIO,18899.588315281053
2024-07-02,PORTFOLIO,18971.244636763837
2024-07-03,PORTFOLIO,19015.273550529782
2024-07-05,PORTFOLIO,19017.960857550843
2024-07-08,PORTFOLIO,19010.81512953997
2024-07-09,PORTFOLIO,19025.706252454707
2024-07-10,PORTFOLIO,19194.85052551713
2024-07-11,PORTFOLIO,19162.84902031834
2024-07-12,PORTFOLIO,19267.65508637254
2024-07-15,PORTFOLIO,19386.358217336554
2024-07-16,PORTFOLIO,19513.293044023027
2024-07-17,PORTFOLIO,19392.99463615039
2024-07-18,PORTFOLIO,19235.581059003405
2024-07-19,PORTFOLIO,19088.344670348237
2024-07-22,PORTFOLIO,19237.461061043272
2024-07-23,PORTFOLIO,19159.725667222305
2024-07-24,PORTFOLIO,18894.321333568474
2024-07-25,PORTFOLIO,18894.739296036034
2024-07-26,PORTFOLIO,19077.46512210676
2024-07-29,PORTFOLIO,19027.091972672704
2024-07-30,PORTFOLIO,19018.507848127014
2024-07-31,PORTFOLIO,19233.939388270224
2024-08-01,PORTFOLIO,18918.87216947651
2024-08-02,PORTFOLIO,18543.98210459266
2024-08-05,PORTFOLIO,18023.94810681744
2024-08-06,PORTFOLIO,18203.2322566734
2024-08-07,PORTFOLIO,18101.92725040182
2024-08-08,PORTFOLIO,18537.237249225935
2024-08-09,PORTFOLIO,18612.749063796757
2024-08-12,PORTFOLIO,18629.974596382166
2024-08-13,PORTFOLIO,18845.715795830474
2024-08-14,PORTFOLIO,18959.813929905198
2024-08-15,PORTFOLIO,19238.187924407546
2024-08-16,PORTFOLIO,19281.37481241916
2024-08-19,PORTFOLIO,19452.426852097757
2024-08-20,PORTFOLIO,19333.236308170206
2024-08-21,PORTFOLIO,19376.163609802523
2024-08-22,PORTFOLIO,19291.246753873354
2024-08-23,PORTFOLIO,19502.343381076676
2024-08-26,PORTFOLIO,19489.34257474628
2024-08-27,PORTFOLIO,19508.12033854877
2024-08-28,PORTFOLIO,19420.68079524809
2024-08-29,PORTFOLIO,19479.42351153758
2024-08-30,PORTFOLIO,19646.883568889134
2024-09-03,PORTFOLIO,19251.116123131054
2024-09-04,PORTFOLIO,19177.753876575614
2024-09-05,PORTFOLIO,19038.013632742746
2024-09-06,PORTFOLIO,18758.552592816923
2024-09-09,PORTFOLIO,18971.275776301234
2024-09-10,PORTFOLIO,18957.843484753597
2024-09-11,PORTFOLIO,19061.87661846014
2024-09-12,PORTFOLIO,19182.242854700366
2024-09-13,PORTFOLIO,19262.27128424667
2024-09-16,PORTFOLIO,19374.235552444123
2024-09-17,PORTFOLIO,19401.304286326318
2024-09-18,PORTFOLIO,19343.43768919879
2024-09-19,PORTFOLIO,19627.313286006036
2024-09-20,PORTFOLIO,19573.877296230923
2024-09-23,PORTFOLIO,19618.875308634448
2024-09-24,PORTFOLIO,19606.580428481102
2024-09-25,PORTFOLIO,19470.73595908401
2024-09-26,PORTFOLIO,19494.361501914613
2024-09-27,PORTFOLIO,19540.94418917449
2024-09-30,PORTFOLIO,19635.661983676055
2024-10-01,PORTFOLIO,19552.81333933838
2024-10-02,PORTFOLIO,19619.892886444
2024-10-03,PORTFOLIO,19641.909942876242
2024-10-04,PORTFOLIO,19827.548752725
2024-10-07,PORTFOLIO,19712.292666430323
2024-10-08,PORTFOLIO,19764.50755220192
2024-10-09,PORTFOLIO,19936.959192581548
2024-10-10,PORTFOLIO,19928.90862024675
2024-10-11,PORTFOLIO,20090.413789463728
2024-10-14,PORTFOLIO,20221.19189874824
2024-10-15,PORTFOLIO,19929.763692317963
2024-10-16,PORTFOLIO,20039.059358173636
2024-10-17,PORTFOLIO,20058.440413560747
2024-10-18,PORTFOLIO,20095.21601624291
2024-10-21,PORTFOLIO,20016.085884217682
2024-10-22,PORTFOLIO,20005.70557481055
2024-10-23,PORTFOLIO,19868.801491189577
2024-10-24,PORTFOLIO,19865.826816206212
2024-10-25,PORTFOLIO,19818.13936254702
2024-10-28,PORTFOLIO,19859.19141634904
2024-10-29,PORTFOLIO,19823.20229425185
2024-10-30,PORTFOLIO,19767.457421305684
2024-10-31,PORTFOLIO,19499.866425106688
2024-11-01,PORTFOLIO,19557.5073650745
2024-11-04,PORTFOLIO,19558.667867208485
2024-11-05,PORTFOLIO,19752.373255085797
2024-11-06,PORTFOLIO,20356.870137846985
2024-11-07,PORTFOLIO,20404.34433271446
2024-11-08,PORTFOLIO,20510.83552265391
2024-11-11,PORTFOLIO,20549.615545200588
2024-11-12,PORTFOLIO,20450.664793679385
2024-11-13,PORTFOLIO,20461.91944170967
2024-11-14,PORTFOLIO,20362.209903069543
2024-11-15,PORTFOLIO,20146.325433803377
2024-11-18,PORTFOLIO,20244.424539380318
2024-11-19,PORTFOLIO,20219.134555813893
2024-11-20,PORTFOLIO,20293.3267247903
2024-11-21,PORTFOLIO,20473.521009309112
2024-11-22,PORTFOLIO,20544.04358732298
2024-11-25,PORTFOLIO,20538.48507077095
2024-11-26,PORTFOLIO,20604.990820794494
2024-11-27,PORTFOLIO,20562.399887141295
2024-11-29,PORTFOLIO,20663.14543456407
2024-12-02,PORTFOLIO,20617.769713020065
2024-12-03,PORTFOLIO,20594.027485489074
2024-12-04,PORTFOLIO,20577.79757833905
2024-12-05,PORTFOLIO,20532.552400800178
2024-12-06,PORTFOLIO,20462.60229761091
2024-12-09,PORTFOLIO,20363.989173008187
2024-12-10,PORTFOLIO,20249.318133068427
2024-12-11,PORTFOLIO,20299.120990192754
2024-12-12,PORTFOLIO,20172.481578508443
2024-12-13,PORTFOLIO,20164.89524493241
2024-12-16,PORTFOLIO,20078.458321867023
2024-12-17,PORTFOLIO,19976.41290551313
2024-12-18,PORTFOLIO,19436.532099899592
2024-12-19,PORTFOLIO,19390.19308548558
2024-12-20,PORTFOLIO,19639.367460067835
2024-12-23,PORTFOLIO,19776.232754793014
2024-12-24,PORTFOLIO,19957.334939023087
2024-12-26,PORTFOLIO,19974.75362906677
2024-12-27,PORTFOLIO,19831.228586112196
2024-12-30,PORTFOLIO,19648.01298194126
2024-12-31,PORTFOLIO,19666.143845881837
