Date,SPY,XLK,XLF,XLV,XLE
2020-01-03,-0.007572268495077972,-0.011243334520070314,-0.01061750196610145,-0.008714288572467699,-0.0029713008398506435
2020-01-06,0.003815282229742367,0.002382615297450652,-0.0006505728729447879,0.006222944312076706,0.007781371204950149
2020-01-07,-0.002811818762913587,-0.00043229171243108766,-0.006508213192074952,-0.001963303069940525,-0.0026284734012473887
2020-01-08,0.005329624433425995,0.010700561482469784,0.006550847504221302,0.006491503429091994,-0.016471889102571025
2020-01-09,0.006780697461151952,0.011335601400866313,0.0061829250845031325,0.004299701828015312,0.0073690828652968055
2020-01-10,-0.002877743706261704,-0.002326517238689818,-0.0074385755674492016,0.0002922176306892066,-0.00565247840712324
2020-01-13,0.006876993172140633,0.012506784038462282,0.006842618032233405,-0.003502123154946024,0.00033441335907213876
2020-01-14,-0.001524282553044154,-0.0047102929594859955,-0.0019418963279612678,0.0060523003169212775,0.00016706749818418132
2020-01-15,0.0022593943845594655,0.0011568070161500632,-0.005512198165038229,0.008635897996167596,-0.007352989546535849
2020-01-16,0.008318613591605128,0.013446734499829027,0.008803328822080125,0.005194661133350875,0.0016836081660784874
2020-01-17,0.0031124612877257984,0.006737664309761193,0.002909044168518893,0.0,-0.006386706659198826
2020-01-21,-0.0019580625246661265,-0.00041182890005786454,-0.008379120545694563,0.0010525830641558986,-0.017929589562525883
2020-01-22,0.00012066104060148852,0.0036056303540841217,0.0029249062611640397,0.0012431769952678806,-0.00964520393875512
2020-01-23,0.00114705098667911,0.0047210028715625185,-0.002592318845036634,-0.0050606863819521175,-0.0038260690219350524
2020-01-24,-0.0088931861867666,-0.004698819730123649,-0.012670522439427123,-0.01669877197010916,-0.01152255312552386
2020-01-27,-0.01602945685611934,-0.023812463758341784,-0.015465676905643821,-0.007612783339244422,-0.027728365076807315
2020-01-28,0.010479468436420225,0.01913612487650518,0.01169790646896618,0.004917555031062948,0.004541159998906474
2020-01-29,-0.0008264224959803057,0.0025792453121735726,-0.0016519388455594752,-0.002740318461100233,-0.010488278617207691
2020-01-30,0.0032456915965657362,0.008643313066168723,0.012574683144076726,-0.00726197475324275,0.008040807134910732
2020-01-31,-0.018158103007489435,-0.02744303003820303,-0.02091532023999587,-0.019968459208181244,-0.03118191566146422
2020-02-03,0.007428577493905575,0.013216994722155873,0.007009489117891121,0.009078020225489425,-0.013098699277156567
2020-02-04,0.015241143712777738,0.026193378983404347,0.009612233081994104,0.01759301140924352,0.00360271191654693
2020-02-05,0.011548156183669223,0.0058513928518215685,0.020026303174644156,0.019253418445819293,0.037596655589740235
2020-02-06,0.00336498866837176,0.00912736309278439,-0.0012873294189819084,0.0008672261486049049,-0.010196659386211615
2020-02-07,-0.005329636824636719,-0.009144133616770578,-0.003545031210436478,-0.007799742041503577,-0.006990417954780503
2020-02-10,0.007465250500056753,0.01354177074926799,0.00291078629996977,0.005337882243706016,-0.005001799577055599
2020-02-11,0.001732915878303043,-0.0033649360939485007,0.0035471094905736855,0.005985029405414233,0.011170974892094954
2020-02-12,0.006442729006431058,0.010824270060268315,0.000642423134314063,0.0012475854169680112,0.013441472120251152
2020-02-13,-0.0010668481790304662,-0.002652526608726169,-0.00032079802274531666,-0.004696302927059359,-0.0030885863715085504
2020-02-14,0.0016020806686205535,0.004334173484966675,0.0012847099468653589,0.0007703811786636816,-0.005285280747393206
2020-02-18,-0.002577039968217898,-0.0037270107385232176,-0.008661977480695082,-0.003559984656448134,-0.008244660115466096
2020-02-19,0.004781422666628066,0.011911818109968442,0.007443390375623915,0.004634984624554139,0.013301045750214069
2020-02-20,-0.004108248696833128,-0.010409587556187927,-0.0019274105697671962,-0.0064397106225276834,-0.0010935983163782304
2020-02-21,-0.010298433594001843,-0.022414510352012362,-0.009655663276292858,0.000580468692584768,-0.011863680761318607
2020-02-24,-0.03316546197052528,-0.041331229725491525,-0.032499323692796844,-0.031518862813509574,-0.04617655377332297
2020-02-25,-0.030302105188284245,-0.03199413171178289,-0.03392678656018455,-0.030348424116497297,-0.044151909013688706
2020-02-26,-0.003678345350689227,0.004551308218603056,-0.00730165797118798,-0.00010317825693695326,-0.030186479304052827
2020-02-27,-0.04491154855801016,-0.05393756864069554,-0.04273190718014297,-0.033978569532908676,-0.053477916913884815
2020-02-28,-0.004201445675425575,0.007639693387566426,-0.027076706718683452,-0.012897106819797166,-0.0008829730270381031
2020-03-02,0.04330666483442225,0.05782508219037408,0.05114735767653067,0.04686329282842694,0.04042414877788003
2020-03-03,-0.028632572322594196,-0.037975925508937136,-0.03756729949973203,-0.024858260011001665,-0.030573384119880198
2020-03-04,0.04203286235405934,0.042922213008353305,0.033085731748683234,0.05764776299089602,0.023653278195024274
2020-03-05,-0.03324180204629146,-0.031559760631219236,-0.048218881821946,-0.02320214299384371,-0.03658543995948882
2020-03-06,-0.016531299551974077,-0.021138656529766653,-0.03402679155125188,-0.005324146434687371,-0.056184448977193546
2020-03-09,-0.078094438435383,-0.07591912384039667,-0.10724038664494495,-0.05198153541798356,-0.20141195911041265
2020-03-10,0.05174497691457414,0.06669880090545632,0.05874591108004856,0.03431034233565433,0.04743664138892156
2020-03-11,-0.04874825284492734,-0.04723867057494591,-0.05424403001021383,-0.03821093506349249,-0.05288331211698083
2020-03-12,-0.09567710074472535,-0.09760481692496903,-0.10814366517084151,-0.0746563655055219,-0.12473995105770685
2020-03-13,0.08548621826638869,0.11731893606402677,0.13156599180565665,0.06935581039137562,0.09229698545345344
2020-03-16,-0.10942360044697885,-0.1381398514527138,-0.1370936277150966,-0.09860980298801036,-0.13606689283363604
2020-03-17,0.053991830402580154,0.06808178981501523,0.054298711074262096,0.06277503308126486,0.0068318785762342404
2020-03-18,-0.05063266160742219,-0.03767753966822407,-0.08488295638533017,-0.03316065039113825,-0.14357143562626618
2020-03-19,0.0021248574140044774,0.0036202829564786487,0.02188650756866295,-0.020483337787871814,0.06797345610575345
2020-03-20,-0.043094149223389056,-0.04582486707977429,-0.03569599038496574,-0.03841923863725971,0.009761747139005461
2020-03-23,-0.025568518637321347,-0.009134446478430536,-0.05818373938218668,-0.051938885490589115,-0.06815845930863274
2020-03-24,0.0906033858507933,0.10241471925981327,0.1240091579689222,0.0770567923056622,0.16037323458601627
2020-03-25,0.014970354966981958,-0.0012885624292188202,0.027203865263605076,0.013313470160359442,0.047166330504055054
2020-03-26,0.05838966956357328,0.061927387742986895,0.06277584491273225,0.06642918166618283,0.061103340725174204
2020-03-27,-0.029785520272099464,-0.0451951921118291,-0.03045684879295696,-0.021416085317314426,-0.06778533494575012
2020-03-30,0.03247558471741052,0.0421174990563824,0.019038704380872407,0.04682889771890619,0.010236388649016437
2020-03-31,-0.014905310217118717,-0.018681222698026967,-0.02755715708564266,-0.004383651388233711,0.015373892098790032
2020-04-01,-0.04500486123369829,-0.047654232020695964,-0.06099933204854058,-0.03804448827001783,-0.0495525850511046
2020-04-02,0.02307540966316246,0.02338628118567665,0.02506444055014745,0.0276963020799037,0.09160011491052256
2020-04-03,-0.01445429237448248,-0.015447428600589674,-0.019960443710232645,-0.009021837871504124,-0.010613603766821411
2020-04-06,0.0671660836335668,0.08532141758686818,0.07179215104497949,0.05243177562805723,0.052967092917273195
2020-04-07,0.0010198513810564247,-0.008960572619112428,0.009976605956909745,-0.008211949922136697,0.021330660105558952
2020-04-08,0.03356820647662362,0.02688363007133021,0.04374423046483189,0.041179139648504615,0.06670822374338203
2020-04-09,0.015217343775810743,0.00023473418986230676,0.053627613425126786,0.005513593463313704,-0.009059073009387464
2020-04-13,-0.009130298235591416,0.002230203651817364,-0.03635593474041765,-0.008752182484584092,-0.0032438686541851336
2020-04-14,0.029492957688658006,0.04192524616493043,0.004438513629282825,0.03319119188592734,-0.0047338737981645895
2020-04-15,-0.021248031965201197,-0.021805400352570725,-0.04330554335207848,-0.005148252254456254,-0.04696771176272574
2020-04-16,0.004824444699950137,0.012179771752159896,-0.0175516600710649,0.021837985946449034,-0.042732158220835426
2020-04-17,0.0270151595052619,0.013281872424366625,0.052656227285728496,0.020763988143361223,0.10622326866040455
2020-04-20,-0.017617951350561767,-0.016020466278044765,-0.017418554630613814,-0.007938154497547978,-0.031222351504745727
2020-04-21,-0.03036338259709548,-0.04189906122812315,-0.032272520097395896,-0.030406003001703374,-0.01763457246644029
2020-04-22,0.02219492424659375,0.038502574936271516,0.010803201379179006,0.015267234706501043,0.03559250497375066
2020-04-23,-7.226875964627677e-05,-0.00686577411603162,-0.004182163275914141,0.005486614471329254,0.0322776723637348
2020-04-24,0.013939218296051381,0.02120047608125497,0.014465638581887097,0.01343970091025315,0.0023160498224106263
2020-04-27,0.01441851728084842,0.008575035902551154,0.03403836087158507,0.012862850887244592,0.02166384202643723
2020-04-28,-0.004598677816353924,-0.013312481724148895,0.010676051861835179,-0.02018107966674698,0.022900799122410165
2020-04-29,0.026178167821802933,0.04104339037477556,0.029049671299363533,0.006630924431469731,0.07407410650430668
2020-04-30,-0.009310289165319396,-0.004465373529110805,-0.025235552511562176,-0.004591061599304669,-0.02213070615568702
2020-05-01,-0.02647334463965756,-0.02745855408492981,-0.032031358410648525,-0.01905184123550241,-0.05657902457653119
2020-05-04,0.002758164828184473,0.013273127388898853,-0.009066060269959153,-0.0005107612179231502,0.034588588828644795
2020-05-05,0.009239215213090013,0.013765600618302232,-0.003202439969137272,0.021681166483741743,0.0008086012518964125
2020-05-06,-0.006778836659658394,0.007774710759794523,-0.021569330634873762,-0.009909973065400646,-0.026131243649645364
2020-05-07,0.01206720162583741,0.014995285248760704,0.023452188207636393,-0.00010083209511180247,0.02600278070360229
2020-05-08,0.01654628997358132,0.014666207802750408,0.021539768099166468,0.005156520501692796,0.04556471668075979
2020-05-11,0.00020509533290891113,0.006647226801961947,-0.01929104874123666,0.01720165235678306,-0.017534801971394343
2020-05-12,-0.019931246842270545,-0.020647673716362114,-0.026075003045666234,-0.015229320961231085,-0.017585519471980282
2020-05-13,-0.017686340280547386,-0.017230506288006597,-0.029591608657956625,-0.010845740691219352,-0.04541796785937369
2020-05-14,0.011967293565988468,0.01274102268044408,0.025653716758475387,0.010964660556381123,0.01119504450374964
2020-05-15,0.004597087619609308,0.005053706016624249,-0.006607292906165574,0.008435444287294258,-0.0038747039440071296
2020-05-18,0.030459532775171105,0.02449998375923701,0.05130662274340536,0.008265062779893029,0.08168914864512944
2020-05-19,-0.01027116002368933,-0.0036549983390553598,-0.024401022506916226,-0.012049296204232895,-0.027999027490300255
2020-05-20,0.01698807631296506,0.021905319483081387,0.02223218951410799,0.0011994737498712826,0.03990482147812524
2020-05-21,-0.006904004066783598,-0.013948609546974189,-0.003171678879091977,-0.007388904208369462,-0.01600989873980574
2020-05-22,0.0018993248350012149,0.0036402186164252726,-0.0036362952098656365,0.0021125104261119354,-0.006198254262857472
2020-05-26,0.012320348668154235,-0.001036017356341734,0.05200716887749235,-0.0018067851167389293,0.027806328688896986
2020-05-27,0.01487883458625694,0.005705957921614546,0.043365570073383264,0.010357926340957446,0.012895464590523709
2020-05-28,-0.0018447594816558555,-0.0019601128601913764,-0.01579436618943819,0.013038674868327105,-0.027958247738439468
2020-05-29,0.004455687725260393,0.012610096157986028,-0.011401960772828512,0.012084955806794806,-0.004622489590887402
2020-06-01,0.0040417447904048664,-0.0003062978968634278,0.01153346488704532,-0.009902217141557812,0.017543785747284435
2020-06-02,0.008280142722767447,0.00939328709266296,0.008024005873324969,0.005785238900360312,0.027890483732991855
2020-06-03,0.013308597071730599,0.007789144205398779,0.037285201233363985,-0.0019496741741830137,0.029353798068591397
2020-06-04,-0.0026270807673804963,-0.008230825909605666,0.02180915128890515,-0.00791159309602918,0.0002394277746262663
2020-06-05,0.025629551775213644,0.02631315678106949,0.03715448850964531,0.01614625232893019,0.074269415075505
2020-06-08,0.012087639949611928,0.005029327342081613,0.019054739080459848,0.006878960896266273,0.04504909901801968
2020-06-09,-0.007456706623129472,0.004709418325766324,-0.021316446059292504,-0.010392470939144971,-0.03755874892507716
2020-06-10,-0.005579943041604807,0.016699297414763947,-0.037447467428582626,-0.0015556814329367175,-0.04922380972450513
2020-06-11,-0.05764903304242541,-0.05734319175642422,-0.08177849072194154,-0.055609512060175836,-0.09421636828946822
2020-06-12,0.01197581784081403,0.01294050580092776,0.03026382639843428,0.0064968231565867285,0.0252312144494804
2020-06-15,0.009335456506711637,0.00965729978532881,0.0138478176402832,0.0022536991433972364,0.0030140067164921014
2020-06-16,0.01924791725880115,0.021321001500136827,0.015728824050474266,0.02463747514291481,0.028793032177368394
2020-06-17,-0.004154140963850028,-0.00019528524070255848,-0.015077431947860043,-0.0009978194114389494,-0.03407157783764847
2020-06-18,0.0003851080449135402,0.00448837349082587,-0.001241416318201627,-0.003395620647085873,0.012345710848624236
2020-06-19,-0.0057148274214355865,-0.006896733105128172,-0.00662814414969326,0.00962005297480606,-0.01518166911570451
2020-06-22,0.0064150797536526305,0.01884093013547483,-0.004951885809141299,-0.0038374349944994,0.004632834601701719
2020-06-23,0.0046036519403573894,0.007220021434354518,0.004639287276122284,0.004302501944772663,0.001019124726031606
2020-06-24,-0.025508730345836783,-0.02255562573960801,-0.03526457645637271,-0.026103133095884745,-0.055484801474226964
2020-06-25,0.01072046423560491,0.012809201390638236,0.02654496211896129,0.009820562195876681,0.019132179032697705
2020-06-26,-0.02375104450254728,-0.019695087249427812,-0.04281486083606223,-0.012156640034755584,-0.03463782557355477
2020-06-29,0.014697168744923106,0.010931741600592071,0.01107168319033347,0.0090246927919988,0.01342111641703947
2020-06-30,0.01280941361887944,0.017925037610538652,0.013578783806249994,0.017074987779913453,0.02297293703155523
2020-07-01,0.007004987626846759,0.0016270910895777035,-0.008642938362629526,0.00769459403636219,-0.02430648435664473
2020-07-02,0.00550712295406508,0.005828151693915595,0.0013077296360484159,0.007536771077462978,0.011102052846795774
2020-07-06,0.015437569929316552,0.017478761587718772,0.0191555389887359,0.01013762583546085,0.0029459663670503566
2020-07-07,-0.010314224235108416,-0.010456343668801549,-0.02050431469561631,-0.008671728367711906,-0.03177571594558404
2020-07-08,0.0076489214140018635,0.016322229801282173,0.010466586375923459,9.810931458753558e-05,-0.0008272552160308866
2020-07-09,-0.005693092240273034,0.0036204847395888695,-0.021147834700469992,-0.007862343343960854,-0.0494065820277686
2020-07-10,0.010210508329755674,-0.000277323638459559,0.0343915010016238,-0.00237729502228734,0.03193980394574636
2020-07-13,-0.0086589197411997,-0.020725510770356115,0.004262477893367089,0.005659686478447723,-0.005346529210664253
2020-07-14,0.012958838932491279,0.011526878753225,0.005093623547596016,0.01984604194125983,0.03507761720172953
2020-07-15,0.009187238469920533,0.005417457312582474,0.01984769885911586,0.012973200297394794,0.021591036719590617
2020-07-16,-0.003293346279103493,-0.012356157283177183,0.0,-0.0016249220563394617,-0.004547943516055475
2020-07-17,0.0028990765185132883,0.004891489106528812,-0.008281298825565608,0.01368949710721834,-0.013974704556830586
2020-07-20,0.008081774234816264,0.025554678644504003,-0.004593062571148221,-0.0001888459189484104,-0.016625837856242165
2020-07-21,0.0021271402062092992,-0.010040225505494882,0.019714673732982968,-0.0006611649216414772,0.060421360850196004
2020-07-22,0.005692485277079662,0.008021367726280593,0.0,0.008979002483768372,-0.012284646088430162
2020-07-23,-0.011932076422794036,-0.025976423026148332,0.0008227753425578133,-0.004496183104567786,-0.0018520060725017995
2020-07-24,-0.006440412054212086,-0.01211345389773566,-0.0024661225167086354,-0.011009957546179283,-0.005567411471644967
2020-07-27,0.00729285581653194,0.015779202490032507,-0.008240352451788557,0.007516763543480964,0.001066335305621724
2020-07-28,-0.00634275048686872,-0.011697419958981659,-0.002493024816079936,-0.001133154860715413,-0.017043831893534866
2020-07-29,0.012298966444795001,0.014487233872597649,0.01874220859298803,0.010494347816347283,0.020861612285357767
2020-07-30,-0.003568039878548479,0.005600042649948733,-0.017988405801624308,-0.006923678305312708,-0.039278247820950796
2020-07-31,0.00790201865121909,0.024967653101854337,0.00041631025177246705,-0.005747025894309643,-0.004696191516028514
2020-08-03,0.006952438859407772,0.02463080736137635,0.002913047307083527,0.010328724768851938,0.0036079455738993182
2020-08-04,0.003862529313163554,0.0025631505175263136,-0.004149371022009074,-0.004408045863787735,0.024336613378819427
2020-08-05,0.006210906360001767,0.0037023622964391656,0.013749863278844643,0.0046161044175658805,0.010528822494053625
2020-08-06,0.006684746367487726,0.014052357950218086,-0.00041109304559894255,-0.005345122474301411,-0.008014481322706324
2020-08-07,0.0007179166441584339,-0.01489713436971929,0.021381706429996372,0.0032054869457618373,0.0013464306950428107
2020-08-10,0.0029886616275220934,-0.0028131703825478027,0.00724638299724889,-0.003383167684688493,0.030930601726948614
2020-08-11,-0.008254222753115381,-0.01798618359978643,0.011590633660177874,-0.0063177438028203525,-0.003391575146552417
2020-08-12,0.01394200212352259,0.02271475519139332,-0.002765642695250037,0.01679613789289558,0.009947645660874471
2020-08-13,-0.0018075644105631783,0.0004389522541414781,-0.0063393364648614,-0.0013063768047074653,-0.019440326255369955
2020-08-14,2.9514901926486203e-05,-0.0007019874151195094,0.003987320250585125,-0.001962521068933687,0.009516156719533875
2020-08-17,0.0031766935175481237,0.006673775651956815,-0.01667986508977226,0.005898904381294701,-0.005760354727622596
2020-08-18,0.002160548642647697,0.0037508532030785524,-0.006462146358507392,-0.00027928644074104447,-0.012641761193138978
2020-08-19,-0.004164017184497326,-0.0012167317485551887,-0.00040623633542247184,-0.003258730530639964,-0.01146973445288968
2020-08-20,0.003113666821730865,0.013312494547891074,-0.009353613911570191,-0.003176141773010288,-0.021586576426007364
2020-08-21,0.003547472833370202,0.012708190754153526,-0.0020524988825718626,0.0010308285611320134,-0.006343064138191079
2020-08-24,0.010133024869867002,0.008648335456712397,0.023858566026347505,-0.004587151272795076,0.02747682812514718
2020-08-25,0.0034995691492503145,0.005043953105405619,0.002812395907786369,0.006771426467274022,-0.014046236932676925
2020-08-26,0.010025475848500776,0.020324386778534764,-0.004807668210832672,-0.0012145110286297944,-0.02109588573339849
2020-08-27,0.002186499763120464,0.0008198220516610899,0.01690799936149201,0.007856378584783164,0.001959186509990163
2020-08-28,0.006459281392577454,0.008763974600118685,0.003959074897396775,0.002226981516100235,0.01787691287161519
2020-08-31,-0.0036227411274224464,0.0031667309361935736,-0.01182980202086148,0.0024075007347910127,-0.021679248930745243
2020-09-01,0.009418880033272181,0.019101408241972928,0.0027934868223826737,-0.008959917547151974,-0.0067321585716962895
2020-09-02,0.01446377149387601,0.008895328379104894,0.014325265378163143,0.02003916835532693,-0.0048008961582231
2020-09-03,-0.034414142194587494,-0.056994398313293226,-0.015299772779358123,-0.027229604475323632,-0.007377859484682503
2020-09-04,-0.008164800813457829,-0.01394124894181381,0.007569632296061446,-0.007138591961647567,-0.0031450654923914634
2020-09-08,-0.02732277069422906,-0.0452081229280582,-0.025701943047711118,-0.01646190796609448,-0.036420847982757576
2020-09-09,0.019747060128688654,0.03262991814983729,0.010146045501703504,0.017699278114887473,0.006845367268053737
2020-09-10,-0.01736352894318094,-0.0225828271708145,-0.014061894348373127,-0.01531191322597969,-0.03665380853856803
2020-09-11,0.0005092482499367001,-0.007642953957069487,0.0069274813480584285,0.003935530148122313,0.0009204871967156691
2020-09-14,0.013170922410963293,0.02098077961182132,0.013759471403441026,0.014341736406648264,0.007664041127440457
2020-09-15,0.005052606637855339,0.00988473409377466,-0.013572717978548199,0.001319587615802531,-0.007301608169134388
2020-09-16,-0.003968380378455483,-0.01545474168397365,0.011331617110739156,-0.0016944106673129067,0.04014718296274844
2020-09-17,-0.008795324991400455,-0.00828446920487047,-0.010404263592892038,-0.0033002926418986833,0.0014734066893826725
2020-09-18,-0.011512773913851748,-0.017235337936204798,-0.0020220471128489237,-0.0015138007933861442,-0.011179759648086263
2020-09-21,-0.011129682487363013,0.008312827952660529,-0.02505578060630531,-0.018473696524960892,-0.03314612267478678
2020-09-22,0.010184214890891274,0.015830718569721514,-0.008357804481729625,-0.002132343333393627,-0.01032214174556667
2020-09-23,-0.023190705011462254,-0.03116788533583581,-0.022334381213689802,-0.010295240890559776,-0.04519587314802043
2020-09-24,0.002665132159435313,0.005602755810764748,0.0021548783721274667,-0.005004842230027617,-0.00033097230872847216
2020-09-25,0.016167343983278792,0.023903569139219316,0.010322572101727268,0.016076656331498462,-0.0006623989187166668
2020-09-28,0.016609442353114012,0.019132939763896184,0.023840331302492634,0.009027102346775395,0.02352553255670986
2020-09-29,-0.005446189948503988,-0.003358573258145592,-0.012474413886858549,-0.0012503658070720514,-0.027516949475948294
2020-09-30,0.007582088313141,0.008381439707481286,0.013473910170499037,0.015989106239955087,-0.0029958443976433324
2020-10-01,0.006419700327253253,0.010539900980529815,0.0016616281643082598,-0.003413046456958946,-0.030717894244326804
2020-10-02,-0.009494286975620603,-0.025353931921649808,0.007880646601368335,-0.009132255778633636,0.009645055814218928
2020-10-05,0.01773303828362849,0.021924294563355096,0.016461179265570225,0.020545366998169223,0.03002393923011648
2020-10-06,-0.014215819326053536,-0.015494472682360816,-0.010121868644003773,-0.013264316239349871,-0.014905737423423715
2020-10-07,0.0174066879074104,0.018332974325481644,0.01676910061244752,0.018876863596902105,0.014122671561984879
2020-10-08,0.008862456271061747,0.005179935861014284,0.013676625135182086,0.0048655122393870265,0.03746665561596818
2020-10-09,0.008930153874809,0.01529083907225215,0.0011901298054879383,0.009032655853622229,-0.0159794696114558
2020-10-12,0.016087550195682088,0.027292315026897107,0.01109821242226472,0.006828864655781031,0.002598132051070623
2020-10-13,-0.006525855192714647,-0.006398630014227247,-0.01920821429516173,-0.007607612660008867,-0.015549162321277232
2020-10-14,-0.006283371040723962,-0.005298930012251235,-0.009592317447896903,-0.005818725135015801,0.004277857187755751
2020-10-15,-0.001236274760357925,-0.004507324091352682,0.00766748448402188,-0.007246411178400192,0.012123141232873502
2020-10-16,-0.0006043702723912414,-0.0028814928247147265,0.0008012911868358064,0.009919580304845743,-0.022660963123500633
2020-10-19,-0.015203264109479364,-0.018328845582430864,-0.015206351662904849,-0.015845157115839004,-0.0211988476038949
2020-10-20,0.004005796959906327,0.0034482488150582302,0.008126869723301455,0.0013181556977552855,0.011844039277518092
2020-10-21,-0.0018926339245163293,-0.001508552282193043,-0.005240280975345679,-0.004983653534568089,-0.019063550578378496
2020-10-22,0.005484985700322964,-0.004700840318029309,0.019854715301563575,0.015120192676502331,0.04125478637696944
2020-10-23,0.0033949648856845815,-0.0010964590155250198,0.003178187715827674,0.003723724959007191,-0.00491179220772775
2020-10-26,-0.018479884217581954,-0.021698789953217723,-0.02257462145890643,-0.011129575584463924,-0.03586682709117939
2020-10-27,-0.003446987110170441,0.005005768955069323,-0.018233045091471944,-0.0068468253783238175,-0.012969419927980064
2020-10-28,-0.0341791319916086,-0.04242164215219535,-0.025588125582137744,-0.03173109957250386,-0.04183957539999417
2020-10-29,0.01016336395565487,0.01668000052611074,0.0076239032773486315,-0.008192719121138614,0.030674794742230116
2020-10-30,-0.010424899970052581,-0.022139886458298785,0.002942295446068055,-0.00029487005924966336,0.005602327260816331
2020-11-02,0.011208716055125523,0.0025256866582528126,0.01886027698388637,0.018000940437942425,0.034122653072376385
2020-11-03,0.017655630539812783,0.017635408893964755,0.02221286137060674,0.014590983049844075,-0.005723943159071765
2020-11-04,0.022349413661239437,0.03890359794146403,-0.011670076945114682,0.044380986964312585,0.0013543749895290613
2020-11-05,0.01950272757257432,0.031063938415237136,0.024430161807051487,0.0020060341286800565,0.0
2020-11-06,-0.0002279638838863507,0.003549286359542103,-0.007949131459261238,0.00036413482905084393,-0.021643572061947003
2020-11-09,0.01256519165822012,-0.007238092740501356,0.08213111225037073,0.009370413093484187,0.14275869929520968
2020-11-10,-0.0014665505639712695,-0.018641264573177274,0.0051835283844867686,0.0028841550539016048,0.032365252658559385
2020-11-11,0.0074286390850288875,0.023723190037537423,-0.004051525726201932,-0.0012582877388922498,-0.010254934936023474
2020-11-12,-0.009700963609310054,-0.00890654673123581,-0.016642082265743263,-0.0036892516037965173,-0.03226768052054563
2020-11-13,0.013844282472627478,0.008487353501705597,0.016547571472383282,0.012644550777521024,0.03640259734805418
2020-11-16,0.01248255098292872,0.009653272325744755,0.02219741981257095,-0.0016946552749168564,0.06582062263249644
2020-11-17,-0.005378203922586811,-0.0055567128512321595,-0.0014475352061077418,-0.0065219353150882675,0.010246486912685704
2020-11-18,-0.012034708623567258,-0.010683011043209678,-0.00942376491079544,-0.018615265104404255,-0.02905705696040728
2020-11-19,0.004210267505354137,0.00805734677226444,0.0032932068272777393,-0.0007328913541673199,0.016374896814839834
2020-11-20,-0.006848021632925305,-0.010300044459253255,-0.008752649066824048,-0.0022923009920897686,-0.005277735695814689
2020-11-23,0.005994403254383274,-0.0002497286200479065,0.018763688151743674,-0.002573783498664106,0.0706509388127432
2020-11-24,0.016113923495451266,0.01390744417008527,0.03503073363721598,0.002948660486376209,0.05138220931226134
2020-11-25,-0.0015419929320401593,0.0021353789394127354,-0.003489369867908265,-0.003674989312197674,-0.023319528029613124
2020-11-27,0.00278522530036307,0.00532759467737054,-0.003151303860371213,0.009221786144670174,-0.011683678257893182
2020-11-30,-0.00442712001498613,0.006685027840690028,-0.020723517258931512,0.002741034801239328,-0.05525610625822841
2020-12-01,0.010937289899352276,0.01279544389860554,0.015423546974076663,0.00838365036040889,0.004624881193703745
2020-12-02,0.0021038970384477107,-0.0015190554359946207,0.010950084977462415,0.007500439765444344,0.03249389057400465
2020-12-03,-0.00027274972032131917,-0.000640770221381759,0.00034925519487627454,-0.0012558796877617517,0.010490091132810297
2020-12-04,0.008617678157714304,0.0100168094451758,0.012224967329523828,0.010687085436332122,0.054503390196830814
2020-12-07,-0.0020548909143497385,0.0028563835929771297,-0.00690131672300065,-0.0061312051123467715,-0.023381780535166152
2020-12-08,0.002926017455053387,0.003243645202374079,-0.0003473135843795605,0.007599390384740223,0.014868768558668588
2020-12-09,-0.008968667842753852,-0.01916266513394005,-0.0024332125449566533,-0.003460531363321029,0.0022350884671573645
2020-12-10,-0.00032713816189022804,0.0014473168403044134,0.0017419962992497595,-0.0016915651101674367,0.03072351813097307
2020-12-11,-0.0011728086945705929,-0.0020875260956760844,-0.010086859598510411,-0.003924339135571997,-0.01153852369260977
2020-12-14,-0.004476791696593541,0.0036204286132943686,-0.011595182909014401,-0.007521634393640841,-0.035019415830349065
2020-12-15,0.01351937235138334,0.01667343217298245,0.01706369173490585,0.01082648569243716,0.01965703628264448
2020-12-16,0.0015690883346721751,0.006780604162521353,0.0017476972608894137,-0.002945356070856775,-0.0049430840351197824
2020-12-17,0.005592165244260983,0.007909645007651012,0.002791319303059092,0.010742242735340302,-0.0047194045088457814
2020-12-18,-0.00399304053105054,-0.0034962198091045282,-0.008698885773065324,0.0007967793806837875,-0.016720709885094442
2020-12-21,-0.0035754985894482783,0.0010002759553400242,0.013480223074786801,-0.010005358241193418,-0.019290029027144606
2020-12-22,-0.0016853878375465703,0.008666397527228531,-0.009749195290430501,-0.0030520367097222056,-0.01678468841016123
2020-12-23,0.000898619020975211,-0.007585487237116717,0.016525897468632644,0.0007202850164582664,0.022139293702642115
2020-12-24,0.0038902514187195703,0.006629448795571591,0.0013836822141004568,0.0028791413009996436,-0.005219253511789201
2020-12-28,0.008590976989160781,0.011312546198493978,0.00483601485596874,0.0025117638460476766,-0.006295878661269905
2020-12-29,-0.0019074843592905566,-0.004750289322621337,-0.003437908611723439,0.0047428230615176314,-0.006599878976319529
2020-12-30,0.001426711489739052,-0.0005387366991724818,0.004484576179296873,-0.00017807499666711024,0.015679190208740312
2020-12-31,0.005080603692767749,0.0014633360509281879,0.012362611637273702,0.010511339992796964,-0.008372641876997267
2021-01-04,-0.013614022836459405,-0.016305108381856392,-0.013568501047028447,-0.004319656807876826,0.001583028992388602
2021-01-05,0.006887370640674462,0.00648939148112615,0.004470262852177109,0.007259759272267852,0.04478401792785869
2021-01-06,0.005978444814845663,-0.017245216908695626,0.04416302301344999,0.01371211840394726,0.03050918533762026
2021-01-07,0.014857552507073324,0.02695447237631443,0.01442635383880364,0.013006108989106258,0.014680943190645834
2021-01-08,0.005697778956831989,0.006465251027879537,-0.0006465504091700547,0.00479334068637538,-0.0012056170806041822
2021-01-11,-0.00674089289396429,-0.008259433559778984,0.0032344365087080273,0.00468527699698118,0.01569261725587867
2021-01-12,0.00021133126110095546,-0.0047809367918234535,0.010315624084607178,-0.010852899431240237,0.03494187588254438
2021-01-13,0.002692928102680847,0.006353671638789304,-0.000638097641789459,0.002742940717645359,-0.007808906367909985
2021-01-14,-0.0035020918311494675,-0.00877737119349209,0.004470071263568354,-0.003163058982115663,0.02962963603804991
2021-01-15,-0.007292624459019237,-0.01025329791344487,-0.016528920660660806,0.003087257129101628,-0.03889369284853261
2021-01-19,0.007852267736951912,0.01302786341691875,0.002585794873289915,0.007523275190513434,0.02011688414014512
2021-01-20,0.013838491704829758,0.0198327328408352,-0.004191096302238795,0.0055153528972258226,0.003668722902635091
2021-01-21,0.0009113546831474029,0.012913790303716866,-0.010683075988722868,-0.004725508299144088,-0.033813268997042734
2021-01-22,-0.0035392858764975443,-0.0038246377812520826,-0.007198911913058437,-0.0029678541357426313,-0.00520210160883916
2021-01-25,0.003943884815386767,0.008356368186458019,-0.007251181164420029,0.0065482469411120015,-0.010220858764901974
2021-01-26,-0.0015610964304091368,0.0006721082098968267,-0.007968158009367232,-0.0037174619099753503,-0.021373650297969116
2021-01-27,-0.02444035333989647,-0.018876462974682484,-0.02945118139504188,-0.030359408231069085,-0.013496908742558489
2021-01-28,0.008600444751912573,0.004106326280010508,0.01862083471240794,0.014605488248760512,0.011691314344617343
2021-01-29,-0.020019591042428786,-0.023553257045487608,-0.019972957739118113,-0.008447637878488123,-0.03319427242750539
2021-02-01,0.016645321046213413,0.02505246402830097,0.0131259844687599,0.003825151023691964,0.007121195775378064
2021-02-02,0.014140046085791447,0.013544440085900833,0.024207211845392873,0.0028579673382171933,0.01085884504217538
2021-02-03,0.0007864444201726162,-0.003434618522954902,0.005659318257784651,-0.007081229157667068,0.04271775429784164
2021-02-04,0.011365821388284125,0.01595656841380344,0.022177858204820877,0.004174600838950271,0.011021006709441394
2021-02-05,0.003935782919279207,-0.0022119428495233073,0.00032400530879650447,0.0018187590311751212,0.008530570321714448
2021-02-08,0.007222140607652694,0.010493496028223692,0.012949224170355045,0.001210352803647785,0.04182314593946779
2021-02-09,-0.0006660585677064068,-0.0011702496280523444,0.0003194915806996601,0.0014679682392642057,-0.01059981169751234
2021-02-10,-0.00043557630990398444,-0.0014643803313051373,0.0,0.0018108201371764832,0.019147526417101268
2021-02-11,0.0016151656046061724,0.010998784210480173,-0.0031948335827042262,0.0018931936914392544,-0.015432933071259036
2021-02-12,0.0049396353710935426,0.005149160466979552,0.010256315101579982,0.007473624628115738,0.01476596464994051
2021-02-16,-0.0008657661515651949,-0.003246639974366583,0.017132180052559676,-0.009890864498737995,0.025072923374165113
2021-02-17,0.00022921673975884183,-0.008831554434176048,0.004990530305508445,0.003617058736598233,0.014850497220320502
2021-02-18,-0.004255787129229915,-0.004893345967168505,-0.005896818309119589,-0.006264041171177626,-0.022595148087668604
2021-02-19,-0.0017661170164399165,-0.0014680434398910425,0.01186372505066391,-0.01208868030821142,0.016732577050761366
2021-02-22,-0.007691769040309437,-0.022050629839297176,0.009256243832277189,-0.0023600940570109863,0.034646940289455586
2021-02-23,0.001214339292002764,-0.0027812482946684147,0.006114619130035637,-0.0016644005146103646,0.016534220878996697
2021-02-24,0.011019273465848967,0.015300389562867833,0.019446857904481085,0.00693281350580266,0.03541277795978237
2021-02-25,-0.024095711378637086,-0.034964371140866146,-0.018181856830498666,-0.010022652697237011,-0.019288084261108618
2021-02-26,-0.005152435161308255,0.005307796791158559,-0.01912547080109861,-0.008627465252117661,-0.023722428265798068
2021-03-01,0.024240543167342476,0.03221381281843194,0.03125929969197072,0.013053967272789624,0.025960403459588832
2021-03-02,-0.007803742070725872,-0.015863707233426005,-0.0036010773770831506,-0.0028929356641441695,-0.0054655552469434765
2021-03-03,-0.013245595075674466,-0.025158097316496764,0.00783116446115062,-0.012659372337566421,0.014654879522316921
2021-03-04,-0.012374819693828476,-0.02209853599157685,-0.011356887421096085,-0.013444894233587745,0.023871599447675917
2021-03-05,0.018396832497109772,0.018884075674289846,0.019044528350411927,0.020036144884632234,0.03742168728294004
2021-03-08,-0.004979051197664952,-0.024195236882079474,0.012756066341625072,-0.0024773167048163236,0.0018886351121847333
2021-03-09,0.01427763686538075,0.034014117923057974,-0.009080200749782774,0.005854049731182975,-0.017530773808008937
2021-03-10,0.006224929888788866,-0.0039967801321686425,0.020396268914859572,0.002292919554374828,0.025326165698287717
2021-03-11,0.010138655578449729,0.021375310982540086,-0.0028970034665362077,0.006070571057659624,0.0003742461313911427
2021-03-12,0.0013466989339907531,-0.0071772452180688395,0.010168392752250455,0.002186189593620824,0.0020576273736971906
2021-03-15,0.005963795370883762,0.010653643334817664,-0.0057520471862240186,0.00689371089060864,-0.011386763360697216
2021-03-16,-0.0012613841913091672,0.007529442788899221,-0.010413693579296224,-0.0006067170511471209,-0.028512242978345648
2021-03-17,0.003409806245802116,-0.0008224086934981445,0.006723175875931409,-0.003642295464985512,0.007774517296827765
2021-03-18,-0.014549341146768757,-0.027748417740153575,0.005226318495547222,-0.0020884642164447076,-0.04493725904731494
2021-03-19,-0.0018504195115366384,-0.00300027591134866,-0.011553698396451262,0.003575744425824201,0.00020198286607930882
2021-03-22,0.007984734524588033,0.019663322613020506,-0.012885608989989361,0.008703006560336846,-0.00959003211643028
2021-03-23,-0.007870499977261858,-0.006218061402145203,-0.013975754254940242,-0.010114766765323191,-0.014627190492988107
2021-03-24,-0.005083800795009363,-0.012132862538308586,0.003618733302277688,-0.00113550793669559,0.02508895275199019
2021-03-25,0.005625861565984769,-0.0006180751962678865,0.01682722158737615,0.004196729368761476,0.00367118831834623
2021-03-26,0.01611479058388232,0.025428948666498252,0.01566197044727735,0.01889451120213237,0.024791661832770817
2021-03-29,-0.0005050576080041225,-0.0052007872211859985,-0.008728761610364177,0.004699874961948014,-0.011897542154220231
2021-03-30,-0.0026530371535286035,-0.009471051792788954,0.007044462264663931,-0.009015911733146864,-0.008629301999594552
2021-03-31,0.0040534219804653215,0.015910562272875017,-0.007578213397298694,0.0019742079786118083,-0.006882662999456501
2021-04-01,0.010799018780478065,0.020103922820267517,0.012335005313021785,-0.002998236005326893,0.025478982348310364
2021-04-05,0.014353264129350896,0.020667002418325753,0.007832805162765633,0.006959311107838095,-0.02385193053190815
2021-04-06,-0.0005908295895584725,-0.004266750041262646,-0.0020150113869994435,-0.0038394215001367193,-0.002647292845616711
2021-04-07,0.0011573522316983276,0.005302287687174889,0.0049034108120067366,-0.002227035708406544,0.0034707937542513
2021-04-08,0.004746845514252751,0.014448515825201014,0.0002869897271104982,0.0015450432879491327,-0.01302122375011916
2021-04-09,0.007270262114824844,0.009613870684696435,0.008608420072683254,0.010971322544965911,-0.006596697048796396
2021-04-12,0.00036437627610319545,-0.004796483086586756,0.004267355007482099,0.0010173024507715844,-0.007885338835413647
2021-04-13,0.0029636867400384403,0.009426478373331992,-0.009348312213821708,0.004149980338681081,0.0010455925335373095
2021-04-14,-0.003415057467625382,-0.010602194435934686,0.006005095732189991,-8.434488230069093e-05,0.027789564171723402
2021-04-15,0.010742383201741923,0.017173875677868766,-0.0008527669336801935,0.01712380568186367,-0.00813176370464852
2021-04-16,0.003342525218605674,-0.00020884393146158864,0.007112297952967195,0.007463594347902669,-0.007993399566325388
2021-04-19,-0.004913040617787412,-0.008304554069923697,-0.0028248517581083155,0.0002472259890304862,-0.0010332287433577614
2021-04-20,-0.00732164515788758,-0.00886617873236184,-0.01869674274423505,0.0038680347315875885,-0.026473347958950066
2021-04-21,0.009462208035052155,0.010081453256355566,0.013856487141056029,0.01180499178190808,0.0127466245128105
2021-04-22,-0.00913306038894579,-0.011737883207297961,-0.011104734194565924,-0.004456296497284962,-0.011747281586528824
2021-04-23,0.010842430604494968,0.014935659041175997,0.018716004061609226,0.006592421763576661,0.009127632105597083
2021-04-26,0.002087418787775297,0.005115463005958665,0.003957358321956317,-0.003395768729930637,0.00673100381726921
2021-04-27,-0.00021524931581462514,-0.002439977656222725,0.007882578065601775,-0.005760274576277591,0.012118677423327506
2021-04-28,-0.00028747933349992927,-0.009295481112529203,0.003910464491176491,-0.003019289703117378,0.0344758908582834
2021-04-29,0.006372590569473147,-0.0008465903492507199,0.017807855425859165,-0.004010447993334831,0.011175177285402071
2021-04-30,-0.006570407376799259,-0.013627298256222664,-0.008748313328478585,-0.002958315758436969,-0.02526140971026203
2021-05-03,0.0021569180658451703,-0.0027911980917875168,0.004964319993899791,0.01137392632484846,0.02753594729888431
2021-05-04,-0.006169580469154723,-0.017946001469457795,0.007958071953541479,0.0010594008320750081,0.0005911579709818593
2021-05-05,0.00031291229840713086,-0.0024121019022564916,0.008167918142293562,0.001791002472542269,0.03229620763621632
2021-05-06,0.007985513777190034,0.010038171543082175,0.014852726943793693,0.0013003044572514888,0.0051506585482967715
2021-05-07,0.00727812699505348,0.008559771892930668,0.005321966409129741,0.006898045780624029,0.017840219643200816
2021-05-10,-0.009902463066955747,-0.025246297264530648,-0.0007940800080656896,0.0012897193183565303,0.00037305626952188753
2021-05-11,-0.008924695034512653,-0.003025089976809947,-0.017748178487482114,-0.010786433471057788,-0.025722494667534623
2021-05-12,-0.021245199684504112,-0.028125194193797776,-0.010248377803869446,-0.00943920014398425,0.004783031086651013
2021-05-13,0.01201235464129713,0.013251063416256814,0.01607663140817084,0.009036257198220543,-0.012185965961081346
2021-05-14,0.015355567741690335,0.022021977542198146,0.015822038717261844,0.005047455043631244,0.03103306908491299
2021-05-17,-0.0025447115491608052,-0.007354588975925003,0.0018479246240807878,-0.0018628874722179667,0.023181991810688363
2021-05-18,-0.008615594397727078,-0.008000997111551222,-0.013966156431253096,0.00032462026304491687,-0.023204847060536604
2021-05-19,-0.0026218840077560923,0.003509859515534952,-0.0061463306178519694,-0.0017037707070300945,-0.024878312788469636
2021-05-20,0.010757970227453395,0.019126328189346564,0.0005378225475336507,0.010483400062651249,-0.0015348966181640833
2021-05-21,-0.0008184977332361676,-0.005476088069422791,0.00994352699840051,0.00016091494272596485,0.0021135606792097583
2021-05-24,0.010194128499672495,0.01776860433555849,0.004789614174661727,0.0009650671730163651,0.009969362261786463
2021-05-25,-0.0022185697602564725,0.00028866595108967275,-0.010063159655158138,-0.0029725435881539086,-0.02031123488598019
2021-05-26,0.001984296844667277,-7.188810090530406e-05,0.0029425967925069685,-0.005801130298903501,0.008912988704457891
2021-05-27,0.000525148294983957,-0.005265495088762395,0.011469595223129847,-0.002188302523433938,0.0007681106590713416
2021-05-28,0.001788614138513056,0.003553041162936532,0.001846196276150902,0.003898675058962686,0.0019190689255608184
2021-06-01,-0.0008810508783679838,-0.004913275143293316,0.006054219615939882,-0.01642416611660069,0.038498136270133765
2021-06-02,0.0015726462741740832,0.006897958501614232,0.0015698763823430717,-0.001974020863379611,0.01862803407867064
2021-06-03,-0.0037112352094974543,-0.009302557153092694,0.0023510144941767397,0.0030496495264726864,0.002715778735553842
2021-06-04,0.009146066478772141,0.019216516865083078,0.002606087132480228,0.003204441803763558,0.00668120029385566
2021-06-07,-0.000970439764480524,-0.0002138942387638343,-0.006498391307250828,0.0036040093226139547,-0.004304948709269896
2021-06-08,0.00021314701992225515,7.154008455567684e-05,-0.002616533488710937,-0.0031011912516730744,0.008647039562110992
2021-06-09,-0.001491788761780466,0.0007142159932007619,-0.009444078318457283,0.009660115508520528,-0.006251077960675477
2021-06-10,0.004648080405023958,0.007351854123879731,-0.011652271710177464,0.017108650405500914,-0.0012581131808354629
2021-06-11,0.0016527517016644566,0.005951941153773621,0.006430717031328026,-0.007095172939833194,-0.0034191446980671447
2021-06-14,0.002238866927506189,0.010142893523989116,-0.010383283111010777,0.0008832398879534686,-0.004333710933851376
2021-06-15,-0.0018339128360264079,-0.006135987100072904,0.0018833354532701296,0.0003208704864512413,0.019042489110810967
2021-06-16,-0.0055833870850486855,-0.005402734684837318,-0.0010743128642657362,-0.0038492107392926744,-0.00533892498849875
2021-06-17,-0.00033192662256398275,0.011568842787677891,-0.02957004398203711,0.007647733932327094,-0.033995348360181143
2021-06-18,-0.013490228824383887,-0.009135393282117432,-0.024099655658052055,-0.011424579923156264,-0.029635311709287793
2021-06-21,0.014315987022295529,0.010717181939427167,0.02333939013927333,0.012015584759733633,0.04261479722052597
2021-06-22,0.005346238144189996,0.009068699448725459,0.0016711055710083578,0.0021644295235243582,0.00665807054831391
2021-06-23,-0.0012052638032917784,-0.0011061772442035878,0.0019458886812888654,-0.004159549989516953,0.002755896475948205
2021-06-24,0.0059154535419281284,0.006298158291416556,0.01248606182891887,0.005140824566861157,0.00861109154870543
2021-06-25,0.0035520883083948185,-0.001169441416029815,0.012058125071966685,0.0045551762458815315,0.0052679265358031024
2021-06-28,0.002016019934258262,0.010466281079851036,-0.007310978904715104,0.0015115727194756623,-0.033791077604294784
2021-06-29,0.0005382805134281909,0.007291188402499094,-0.0035460679033023634,0.0011120886374469396,-0.004862275049389964
2021-06-30,0.0008413790218200212,-0.0010819195857775243,0.004379887728650056,-0.0006346607620720812,0.012403587160887186
2021-07-01,0.0055367930216849714,0.0016929271180874395,0.007903843151323642,0.0088924041756826,0.01744942293812146
2021-07-02,0.007643558909604886,0.013183564148708582,-0.001081535321172944,0.00960098943671106,-0.0021895316576255874
2021-07-06,-0.0018213367496038302,0.0038036206916964854,-0.015701155941578948,-0.0009353494507853277,-0.032546894252003744
2021-07-07,0.0035336997586830066,0.005451067402406196,0.0013751431463491226,0.006319713400464666,-0.016254351929239963
2021-07-08,-0.008147824089129507,-0.009454655987316873,-0.020049244761317198,-0.00550471603258651,-0.005763646197224359
2021-07-09,0.010674796178747448,0.009211386034912339,0.02886766219040493,0.0034300633116932655,0.021256175511867204
2021-07-12,0.0035819603310094372,0.0007933785373293034,0.009806426901124876,0.0019425648476689705,-0.0015135623184023839
2021-07-13,-0.0034090083941406,0.004097338593483046,-0.010790440867032847,-0.000930618198390909,-0.007580150454908785
2021-07-14,0.001492162399381547,0.007371306083746587,-0.004635893368099553,-0.000931485055334913,-0.029787994035306187
2021-07-15,-0.003415647744429262,-0.008232348983035376,0.003287730312654613,-0.003495779406672006,-0.01397354987011612
2021-07-16,-0.00784346977985062,-0.009881064870272627,-0.013654023547374217,0.002728377362691603,-0.02834351956253789
2021-07-19,-0.014768046836499904,-0.01377268679227539,-0.02796214633409222,-0.0104958785281829,-0.03533286339534303
2021-07-20,0.014330562120782542,0.014841951371017403,0.024779533223131978,0.012178858580602192,0.013415767575661208
2021-07-21,0.008096269893842711,0.00963899526801848,0.0172314457466487,0.0016301271020029429,0.03488107783786276
2021-07-22,0.002093921945785171,0.007374322957314439,-0.010928553055619905,0.007362682112217911,-0.011167027754554915
2021-07-23,0.010288019557922246,0.009934444450081958,0.001657143073848788,0.011540360039526965,-0.0036963513904469947
2021-07-26,0.002455099015548301,-0.0005172473541439349,0.00579178198430208,-0.006464791305205275,0.024732069716290717
2021-07-27,-0.004557748134810469,-0.009454061128732594,-0.00027433590463832314,0.004669605019689271,-0.009251801103670632
2021-07-28,-0.00040988879971970427,-0.0012417740623626994,-0.0013714854259705422,0.0035810209294868667,0.009135410069303962
2021-07-29,0.004147296359065411,0.004646863372407939,0.010986152053197973,0.002429792184363233,0.009655745170217278
2021-07-30,-0.004856344083886133,-0.0006515521296920346,-0.007878415338990252,0.0009086658309187534,-0.015939431109971647
2021-08-02,-0.002098095436871339,-0.003585201807152383,0.00027396036881333075,0.001362168295460986,-0.00749130745397919
2021-08-03,0.008135582394429575,0.006411492864481838,0.011223490775075007,0.013904563233311684,0.017135731745817395
2021-08-04,-0.004919081625372357,0.0020153445900423783,-0.00839204374160507,-0.004248138182976091,-0.02707560851287527
2021-08-05,0.0063329205652522536,0.005514323293390744,0.0131043625596714,-0.004116648849549653,0.011337749338891534
2021-08-06,0.0016526313603191234,-0.0008388850995219022,0.020210038307407086,-0.0008271435404330063,0.009172558583466328
2021-08-09,-0.0008137729222299495,-0.003228741518172429,0.0026414303610768908,0.003836624959937307,-0.014138787425012733
2021-08-10,0.0012439567217679137,-0.0071908783896471595,0.01053711921041467,-0.002323157947400456,0.017619333154083705
2021-08-11,0.0024848224319691248,0.00013056434915115211,0.011470523772036723,-0.009914417234221262,0.0078521316982465
2021-08-12,0.0029969400779739086,0.005741290592924608,0.0018038519057312907,0.00788945028913246,-0.0009990983434529088
2021-08-13,0.001819845292610145,0.005449426060042617,-0.00746077607482909,0.00624744689542478,-0.011797490953829537
2021-08-16,0.0023548086453453188,0.004516303062906735,-0.0025920273216372136,0.011369555449100899,-0.018413518518518468
2021-08-17,-0.006555313631962267,-0.008285807232772613,-0.007016488168804846,0.011833129065595971,-0.010307482199545803
2021-08-18,-0.01094486718297305,-0.013795022542117064,-0.012300319993188813,-0.015203505399448702,-0.02082899862493437
2021-08-19,0.0015481417206535397,0.009785119605790316,-0.007419278815278707,0.004527689072606256,-0.025951862921148816
2021-08-20,0.007957157604010057,0.012877124434462095,0.006139973584609271,0.00568922565144625,0.002183933270415661
2021-08-23,0.008796513622363333,0.012906178415213798,0.00822493702184146,0.000367621382070471,0.037481016735187556
2021-08-24,0.001587337973697256,-0.0011411569923910347,0.006052830595187242,-0.0035253892738846826,0.01659328300935825
2021-08-25,0.0020985429591227067,-0.0005711800886278873,0.011770578190152925,-0.002726933974611878,0.007644443015780711
2021-08-26,-0.0059032710202199246,-0.00628637054024217,-0.004911989972747444,-0.003917024599670249,-0.015173085333193947
2021-08-27,0.008941000867042526,0.00964911081853903,0.013250160232334274,-0.0011129490091832395,0.026649931780313274
2021-08-30,0.004397597333826164,0.010759816941733336,-0.014102833100243517,0.0056449950721515485,-0.011762292012749476
2021-08-31,-0.0014815175291126303,-0.005260240336617317,-0.0013001792141841273,-0.0013292039527562638,-0.006771957096164183
2021-09-01,0.0005312568400130946,0.00025200693053961665,-0.005729124630100779,0.0002957242061245591,-0.014669528826204203
2021-09-02,0.0030767193839971174,-0.0010698872356201816,0.003404785004301747,0.010720916372472411,0.02537235411392924
2021-09-03,-0.0002427340456221394,0.003968641315988508,-0.006264578256733655,0.0010973171621226907,-0.005726270013474144
2021-09-07,-0.0035755211923534924,0.00025131570431868866,-0.006041482948193844,-0.005846023951045276,-0.0059643281001621196
2021-09-08,-0.0012182487060085068,-0.0038267315430992044,-0.0023786428740812937,-0.00044057398794017377,-0.012828686933796685
2021-09-09,-0.00428015054207731,-0.0037787763169946365,0.002914161929941317,-0.011545266922395325,0.0020961406841772945
2021-09-10,-0.007884685116578694,-0.009861484148907862,-0.007395763272723288,-0.00915042615944417,-0.0004183512138358214
2021-09-13,0.0025592220985195535,0.0003191142238767597,0.011442258345764955,-0.006156619801178542,0.0286670889910825
2021-09-14,-0.005396305857395589,-0.0012765552563388516,-0.01341737874073512,-0.00015100325600769793,-0.014442742796570207
2021-09-15,0.0083523338428233,0.00875504896493684,0.009599948525745194,0.006497808778127334,0.03735797627885096
2021-09-16,-0.0015849950593296303,0.000570568424653084,-0.002905694266330361,-0.0025522964581615737,-0.011340942336856452
2021-09-17,-0.009741131466684094,-0.015575609966986037,-0.004503153794554238,0.0009783879804914353,-0.0074459874447037055
2021-09-20,-0.01667419281006044,-0.0182146131204598,-0.023197575586896835,-0.01043512349366793,-0.03053688171074309
2021-09-21,-0.0009446974077511605,0.0003936528996433264,-0.0013678774327422483,0.001525013969341682,0.002328544620852302
2021-09-22,0.009754941289385588,0.013710287747356276,0.01671266548794681,0.0016747727307104832,0.03083417364095742
2021-09-23,0.012149839145644492,0.013395500167274976,0.02452146641248909,0.007220630573581355,0.03503381348619583
2021-09-24,0.001647363458348483,0.0007026697917529301,0.005260176762072577,-0.004074907983139253,0.007521845011852379
2021-09-27,-0.002860896033312188,-0.009699681840828367,0.013605632389338318,-0.014244418060224251,0.03555992713818412
2021-09-28,-0.02015189288893182,-0.029640861809371644,-0.016520324132292208,-0.0171409466707797,0.0034147227626284415
2021-09-29,0.00168306923749717,-0.0012617873146425485,0.0007873371143345409,0.007898675168257041,0.0
2021-09-30,-0.01222235432608565,-0.007180612126442831,-0.015735874902977454,-0.012259297910419353,-0.015125648595600616
2021-10-01,0.011884318303203356,0.015068148867871223,0.016520425350486256,0.0002356703490562495,0.033595743438062264
2021-10-04,-0.012895948561615245,-0.02315786178779078,-0.008650008838061995,-0.015236036649208917,0.01634453982619677
2021-10-05,0.010404888417465674,0.014251097976058169,0.01956618786098807,0.005981307723002205,0.005848053230817607
2021-10-06,0.004156055709768847,0.006525831623076073,0.0010371521767036374,-0.0018234217441359668,-0.010537692648700747
2021-10-07,0.008645769953547155,0.0091302066467418,0.005958707129673391,0.013263551062121293,0.007712015466036615
2021-10-08,-0.001823863503987444,-0.003736905744168073,0.004893470763984276,-0.0050165999753279955,0.030794452910793302
2021-10-11,-0.00723987692424799,-0.005527724690066571,-0.009995328125164238,-0.0077987887688245605,-0.003712143117106881
2021-10-12,-0.0024615408114855297,-0.005161724583628957,-0.0031061405142567278,-0.004843522845317638,0.0008869534260811385
2021-10-13,0.003597726296428627,0.006119458297396907,-0.005712872059222884,0.0015959678264882982,-0.0008861674368370043
2021-10-14,0.016820747028984284,0.022544241660185316,0.016714478056054416,0.014337933452056584,0.012242636509768978
2021-10-15,0.007615656279389427,0.008016914178722523,0.014898382396283605,0.004947588067002906,0.004908039051615409
2021-10-18,0.00296044544137386,0.008466310240273334,0.0002530798369386744,-0.006798721583679779,0.0006976676513819058
2021-10-19,0.007714832853900733,0.009922078601337647,0.009868664464360188,0.01313943401217288,0.01133008186974127
2021-10-20,0.003927772948693509,-0.002771216714027136,0.008017903776851742,0.01428905629076116,0.008100630812692966
2021-10-21,0.0026083665284473145,0.003852433827552959,-0.004225563112399078,0.004057805838352246,-0.018464678076065333
2021-10-22,-0.0010362264508910757,-0.00346019212124804,0.013978818718317854,0.0040414065950755695,0.009405978760200329
2021-10-25,0.005362850030836697,0.003282722777046443,-0.001230820311655556,0.0012153183457845884,0.014667855519298278
2021-10-26,0.0008999481436675616,0.0028313657692913274,0.000739606456670483,0.004930604568928132,0.005782420123430887
2021-10-27,-0.004430022561278335,-0.000878347048492989,-0.0165025411048475,-0.007926069566978278,-0.0287454976344258
2021-10-28,0.009648668829441487,0.010047601743500278,0.012271613057825315,0.008369772694911015,0.007137811946238415
2021-10-29,0.0020292630022142877,0.00429002373568621,-0.003958624691246415,0.009733667648682331,-0.006568774963677693
2021-11-01,0.001720193320473351,-0.0014857101121591443,0.0004968332922135055,-0.0011957924370471495,0.017226608876736993
2021-11-02,0.004042997771239509,0.00880388234062135,0.0024828300231161116,0.006284655349969359,-0.009408257157791589
2021-11-03,0.006105362387334612,0.005838606572235117,0.0037144057909852535,0.005873708824244428,-0.008288708203292416
2021-11-04,0.004712460751963965,0.015642224458905618,-0.013076789666686128,-0.006874191814613129,0.001392905674921563
2021-11-05,0.003469686564071983,0.0051739531357688495,0.0005000627537852242,-0.011164225880512468,0.01304117184077902
2021-11-08,0.0008535506582003638,0.005386603751493357,0.0054973199620727,0.005946151724446125,0.00909740777345136
2021-11-09,-0.003305373491171104,-0.00410776983459149,-0.005467264658925108,-0.0036661487148771377,0.004082126387733087
2021-11-10,-0.008044734800774389,-0.016498380157664028,-0.0017489825978405094,0.002853603768284918,-0.02642728775596248
2021-11-11,0.0003234274804262416,0.004680080590814706,0.002753423920385911,-0.0029205551221673787,0.0038281790099079505
2021-11-12,0.007546891471651218,0.012159649732591316,0.0022467565031498715,0.004956893042201926,-0.0024267951030884083
2021-11-15,0.000342354877752582,-0.0010160259688259954,0.0,-0.0062027523400410844,0.008340558030474732
2021-11-16,0.003958050499802912,0.010530145367857235,-0.0009964919028198072,0.004211091329503924,0.0015510700466785377
2021-11-17,-0.0024293591033447415,-0.003019383436040912,-0.011468247800734188,0.0014227110742668359,-0.015313291583317512
2021-11-18,0.0033963979729376703,0.009976569693422421,-0.005044349870574338,0.0003740214917791196,-0.00594081399966484
2021-11-19,-0.001788313910101369,0.007291163751899754,-0.010899507854256307,-0.006054639595835631,-0.0390228473795049
2021-11-22,-0.002815172695184942,-0.011149252911524132,0.014094922178412128,-0.004512359900553098,0.017742797658308662
2021-11-23,0.0013259393143303377,-0.0023023612132329063,0.015668621868489607,0.0010574219084764636,0.030733541290695277
2021-11-24,0.0026699872288031834,0.007277848216750371,-0.0022393859003613237,-0.000376780702556645,0.009764491793932573
2021-11-26,-0.022303288054179693,-0.024964680946885087,-0.03316674468945757,-0.003699518900720067,-0.04023471414453128
2021-11-29,0.012266622188930043,0.025001357661354584,0.0030947087062427325,0.002727843936291441,0.005757238113505148
2021-11-30,-0.019457541304322534,-0.008346033482289794,-0.023913353051125852,-0.019647901275794077,-0.02343463393645684
2021-12-01,-0.011107142706596851,-0.013691469201153939,-0.011064571797394174,-0.0017727720114530943,-0.010624640055017287
2021-12-02,0.015316150919219007,0.009194448681378864,0.029835054931668603,0.004864873192566899,0.02906883304125274
2021-12-03,-0.008701007599692612,-0.016732374110746018,-0.016296186295762016,0.0018442342401758793,-0.007916873479205888
2021-12-06,0.011843077447201367,0.009507826763847094,0.01525118037518225,0.005676058193287314,0.014871338411438062
2021-12-07,0.02068486826105853,0.034913102647453176,0.017871168082701727,0.01289017547855309,0.023409669786798037
2021-12-08,0.0026478577207404985,0.004579013466069037,-0.005343390604098164,0.007529957427872658,-0.00017461938775698016
2021-12-09,-0.00675155016340423,-0.010789907556010392,-0.002046709481377751,0.002316894077853071,-0.007684279117992854
2021-12-10,0.009413476839802648,0.020065297081611755,0.001025294273047761,0.0035044993916550915,0.00739177984749384
2021-12-13,-0.008858430294725328,-0.014867526842475276,-0.0107555179348795,0.009437031000062657,-0.027777613229375553
2021-12-14,-0.006879764190137139,-0.01642634471971005,0.00595397211872184,-0.004048816896705665,-0.004133322772148507
2021-12-15,0.015624967073649243,0.026497147490530892,0.0028307628680488417,0.020473048357151136,-0.004871619313762343
2021-12-16,-0.008818598552019719,-0.02834311040945159,0.01257359727393137,0.005939421601724781,0.0063463689239176
2021-12-17,-0.010642823021628112,-0.006685817749685352,-0.022047524458555845,-0.006984136895992421,-0.020360627518013485
2021-12-20,-0.010633393162391314,-0.011893929809611348,-0.01942383887659449,-0.00605580734703226,-0.012389055868329057
2021-12-21,0.017759031408769888,0.025306411647212812,0.02071167554620046,0.004173943082003806,0.028485137709472363
2021-12-22,0.009998680402804938,0.01307737168288714,0.004682219801156906,0.011667736498646608,0.006419505433580053
2021-12-23,0.006221984771532796,0.00558211791165153,0.005179062960962932,0.0041090101873380025,0.0005468590621453551
2021-12-27,0.014152190459859604,0.02145225154903918,0.010303588813883602,0.010552569587365612,0.02185785419485131
2021-12-28,-0.0008172669630465146,-0.005207940538888622,0.000510519250738195,-0.002628504672897214,-0.0007129200995653617
2021-12-29,0.0012793418864014416,0.0008536861519512495,-0.0012746488491075514,0.005698111022263808,-0.00642181383339957
2021-12-30,-0.0027644259670871474,-0.006595616151312433,-0.0017861337326081639,0.002053638181616968,-0.006104099830373966
2021-12-31,-0.002520403092844292,-0.0048647066422981,-0.0017893297147705267,-0.00424060305742735,0.0025290175110821433
2022-01-03,0.005790023110515685,0.009489641593516174,0.012291969887487042,-0.010291602196238148,0.030991073582629758
2022-01-04,-0.00033499058848895924,-0.010596881612203068,0.026308879175025224,-0.013195848090637452,0.03460320268347861
2022-01-05,-0.01920212651076436,-0.030749900993104817,-0.011584826874359688,-0.007122005239054152,-0.00016917973462005076
2022-01-06,-0.0009393322908926027,-0.005049863758991413,0.01471321313773144,-0.011564796989520731,0.022301043692856348
2022-01-07,-0.003953479538859828,-0.009195722329771505,0.011796546675621356,-0.005109700622313307,0.013716976137279513
2022-01-10,-0.0012445630825081988,0.00018103044469763852,-0.0034004654912831445,0.010272193160095089,-0.00309739712845547
2022-01-11,0.009108302177581518,0.011990739538633832,0.00877391813528261,0.007956560424496661,0.03401453889253747
2022-01-12,0.002703518551097517,0.004703469928666548,0.0007247839044388638,-0.002850640417107031,0.0018977992136055555
2022-01-13,-0.013778409012660586,-0.025897791799523673,-0.003862747699405311,-0.01554018075507757,-0.00505128217051054
2022-01-14,0.0004090094632835939,0.008456563790637972,-0.010421533266058547,-0.001712679447767096,0.023480956300840017
2022-01-18,-0.017709680830163332,-0.024010422355461136,-0.02228758266280606,-0.014022221007977342,0.004030102687708315
2022-01-19,-0.010383518694355054,-0.013969571865249497,-0.016783445992311408,-0.004085469876253023,-0.007256213764410879
2022-01-20,-0.011068055113113373,-0.012913670620209428,-0.006369416047937171,-0.006532350713010282,-0.009175747296010117
2022-01-21,-0.01963052262949616,-0.01987809675190655,-0.020513018366932756,-0.010092337060096046,-0.019776969840306635
2022-01-24,0.004246650836082111,0.005183509851890422,0.0028796459300288735,-0.0033212966803017885,0.006725258458727179
2022-01-25,-0.012208833990946522,-0.023141709993417692,0.004176431527000535,-0.006432171754718774,0.038810325822784764
2022-01-26,-0.002508958539962136,0.0058726683017364945,0.0025991455342544434,-0.005225734365250423,-0.0016843470600979016
2022-01-27,-0.004937962454541811,-0.006888213117697717,-0.009074014062167346,0.0025873776845710683,0.010889614091911914
2022-01-28,0.024835349076203883,0.04373120751161497,0.013081810798304838,0.020411432282641417,-0.004248276033929299
2022-01-31,0.018011012445932284,0.025126422850242136,0.008781210224481084,0.005747876678210639,0.004418733482283832
2022-02-01,0.006757023195741674,0.002593271780242601,0.0138249650423381,0.002667137954077692,0.035649340722002654
2022-02-02,0.00971402695180612,0.008128382229050546,0.006818012653516892,0.013452011866022406,0.0032223752743334444
2022-02-03,-0.023504946304639285,-0.02901449582226201,-0.01103559844115487,-0.0042747254953573455,-0.00949023359351886
2022-02-04,0.004702101471736109,0.004025726278615638,0.016991803686605467,-0.0036146857890416717,0.015624979440556741
2022-02-07,-0.0032091895424817274,-0.006641564027849989,0.002992707851121379,-0.0017388183261060064,0.012771837089651239
2022-02-08,0.008228028888021655,0.012363064472465712,0.013923239482670935,0.008177683202222674,-0.02149593897798252
2022-02-09,0.014636059191560413,0.022180671558988507,0.006375588679759181,0.00773547325086632,0.008347730254320451
2022-02-10,-0.01796568655944908,-0.026148748034362734,-0.008771781794921552,-0.015650571898550125,-0.006245187949760811
2022-02-11,-0.01971862319947404,-0.030544181038208884,-0.014011645311119647,-0.01385531186094835,0.029085091773670912
2022-02-14,-0.0032694463391442774,-0.0003228490614396451,-0.011219417088166539,-0.010211041301995238,-0.02357615022548043
2022-02-15,0.016126988705057244,0.026285322128103417,0.013616023238522956,0.011247413148486984,-0.010472796922976424
2022-02-16,0.0011206779847339199,-0.0010069222052520033,0.000746033639092536,0.0015339344088387552,0.008084686417759723
2022-02-17,-0.021361423449997252,-0.029921125962310446,-0.0248568324574443,-0.016083278475122476,-0.0016038395309218023
2022-02-18,-0.006475034228912602,-0.01013001610351838,-0.00025524701269574734,-0.00747261002958477,-0.0061340919287896645
2022-02-22,-0.010731617613007782,-0.009249362821672324,-0.005099096127611058,-0.00250960197779615,-0.016164684184567624
2022-02-23,-0.017738734037830994,-0.025028487900990104,-0.017427177137281258,-0.005031702710220798,0.010306178780739472
2022-02-24,0.015049066157257318,0.03415992201206142,-0.011997685685214643,0.004030026975007761,-0.007835689516922928
2022-02-25,0.022063919499354823,0.013593355313260558,0.03220662036824429,0.030615253125214625,0.02637456666435667
2022-02-28,-0.0025585471790854353,-0.0018139933768481775,-0.014833731763062574,-0.007559942153040011,0.024680744135185506
2022-03-01,-0.015230137147076328,-0.019991213734113833,-0.03686392609620681,-0.005540280514340967,0.01005948310124083
2022-03-02,0.018396249151118926,0.021656965195973932,0.02587620180581718,0.015088311859638548,0.02286416299996752
2022-03-03,-0.004978430922474741,-0.01192758905119673,-0.003153115145838159,0.005106968129636735,0.002743049983174206
2022-03-04,-0.008124713828754793,-0.01751742618905494,-0.018713846029476677,0.005005345163530128,0.028856667900071464
2022-03-07,-0.02947905469556833,-0.03659416222506473,-0.03652937244965071,-0.017431395637084734,0.01475486942371873
2022-03-08,-0.007581804411763149,-0.0048522752487024645,-0.005854699602296898,-0.020428544748831046,0.01571921430237677
2022-03-09,0.026810848043472557,0.0395626974124641,0.03673607026461134,0.01889473059985569,-0.03056520070389057
2022-03-10,-0.0045156591847833605,-0.01748759879217321,-0.008385547402785187,-0.00038472502619235627,0.030597295759648535
2022-03-11,-0.012715027898951847,-0.017594013677965648,-0.007091992024601312,-0.007466841520094469,-0.008003126723681864
2022-03-14,-0.007308356109775649,-0.01853398827374697,0.012637462387223852,0.0070573485284064486,-0.029928474821808493
2022-03-15,0.02199058284237987,0.03359509517237136,0.014107577534302695,0.01994644197764961,-0.03661963044626049
2022-03-16,0.02217419132414844,0.03250325680634991,0.028089752573640325,0.012005262720230059,-0.004594830793606675
2022-03-17,0.012510859164271082,0.007091158407352527,0.012490278592737214,0.01581729158109857,0.03441053644476466
2022-03-18,0.010952941984483378,0.020465847457996844,0.002313149331678588,0.006169864791265134,-0.0009469003122616337
2022-03-21,-0.00029255087781265843,-0.0018992188447134462,-0.000978174468948767,-0.0007619176199729072,0.04031176258188118
2022-03-22,0.011701312294938093,0.014369762888357007,0.016232708857030875,0.00022012804264481822,-0.007355929254580396
2022-03-23,-0.012878252366424703,-0.015378610821611516,-0.018509169261331393,-0.01795031335699604,0.017202572968017193
2022-03-24,0.01507434885059622,0.02598821931924622,0.008008277614067305,0.0119372804290645,0.0024718512049095587
2022-03-25,0.004883699999009616,-0.000568580309804112,0.012813758765713557,0.0046442947316371885,0.02193065843722919
2022-03-28,0.007113064280922288,0.011882251954766554,-0.0027832140584208576,0.007265160203139054,-0.0247616547575914
2022-03-29,0.012370654393646152,0.02123664916488721,0.0022836538336303835,0.005901120004351945,-0.0026041987466458583
2022-03-30,-0.006174825662262684,-0.013333412994864347,-0.0070886979200885936,0.0019553817649264893,0.011618942457960468
2022-03-31,-0.015391224008643123,-0.014815203312395497,-0.022947276681518747,-0.009758479539985432,-0.013550300935233794
2022-04-01,0.0028340001554956196,-0.0029572180855645946,-0.0026097587660901533,0.007883848202439037,0.008111037069227667
2022-04-04,0.008566709985302401,0.01899525650536482,-0.004447897796443168,-0.008328991796006546,0.001297591303832002
2022-04-05,-0.012631310868782442,-0.02105637029017715,-0.006307370142315971,0.002117944261829985,-0.01568166525490544
2022-04-06,-0.009999587078303729,-0.023660564194668998,-0.006876528001186877,0.015232245197618122,0.005924907323641371
2022-04-07,0.005038925732055111,0.0015551456505742411,-0.0010654629257613735,0.01923892518741699,0.013088935857640704
2022-04-08,-0.002673876353392335,-0.013974272554275524,0.010130887493200236,0.005986920391903849,0.027519379800683863
2022-04-11,-0.01709224068173909,-0.025195270765709932,-0.00448663573414243,-0.01988383565211871,-0.030051593538483856
2022-04-12,-0.003705193812682084,-0.004442375318675973,-0.010869515518657002,-0.009715100678166833,0.016593414465709833
2022-04-13,0.011453408003951893,0.01609118265825149,0.0,0.004905204898519644,0.01491962121018231
2022-04-14,-0.012451525676211772,-0.024286677268967494,-0.011257066827560003,-0.004809445215367192,0.0032666712436724143
2022-04-18,0.00041108159585623305,0.0032733994445557357,0.005963607689341677,-0.011035766944406222,0.014652322913172977
2022-04-19,0.016142755464064518,0.018760153829513015,0.013742815692107557,0.009554205925012216,-0.008145911596620703
2022-04-20,-0.0007415658598683983,-0.0009339010605201592,0.006911367965779958,0.013437295165888319,0.0038574680996112942
2022-04-21,-0.01495356484421051,-0.01696292922243192,-0.015839460511975045,-0.011049156894666234,-0.03173407435149678
2022-04-22,-0.027439060170246443,-0.0279893782163525,-0.029774863633074244,-0.036473522323019925,-0.02445299662717293
2022-04-25,0.005797446816261376,0.015026883588286966,0.0016592274845725896,0.006732855583108099,-0.03307058820662667
2022-04-26,-0.02896079946396557,-0.03725123955089216,-0.025117730151125506,-0.01761171688185137,0.0013572971899429298
2022-04-27,0.002811781367816346,0.01480457465638918,-0.0008491720862812135,-0.0021935625071490827,0.014638233199197659
2022-04-28,0.0252594854606083,0.04003114040230682,0.012751548606791951,0.013797005914101934,0.03032316655530698
2022-04-29,-0.03695559392773051,-0.04167508793080976,-0.03441506171812547,-0.025723326209596498,-0.02567091613078354
2022-05-02,0.006019338951016806,0.015202930980794616,0.00028938369958253496,-0.006216807436190019,0.015968141604998376
2022-05-03,0.004584146159092528,0.0017412739316795545,0.013036104566241047,0.0031664831070106203,0.028028460651204234
2022-05-04,0.03045288970639004,0.03511353491683589,0.030597738139593877,0.022172441396524523,0.041534247414811265
2022-05-05,-0.03554286919161587,-0.048095697569703666,-0.029134431549131423,-0.01943192729940213,-0.015046055446509166
2022-05-06,-0.005968867127912336,-0.008044480012879385,-0.007144854738734163,-0.003149403181777033,0.029806409545324763
2022-05-09,-0.03201727736139004,-0.03869988056339646,-0.023891924847956436,-0.025889966616749693,-0.08273029067500293
2022-05-10,0.0023105224226567245,0.0152448309425679,-0.008846749286460232,0.0035597476708997267,0.009071547418644021
2022-05-11,-0.015886028856555323,-0.031562146096848376,-0.009223578684753653,-0.006621094291966445,0.01342047761619769
2022-05-12,-0.0010441344596231472,-0.010311723469256795,-0.007507338552914855,0.009680239122317413,0.0042425601732263285
2022-05-13,0.023907758389084766,0.03323446268110186,0.014523169698870575,0.010609135821310067,0.0341825320246516
2022-05-16,-0.004057444744268501,-0.008832597215916338,-0.008350592624973951,0.007387218466346379,0.026368129525656814
2022-05-17,0.020570618295218113,0.02896166065777739,0.02676701794967351,0.013739882103730006,0.01157864124448249
2022-05-18,-0.040311598018759276,-0.045756284943755166,-0.027533747151327725,-0.025812941038221737,-0.02563470025027459
2022-05-19,-0.0061249022948951515,-0.010966387175467385,-0.006626554343255764,0.0021887230497117383,-0.003671332832742902
2022-05-20,0.00043669039489513395,0.0022173795860112033,-0.0018193430455855086,0.012166368912369885,0.004298751325950478
2022-05-23,0.018710073443992448,0.02296685701425938,0.03250325548342903,0.00878387389284474,0.026415557057129613
2022-05-24,-0.007633755682183385,-0.01484293251553348,-0.0020596362459011086,0.0029791942305190666,0.0038125373589683598
2022-05-25,0.008834886424082367,0.011659444240494032,0.00795998103720108,-0.0003043917772820315,0.020653076919524782
2022-05-26,0.01998138617199907,0.024023396921083018,0.02310621498938903,0.004265651402465265,0.011047828612851918
2022-05-27,0.02454912525413122,0.033837598916047096,0.01686654093280504,0.016612415820516757,0.018288291201870033
2022-05-31,-0.005611112032488763,-0.007139934246445989,-0.0028111796079517415,-0.0133562645319385,-0.015023242170704831
2022-06-01,-0.008088388847158123,-0.0029903741966952335,-0.016069972975911062,-0.014368910831098036,0.016284708163911255
2022-06-02,0.019043354742595442,0.02420897761963503,0.013753672621104496,0.007903214053285312,-0.003159695893363179
2022-06-03,-0.016411389234858742,-0.02391557209166617,-0.014415039487312598,-0.01172359633896658,0.013244446499600437
2022-06-06,0.0030447090786343,7.124307574701838e-05,0.0028679658204044944,0.0001541949638599327,-0.0011173059640292582
2022-06-07,0.009592198098473448,0.011928594989683905,0.007720916895282981,0.013015831899551689,0.029862402118956632
2022-06-08,-0.01087220020079438,-0.011293747423318456,-0.017594014522994472,-0.007906862270323334,0.00217214704650992
2022-06-09,-0.023782964438895382,-0.026700896306485644,-0.025129672571567507,-0.022606995627223236,-0.022106709364542065
2022-06-10,-0.028995393076905573,-0.038436335344865014,-0.03614819614902598,-0.016073497185080665,-0.016954896909363026
2022-06-13,-0.037968208307049056,-0.04432047566192865,-0.02981866434802627,-0.03028131082136931,-0.05219228550010635
2022-06-14,-0.0030132955587861554,0.00630571317899653,-0.008554888686260531,-0.009532526930009277,0.001902762265239888
2022-06-15,0.014256093906547473,0.021099396687866534,0.011185559312086646,0.010122102239509045,-0.022079833306515972
2022-06-16,-0.03309581279670881,-0.04070524997038094,-0.02528465712594452,-0.01470217692199216,-0.05632440179915066
2022-06-17,0.0021556152436672527,0.009150492492851603,0.002918448935299134,-0.0005836656207504065,-0.05466934932159273
2022-06-21,0.025173506462879303,0.02544715094077099,0.019957134949235344,0.0269211146684305,0.05180610775292638
2022-06-22,-0.0018127578012575585,-0.0042366220452296766,-0.002230830313129095,0.013866433584430071,-0.04003141540084432
2022-06-23,0.009802490066717295,0.014970044125135251,-0.0038325327473602844,0.02244553294776952,-0.03706749063361581
2022-06-24,0.03179387349826457,0.035941599544,0.036870638205700246,0.016602225480579325,0.013161589975902555
2022-06-27,-0.003819769473503709,-0.006743999112575949,-0.0034014116660425753,0.003715426827009649,0.029333947275291594
2022-06-28,-0.020432793080719103,-0.02995095038083051,-0.00992850538307044,-0.017427790804396714,0.02700499543173107
2022-06-29,-0.0008145622174225986,0.0020218535690610384,-0.00564089688321201,0.008711566182252106,-0.034751810742332134
2022-06-30,-0.008124160205209119,-0.01334965474147598,-0.008824442252331366,-0.002256289952954127,-0.021081086451222752
2022-07-01,0.010576535767439887,0.0022812543653938366,0.013672411369140658,0.011229019770891968,0.014962619129629706
2022-07-05,0.0018888088057149588,0.012557656241298787,-0.003450234824552978,-0.005783613418038458,-0.03968032531032428
2022-07-06,0.003377044023619824,0.008604345488644638,-0.0025180485538336406,0.0067479967368822,-0.017073153444239764
2022-07-07,0.014977376219392546,0.020673256890154645,0.014515571160596652,0.004237286538729457,0.03605309218128583
2022-07-08,-0.0008228373022556301,0.0004514114446705353,-0.002177401322309036,0.0029918378834787873,-0.00042265333163171714
2022-07-11,-0.011423515368343962,-0.01377259956582344,-0.008104784075613547,-0.0025240804710053855,-0.009584090275811974
2022-07-12,-0.008848713699322386,-0.013660086993838916,-0.006285391026030207,-0.012728982715400461,-0.01949614166600666
2022-07-13,-0.005251869073630289,-0.002630481486930236,-0.008855076691035468,-0.009708878033632629,-0.0015966608639151891
2022-07-14,-0.0024284020808367224,0.009153679190598174,-0.019144906169504372,-0.0029019903034237515,-0.018898094784984054
2022-07-15,0.01910503813885711,0.01760319760971707,0.03383233383748263,0.024148528704646788,0.016298759986235867
2022-07-18,-0.008256925598224774,-0.009669267439593954,-0.0037761733812454734,-0.021121346836985744,0.022889431836202734
2022-07-19,0.027019085613427585,0.0305110499274015,0.030006457135521858,0.01702620050715198,0.030786831850642793
2022-07-20,0.006373198915142986,0.015618257087655074,0.003679936059709732,-0.009874988018081177,0.009679283033624975
2022-07-21,0.010183315832275497,0.014066011091182773,0.006416073823317436,0.015817350247624873,-0.017529304318139705
2022-07-22,-0.009278125387251257,-0.013799184420640764,-0.005768312331696612,-0.00414184272979401,-0.008224265052483082
2022-07-25,0.0012147922715808335,-0.006339860935112074,0.006412469387520936,0.005237518177716005,0.03668297979884261
2022-07-26,-0.011830911864728177,-0.016208657464223064,-0.013956326546242015,0.005133580924285619,-0.009083533514215314
2022-07-27,0.02596618451984778,0.043015025596009115,0.015384387228583263,0.006251032065710538,0.02257485813626814
2022-07-28,0.012542476561126614,0.01522395694160883,0.007272707693777747,0.0063636426522479805,0.005619702793110193
2022-07-29,0.014578799360348116,0.015347708769033463,0.014139826986832249,-0.0033122176822184546,0.043373993798613064
2022-08-01,-0.002961398590950348,-0.0021494257319799592,-0.008306247742867479,-0.007401809414660732,-0.020657949342231308
2022-08-02,-0.006597096957566828,-0.007087876322302011,-0.011067630298567277,-0.003576421782903072,-0.0023436308118287563
2022-08-03,0.015659423283326923,0.02659396806295522,0.015123790280558547,0.009163937051288151,-0.028713441316383648
2022-08-04,-0.0006756564657403041,0.0045672446508184805,-0.00327745626503384,-0.004918786048785373,-0.03708649265642794
2022-08-05,-0.0016902832151339808,-0.0023069921601936993,0.007174926660864056,-0.0003801717022057227,0.01981572893044814
2022-08-08,-0.0011607913220648136,-0.008502046707865918,-0.0005941361111818644,0.002358246282954113,0.005199669224535075
2022-08-09,-0.003971061864015968,-0.010015986466538118,0.005049186242324755,-0.0030355577734539896,0.017560776223564778
2022-08-10,0.021004038940249048,0.02730211041784214,0.02245875624982574,0.010885786872285808,0.007223945829939682
2022-08-11,0.0,-0.0039118995778998356,0.011849747216883033,-0.0064763268565357635,0.03440027890925301
2022-08-12,0.016928998806866824,0.01990916981345725,0.01570991296978419,0.01281004791841367,0.007575703140577872
2022-08-15,0.004120882848401397,0.006307517977954813,-0.0002814173787292207,0.005013974416570255,-0.01949785455739972
2022-08-16,0.0019587116613835054,-0.0027051937127109404,0.007313741170198673,-0.0026807076592254564,-0.0023394800844740438
2022-08-17,-0.007098099938316116,-0.007145321933006765,-0.0050267276596059896,-0.005823669828132094,0.008337581253940574
2022-08-18,0.002906351581009714,0.0051974979043614145,0.0011224265782725507,-0.004431131748239392,0.026873364987953563
2022-08-19,-0.013437946500116205,-0.01816364626784084,-0.019904370345738,0.00271563046908474,-0.0002513784007317499
2022-08-22,-0.020822560978771887,-0.027884516627918132,-0.022025149099769936,-0.0130907459157662,-0.001888067879770583
2022-08-23,-0.0024191468698646634,-0.0026394707568075937,-0.004094906887505245,-0.013950079125296777,0.036061209385786164
2022-08-24,0.0032012362102740166,0.0006268411681000785,0.005286433871563467,0.001236807980314003,0.012291846900196024
2022-08-25,0.014117322204010074,0.01691148429465872,0.015483372487601121,0.011041791977760784,0.007693962909659957
2022-08-26,-0.03384900512832323,-0.042704636285508246,-0.02991938489798196,-0.02787545306545991,-0.011691971697755044
2022-08-29,-0.00661225466962434,-0.013225462785031561,-0.007117417677433013,-0.0069919840083673135,0.015089685052617874
2022-08-30,-0.01097770412220822,-0.010432813290372156,-0.005376496586520285,-0.006645511693177508,-0.03389217723899762
2022-08-31,-0.007608880546865371,-0.009737217988668667,-0.007507213934162316,-0.0063716782440790265,-0.009109077854664416
2022-09-01,0.0031376340606577013,-0.004879071183783834,0.003025488166696011,0.016431790813153935,-0.024596001732247408
2022-09-02,-0.010544474915392787,-0.013001484149304132,-0.007843182433696194,-0.014352118569996963,0.018339008293121184
2022-09-06,-0.0037731265076705878,-0.0066241091596978,-0.002432178096860582,0.0009600123983664055,-0.009254460933391662
2022-09-07,0.017964895745108622,0.015988321726944088,0.01981092696158182,0.016305600826807654,-0.01161327479272145
2022-09-08,0.00653646400299146,0.003430931997387754,0.017633004233808203,0.017381132280652523,0.004342523688903865
2022-09-09,0.015535157681034306,0.019771047977557688,0.009104520519344295,0.008812466172074096,0.024923230601286317
2022-09-12,0.010747710947947242,0.016034707255747183,0.00814893616262502,0.006666501737750963,0.018362496830919284
2022-09-13,-0.04348244680584379,-0.05308458250423842,-0.03724036166392575,-0.03303611866890621,-0.025219345669088233
2022-09-14,0.003815730151196739,0.003636429006476982,-0.0029983954423262738,0.000550981867658562,0.028246440794807093
2022-09-15,-0.011353174669221366,-0.02302239703145892,0.0033081971363642104,0.005586066840882475,-0.025768716161933658
2022-09-16,-0.007628851788650692,-0.005562770331502986,-0.008992550857132908,-0.002816683810737075,-0.021335273730132887
2022-09-19,0.007754856910108465,0.008154883883117359,0.011341421882151481,-0.005388098054672108,0.0005931373969729758
2022-09-20,-0.01147873844369418,-0.005871631763925578,-0.01473215406466899,-0.011721987337989792,-0.00695534588399338
2022-09-21,-0.017443713939619743,-0.015620179452802141,-0.020750646553274077,-0.016589096475937093,-0.014656329469224683
2022-09-22,-0.008399783797046534,-0.010183893717377712,-0.016827707900705757,0.0052971319306602815,-0.003554064220902098
2022-09-23,-0.016754754058864285,-0.013080312796747706,-0.01584795677116968,-0.0051070234853435315,-0.06895643357014103
2022-09-26,-0.009892907798266681,-0.006950044571220282,-0.01578085105116145,-0.009533177154277483,-0.02454579320383532
2022-09-27,-0.002552526440558478,0.0013021952914047397,-0.004253993528664735,-0.003043668150858214,0.01120004106459449
2022-09-28,0.019676330230869343,0.010565629410056232,0.019717330605128147,0.02186636030078115,0.044303584856738576
2022-09-29,-0.020888998418720717,-0.026057695192857278,-0.012568484646037104,-0.008397866016687572,0.0
2022-09-30,-0.015463546248041249,-0.01915771849741954,-0.009138352462903399,-0.013762236841087239,-0.00798891770064325
2022-10-03,0.02640121823051378,0.030981672374844393,0.02700923253583909,0.020559729388139658,0.056512095494516634
2022-10-04,0.030986678215641383,0.03356215749741076,0.03720329150397195,0.02322017924595543,0.04297550385594828
2022-10-05,-0.002328368499773359,0.0033182118947954198,-0.007730255336388381,0.003320958553895359,0.020665242815458784
2022-10-06,-0.010315733338412292,-0.008189676934659773,-0.014023163778248082,-0.012767003702321644,0.017777783472910258
2022-10-07,-0.027893836116614334,-0.041127444302715865,-0.023704285397364244,-0.021154247308001306,-0.007763130919633876
2022-10-10,-0.0076352204137086765,-0.016808742789215958,-0.004532000032095196,-0.0062796090912877744,-0.02053786664867685
2022-10-11,-0.006333252290787739,-0.015327694304246187,-0.012682994251135282,0.005334251575707771,-0.007988247414466798
2022-10-12,-0.0032982133363256283,-0.0030789078055890595,-0.002305624572985998,-0.004897808640629053,0.008052573362812065
2022-10-13,0.02639092162439316,0.031056919316389875,0.04126776098490659,0.0232977937914296,0.040813634225605355
2022-10-14,-0.022788633464348007,-0.028124427089749937,-0.01680404547227088,-0.006734033036367659,-0.037294528110507597
2022-10-17,0.02569694376826237,0.030479335537560548,0.02515324457102386,0.016061418554155216,0.012456417246342388
2022-10-18,0.011749574219533487,0.00847461324707055,0.01604260440672345,0.005560280807694218,0.008735146340438149
2022-10-19,-0.007086629070703787,-0.002883508056761963,-0.016408531913285063,-0.013981927867346533,0.02951573870313684
2022-10-20,-0.008385081548574536,0.000578317535053996,-0.016053023911227093,-0.008492359881721923,0.0009477439462073356
2022-10-21,0.024301252134484752,0.026754865318246113,0.0297505863758043,0.022462762512720946,0.028879383682626214
2022-10-24,0.012236529268481844,0.01383301339843479,0.013358192183246187,0.0192824403046441,0.004716370055701802
2022-10-25,0.015968578389975896,0.01911784840297437,0.011955794340108516,0.0075980023819661735,0.0010306292067066014
2022-10-26,-0.007534104799765129,-0.022262021553870026,0.002423517909371453,0.011080341410379724,0.013610935839516003
2022-10-27,-0.005339901732513752,-0.011384358085928747,0.008159429172725163,-0.0052509861241816225,0.0036106844010606043
2022-10-28,0.02379075135163511,0.043485321901826746,0.024880215695484598,0.016448604587202764,0.0034854668964767743
2022-10-31,-0.007223432725760981,-0.013196566526408882,-0.0061423353257547,-0.0008279278535380241,0.00840341998095262
2022-11-01,-0.004375822090691428,-0.008367837927778732,0.0026486132088432424,0.0006026505245391167,0.009666660515924352
2022-11-02,-0.025096226493915186,-0.034542733369523515,-0.012620785384215627,-0.01701413437822763,-0.02410042346003627
2022-11-03,-0.010296596125925594,-0.02940683282963108,-0.01010714633186105,-0.004212428333429941,0.01849338857895777
2022-11-04,0.014392851226195713,0.01826287566904905,0.01831837850286977,0.0060760982465764,0.012178992578510295
2022-11-07,0.009565696326924833,0.016695645008392823,0.01002655158543253,0.010702544851196594,0.017173602446832748
2022-11-08,0.005395405858787727,0.009592671931919705,0.0058396176488277884,0.004991989268660291,0.0009678228886904616
2022-11-09,-0.020602215641095323,-0.026008573571179805,-0.016836029492331428,-0.010762496164261837,-0.0488826715708891
2022-11-10,0.05495415316728569,0.0821758075033372,0.050487067944784636,0.025410807885776654,0.022252116597311966
2022-11-11,0.009678723566897807,0.017112455468623056,0.008150493202421671,-0.012242066253478678,0.02906092514297698
2022-11-14,-0.008506866446710393,-0.008562511170719711,-0.01421802558422225,0.0009014565119360718,-0.00032209173131647617
2022-11-15,0.008529137609148973,0.012121423726937586,0.0022622229790927317,-0.0012758573492027692,0.010526261024256467
2022-11-16,-0.007628749735185458,-0.013697808784737808,-0.00479627304567698,-0.00045105013771307156,-0.020408198914548814
2022-11-17,-0.0030598286953213982,0.0012903009365805573,-0.00538722206637865,-0.00045082635218907097,0.002170066503218715
2022-11-18,0.0045403538300961,0.0011367960861328186,0.00826677934282749,0.012108971459928508,-0.007903750622184957
2022-11-21,-0.003636073358136205,-0.0107503318516462,0.00310994967928635,0.00044581455381775825,-0.013532668195751829
2022-11-22,0.013457032224430066,0.019361785964224332,0.010146659954219261,0.008690173367381426,0.03130894247716598
2022-11-23,0.006301629634760886,0.00885899550818614,0.004185185264964364,0.003976588940344472,-0.010834768573047326
2022-11-25,-0.00022380535228627707,-0.005804401345358423,0.003334103674005773,0.0059407214345783554,-0.0036872626457753466
2022-11-28,-0.015956933048013933,-0.02140743166554626,-0.01716952183983833,-0.007509462614443074,-0.027429883598700577
2022-11-29,-0.0017175189851931227,-0.009790187402755057,0.005916997176025562,-0.002497853579523035,0.01510885664223971
2022-11-30,0.03150045964755277,0.050208365762300255,0.017086834096273984,0.023862142521934082,0.004961293802431044
2022-12-01,-0.000735894548363869,0.001397427925521777,-0.005783484633698821,0.0028772334073094985,-0.0032908842790150272
2022-12-02,-0.0011534907734904731,-0.005802401488417597,-0.004709033864681911,0.0025823021442612504,-0.0059441019825637875
2022-12-05,-0.017989423159051943,-0.016622037193209538,-0.024770471119568982,-0.009586887324329885,-0.02967526273844856
2022-12-06,-0.014414958157938251,-0.021410980260441526,-0.008847082364545233,-0.007584367599050457,-0.026360728617262685
2022-12-07,-0.0017010271048175651,-0.005066871011890961,-0.004031025854254633,0.008224863772997137,-0.0023443413125756596
2022-12-08,0.007833865711520227,0.016357994134648335,0.0008670272055775197,0.009023853663638226,-0.004464461272589482
2022-12-09,-0.007470100743352637,-0.006149464177882091,-0.0025995325559500237,-0.0128069059547965,-0.02430939384418973
2022-12-12,0.01441731365750698,0.0218470863815714,0.013321952138498405,0.010653937419373039,0.026245648583380854
2022-12-13,0.007569723324840405,0.01181162339773234,0.002572159227223425,0.0030834682845675143,0.0189746272032858
2022-12-14,-0.006393610361865143,-0.008422931824228042,-0.012542983268146068,0.0015728712394682542,-0.00612996731184301
2022-12-15,-0.024461561074910265,-0.03740397937637141,-0.01963027463781042,-0.01834414541866425,-0.006051516402105772
2022-12-16,-0.011806198330241435,-0.013236284477643467,-0.007656246204959194,-0.01454232433690561,-0.012293586157588465
2022-12-19,-0.008479682030660296,-0.013334518755056313,-0.0026871975998427056,-0.0037340030464709795,-0.00011996080050147295
2022-12-20,0.0013682851293894682,0.0015149515391237323,0.0041915361942070906,-0.0002231803226041551,0.015091751285067678
2022-12-21,0.014952487036372197,0.016559242777781424,0.015503940363625901,0.013166006771254235,0.018996905908775785
2022-12-22,-0.014266061383728657,-0.025217372888825307,-0.00880799457411463,-0.0013952406974255815,-0.023042862545719855
2022-12-23,0.005752293104223094,0.0010444669529563466,0.005627973652598595,0.0005883656752125876,0.03188332677477357
2022-12-27,-0.003943595901320873,-0.009470432450799149,-0.00029460462026154044,-0.0025716949085670127,0.010682259138303563
2022-12-28,-0.012427664909946845,-0.016123695570250285,-0.0035354644548827308,-0.0064826301399111275,-0.022388899083622182
2022-12-29,0.018000269624434795,0.02618791362116757,0.013896893209331518,0.010899265887042597,0.010462767328059508
2022-12-30,-0.0026341695582158264,-0.00136423448952383,-0.0026247983268176123,-0.0035937989351706445,0.006327604061911574
2023-01-03,-0.004209846018981556,-0.009482483626888527,0.0035089413658495605,-0.002870562120843023,-0.035097730231283486
2023-01-04,0.007720285599779109,0.0025962194302215913,0.01602551017346765,0.002657455888220195,-0.00011847872505532653
2023-01-05,-0.01141344936735178,-0.019420623156379047,-0.007456355694719141,-0.010234273294073448,0.01824849434044884
2023-01-06,0.022932029615311933,0.029295235898693983,0.022248008447698142,0.009224043368705193,0.018968976847709706
2023-01-09,-0.0005668859179304153,0.011625032622463838,-0.003674493473197482,-0.016731687381737137,-0.0035402895669012224
2023-01-10,0.007012866467201784,0.006181749709810447,0.005673994951561401,0.00839586655704494,0.007105931742706684
2023-01-11,0.0126479194204423,0.017328101917076566,0.009308764043305606,0.005649816351961601,0.003072599517012664
2023-01-12,0.00364074281546789,0.007432814428884216,0.0019565321902981214,-0.0031785086188874656,0.019060805089149646
2023-01-13,0.003879512872373647,0.002843698511497017,0.007531405070472452,0.004449108568072235,0.0014471864172076465
2023-01-17,-0.00183206715801576,0.0045213593486137515,-0.006644502302328936,-0.004651086701412233,0.002112391526258639
2023-01-18,-0.015787905677122738,-0.012892946124198001,-0.018673390162992742,-0.014092781466932491,-0.01830489395293977
2023-01-19,-0.007279727408265435,-0.011670313727795034,-0.011644367542652856,0.002407377009184586,0.01243067824518107
2023-01-20,0.01862886807307662,0.0270565579683284,0.01580446733297869,0.005028552935551156,0.009934230172893743
2023-01-23,0.011998657831097548,0.022765708632919823,0.011598252117887897,0.0034350202973532085,0.0013263967332299842
2023-01-24,-0.001073320633208974,-0.0004469550676919898,0.0005592734436123958,-0.006623477124472532,-0.0038632648240018996
2023-01-25,0.00037474599574460754,-0.0020853647973937406,0.007825564496270587,0.00029978085946469335,0.00011089380310447261
2023-01-26,0.01099047749181481,0.015971276550694302,0.0052690637818182395,0.0018722814760061546,0.03157542987214201
2023-01-27,0.0022977952047837924,0.004187346765177846,0.0,-0.006802690244086751,-0.0201910152000625
2023-01-30,-0.012546906732210594,-0.01909294831077135,-0.0049656451629431775,-0.009031924266794888,-0.02290934534324418
2023-01-31,0.014703403131767212,0.013945807054480897,0.013584830466684794,0.012911952341050359,0.00886240098409874
2023-02-01,0.01062757264331271,0.02353626663475117,0.0,0.004723856137510918,-0.019681958873936534
2023-02-02,0.01455721575476554,0.027306775170091724,0.002735287942456255,-0.006791280199260674,-0.022799622626667904
2023-02-03,-0.010629046647241513,-0.008323927379585983,-0.0019094565571647903,-0.0029304328026168447,-0.0022051700554800435
2023-02-06,-0.006111603935928356,-0.012203084697421374,-0.00027323830540604277,-0.005577012950254812,-0.004536913703525047
2023-02-07,0.0130787683842426,0.024993090743650193,0.011481573836838566,0.006441695193525998,0.03248793168325714
2023-02-08,-0.01093487954451866,-0.012052389934387842,-0.005946050653563573,-0.0029367944303577698,-0.008941839235659166
2023-02-09,-0.00866904735609253,-0.005500189424147317,-0.011147096085737385,-0.008760599716119422,-0.008565705576347171
2023-02-10,0.0023335873505687665,-0.0046091177737379585,0.0032995810908691414,0.00944771301794578,0.039166327327532
2023-02-13,0.011739013618119243,0.017310360193787844,0.011509668555362396,0.008302521367456128,-0.0025498849476879304
2023-02-14,-0.0004602282540410174,0.004271136967203715,-0.005418482308595096,-0.00591373748826729,0.00033358458424381787
2023-02-15,0.0032475224366930178,0.0046718169820465505,0.0010893804544642727,-0.004969823959190545,-0.01699810454741224
2023-02-16,-0.013768799745893068,-0.017350112214062463,-0.010067671576948767,-0.009989476547756837,-0.009832921991397514
2023-02-17,-0.00249837285259924,-0.012501212994558197,0.00027448252607387147,0.008943483961581178,-0.03561233863998836
2023-02-21,-0.020060944960356153,-0.02374497801713893,-0.020609945191793266,-0.012955219315508804,-0.004970907872379082
2023-02-22,-0.0013779970395975116,-0.0014648682408732183,-0.0011221997971090358,-0.003377468233424552,-0.006661259883638748
2023-02-23,0.005319388331204378,0.016580781019237545,0.0008426237641225853,0.002695747009241245,0.015088239587827124
2023-02-24,-0.010682455848828432,-0.017826083326921816,0.0008421410032573018,-0.012904499411780068,-0.00129767849972251
2023-02-27,0.0034057811319017084,0.005364277675769857,-0.00028059069890518096,-0.003034706752518268,0.0029531750398612555
2023-02-28,-0.0036959439707155983,-0.0021928479158176417,0.0019634402554069563,-0.007414753749746761,-0.014368188691900152
2023-03-01,-0.0038358657027374177,-0.007324755401625027,-0.0033592856433918294,-0.0016513690757739008,0.01971524380637879
2023-03-02,0.00777727451118948,0.012322842628820885,-0.004775359498867426,0.0061435747605955715,0.008788632221333081
2023-03-03,0.016037915078260356,0.021502913804106294,0.015805854458312618,0.011194752467694302,0.013590487394723905
2023-03-06,0.0006926624604188802,0.004781049803159743,0.0008336050309802889,-0.0004646127082751361,0.00045838201352932373
2023-03-07,-0.01532871315113793,-0.01242815065597025,-0.025819111074640855,-0.016110344226271667,-0.0174114184463654
2023-03-08,0.0016320624706649411,0.00826983973005424,-0.0037045160274719047,-0.005353002517217487,-0.010258596762173444
2023-03-09,-0.018449874810535727,-0.014335875843963897,-0.040617989512833796,-0.010130547520772248,-0.014134421355140536
2023-03-10,-0.01442945232930426,-0.017583081550494373,-0.018187191952171444,-0.007355876084893409,-0.01278396276149063
2023-03-13,-0.0014253079579886752,0.005450258846999789,-0.03947771937928246,0.009343331880508066,-0.02033142196761295
2023-03-14,0.016530138507036662,0.023075480301187445,0.020234014455812854,0.008937967812215675,0.009882782552449454
2023-03-15,-0.0062543100020726605,0.0005727116604408167,-0.026650190651214656,-0.0008700475666940655,-0.05370016980183223
2023-03-16,0.017545198774913118,0.02805217787188874,0.0191021522437389,0.00934127766496684,0.010858114651748352
2023-03-17,-0.011692762177070049,-0.0013921854384475463,-0.032177397259237184,-0.012862603725994792,-0.01572882601401926
2023-03-20,0.00961585182716429,0.0026965094323896377,0.01112665177682337,0.01267436545284606,0.020019683103808417
2023-03-21,0.013130419411944816,0.008081900006074338,0.025344845577204067,0.006064821074644122,0.03462037473019275
2023-03-22,-0.017046423671918554,-0.009952125238212317,-0.023154057171003495,-0.015110006109365748,-0.021271464921402194
2023-03-23,0.002703329037933022,0.016265291377250746,-0.006726378478059902,-0.0019078021764172837,-0.013853501469938911
2023-03-24,0.006561991267768352,0.0026101411423939958,-0.0006449301975623989,0.013858116385311758,0.0038664672662873656
2023-03-27,0.0018697594033481035,-0.0077420773617887795,0.0138754338179925,0.0040847057703832235,0.021312187651680192
2023-03-28,-0.0022446079810725106,-0.00469497370633809,-0.00031828921274512645,-0.006024078921263554,0.015461856500662119
2023-03-29,0.014534888860919803,0.020950324978947332,0.014645070005627092,0.0027548935993757517,0.013864767488816376
2023-03-30,0.005855257143481785,0.01161942873614863,-0.002196501986275745,0.005415864159514117,0.004395758553366047
2023-03-31,0.014094638003109061,0.014306651469374154,0.01100649661397135,0.010695774367271982,0.006929198838228956
2023-04-03,0.0038105603585694148,-0.0015890106768916556,0.0018659974853836303,0.011200229584918953,0.045273585580211106
2023-04-04,-0.005548031879616833,-0.0055054754757032365,-0.00931385753933156,0.00015279306084448052,-0.01813379649378688
2023-04-05,-0.002618448093366643,-0.011404459552796453,-0.0012534178758202286,0.01726107089788531,0.01505732623994227
2023-04-06,0.0039010093715490246,0.005667157308228754,0.003765287893362723,0.0024778379327785593,-0.01518136512984447
2023-04-10,0.0010263587481640357,-0.0005369468503181318,0.0021882625477969153,-0.0006740981772440646,0.008001873644456925
2023-04-11,0.0002685714436523323,-0.009396383878711223,0.00873343673945004,0.003372704087115652,0.00945607115871594
2023-04-12,-0.004076145789860597,-0.005691730747953261,-0.002164331804408892,0.0002985662322434468,0.0006934491348642435
2023-04-13,0.01328277872583028,0.018603057437295956,0.008986570850418207,0.012992717326770986,0.006240732022375628
2023-04-14,-0.0024425614721684807,-0.005552467663123228,0.00982821403095735,-0.008034613933433632,0.0018376231642500684
2023-04-17,0.0035879422016389384,0.003632743988654985,0.011556640203028046,-0.0008175956056480915,-0.011807830482587933
2023-04-18,0.0006524229439652807,0.0030831844030094757,0.003006930945023356,-0.006841897592667623,0.003944213466215318
2023-04-19,-0.00016902503412741243,-0.002873184965346831,0.0023981163386925797,0.0030699355458916333,-0.003466596304105285
2023-04-20,-0.005457007487032706,-0.006567434126805494,-0.0029902636501294433,-0.004106058462921114,-0.00881232513142105
2023-04-21,0.0007768804575196686,-0.003238141491748281,-0.003599391910412808,0.006746987107843383,-0.00584933801436327
2023-04-24,0.0010431613001657958,-0.004398786583853953,-0.0024082830471278127,0.005584358756961283,0.015297640964775372
2023-04-25,-0.015873678779457,-0.02134503581184033,-0.017199841610317734,-0.01066278389696429,-0.01877604626733309
2023-04-26,-0.004235765333949648,0.01486455918848617,-0.009517838159248893,-0.014220566894532771,-0.013347734355976693
2023-04-27,0.019908074120989827,0.02121668124294729,0.016119017144674785,0.005238945505107395,0.0035916163429905446
2023-04-28,0.008535165599250494,0.010857435299636675,0.011897287879727658,0.008534712509711273,0.015507702607722162
2023-05-01,-0.0010098035026345764,0.0005963444200796086,-0.002712865652705454,0.005167297227789414,-0.01127689937071985
2023-05-02,-0.011239125891845836,-0.0093425694577286,-0.022672617942177453,-0.004321245880505087,-0.04348346913056922
2023-05-03,-0.006864054041337053,-0.008427541513617132,-0.011444350593130537,-0.0013468051218258337,-0.01887964787513985
2023-05-04,-0.007082928354303686,-0.004789080463095563,-0.012828548276759166,-0.007942458657083762,-0.011140456486369632
2023-05-05,0.01851252786634272,0.025077899337438092,0.024722542617201748,0.008987811473595064,0.027141082668959315
2023-05-08,0.0002664516971153663,-0.0005289334540045099,0.0015467135645679253,-0.002170963004986204,0.0
2023-05-09,-0.004385113492976878,-0.007674058216360025,-0.0037060448120398437,-0.006676568712636888,0.00037395562252462433
2023-05-10,0.004672290870939344,0.01220011545778421,-0.005579714869651475,0.0027946195831316523,-0.011338200504846685
2023-05-11,-0.001744028170606371,-0.004478822718848807,-0.0015585165442477678,-0.0030879924663637093,-0.011972437894126275
2023-05-12,-0.0013102677655305595,-0.0013231726715055014,-0.004058769267958229,-0.0013599701752278204,0.0015308460893934672
2023-05-15,0.0034499135281413906,0.008280915261991817,0.008150494067810765,-0.001739831931625968,0.005094085409450777
2023-05-16,-0.0066824933071140125,0.0010515018666437115,-0.009328274762977928,-0.008335774665908846,-0.02458165430698578
2023-05-17,0.012138936769260367,0.013323391359573167,0.020087921702934608,0.0012228114666523737,0.019225439498838925
2023-05-18,0.00963311895178287,0.020467861069725757,0.0073845360719593245,-0.002442451597956641,0.007265121649427497
2023-05-19,-0.0014550784901311564,-0.00044449090644860245,-0.004276207317236325,0.00466684347559343,0.007718326952498078
2023-05-22,0.0004062627194447721,0.0019049309326357733,0.0018406100018677485,0.0009903444635586123,-0.004143561473378798
2023-05-23,-0.011222919794899755,-0.01476732144558801,-0.011635103118348922,-0.010955636896369914,0.010717320899464866
2023-05-24,-0.0072446915017113644,-0.007333447779974245,-0.01301106102933891,-0.0068461114897259145,0.004366450355964613
2023-05-25,0.00865979088020774,0.03836428162221894,-0.00031401959393984047,-0.010223810096939068,-0.01776189307524534
2023-05-26,0.012950740152930296,0.028396597656851874,0.008163289506691207,-0.00203461634061175,-0.003920045934405425
2023-05-30,0.0003808365702422378,0.005340369648875409,-0.0003113870626276771,-0.006194556721280664,-0.010283086877288627
2023-05-31,-0.005545112369472527,-0.008330242095689666,-0.010591772139619482,0.00860015419729998,-0.017573072330410056
2023-06-01,0.009501115533610438,0.010165726742416892,0.010705158741730392,0.006571237157729337,0.012403767449522096
2023-06-02,0.014460986902395279,0.005724521466885069,0.021806762727506257,0.012823590192047929,0.03043592377862825
2023-06-05,-0.0019162098424383434,-0.005752026109892339,-0.005182711449200461,0.0036064289047399445,-0.006633340721032388
2023-06-06,0.0021773875964317124,-0.0002408036639001132,0.012564888978778388,-0.008334030350874322,0.008063485631281786
2023-06-07,-0.0034576509440906733,-0.01494893535289854,0.003934514903887409,-0.003932168204131337,0.026496673963727124
2023-06-08,0.006048552856186884,0.010830897548932406,-0.0009042481736669661,0.0064248034977629764,-0.004261508124905444
2023-06-09,0.0017942616080397489,0.004964269683586986,0.00030176968704709317,0.003076530746906281,-0.0055025013536090794
2023-06-12,0.009072020142689263,0.02174548641358065,-0.0003016786495753099,0.0036036016003544447,-0.009590614055996594
2023-06-13,0.0065929589400253175,0.006072189140181594,0.006035211878935298,0.005042387318368258,0.004717673287713442
2023-06-14,0.0011907162143831584,0.010313620147848201,-0.0038994115361191684,-0.010262344837958404,-0.010255919000424552
2023-06-15,0.012397651683216271,0.01287618952503311,0.01324885057457359,0.01551489240592474,0.010986181697863362
2023-06-16,-0.003406109791601275,-0.008245673796668185,-0.002079895125237541,-7.560913331527974e-05,-0.0014817598728712467
2023-06-20,-0.005188292384473714,-0.006758244504451727,-0.007478532064974952,-0.0011242910726950717,-0.02238187428536942
2023-06-21,-0.005123837237105855,-0.014796761678349313,-0.0012054219757503537,0.0001518879118449501,0.007912179830785071
2023-06-22,0.0036097830627004335,0.008159875957737484,-0.00784548356331971,0.006842212669577741,-0.013421119459203545
2023-06-23,-0.007559998603776541,-0.010850380373100377,-0.004258018059928426,-0.0033223804883154573,-0.007186600132256804
2023-06-26,-0.004085668666200859,-0.00717465854086885,-0.002138174241591684,-0.0056816493174672855,0.017967735897646442
2023-06-27,0.010963381215695067,0.019708619623250767,0.00795853624836762,-0.0022856948655423093,0.00228556728782614
2023-06-28,0.0005042377614312699,0.0005855938800698457,-0.0024295109602514575,-0.0032073894999700148,0.010135610382927318
2023-06-29,0.003941423498616148,0.00175611789713348,0.01735161679971564,0.006512062770696936,0.011538823346984639
2023-06-30,0.011800696993804705,0.01589339891012531,0.008677477212653217,0.010275203923738152,0.006447836311706423
2023-07-03,0.001150370783411958,-0.0021281014670758713,0.0056362956556264,-0.008211858341469425,0.0023406617364563065
2023-07-05,-0.0014869541401844044,-0.006167628441945627,-0.002064773644808615,-0.0005319152826184226,-0.005530824770811016
2023-07-06,-0.007830715743746053,-0.002667720045831379,-0.008572487307748067,-0.007980475490704242,-0.022494227119071564
2023-07-07,-0.0025247359931801494,-0.004361518352897775,0.0014912307901471245,-0.011645752992758496,0.021494345848427576
2023-07-10,0.002531126419153873,0.00262830199073516,0.004465244755477826,0.007907059125264349,0.007798222601559601
2023-07-11,0.0063683983344897666,0.0021553752458254305,0.01185533503710312,0.00023070708172623355,0.021984754274417817
2023-07-12,0.008046042268032405,0.011335262593434425,0.006444272369101389,-0.0026914141796423596,0.0092536273940802
2023-07-13,0.007936863607577394,0.013047682862134646,0.0034923072964996305,0.00038560487636152274,-0.003810408475788618
2023-07-14,-0.0006228861330327407,-0.001475439947439483,-0.006670400609186333,0.01502871259469929,-0.026416579023350262
2023-07-17,0.0034722163467098,0.0127847567056254,0.009634893827438429,-0.0045556490816150985,-0.001964280797801754
2023-07-18,0.007430577273401573,0.011333107578161083,0.011278166787776822,0.007398853311446851,0.010087359308862176
2023-07-19,0.0022237857265108296,-0.0024961750068210886,0.00428938011251212,0.004618817276378806,0.005845884119521916
2023-07-20,-0.006634355475664044,-0.019965705313252813,0.007403284410904654,0.01658112864238004,0.011744832500477198
2023-07-21,0.0,-0.0005107687144225714,-0.0033918509878380076,0.010083341650566569,0.008855832937896935
2023-07-24,0.004467200772050761,0.001760017150380433,0.009642857385948611,-0.002202213071622605,0.016132761995606426
2023-07-25,0.0027300664177838385,0.0114486369607536,-0.006460881453802858,-0.00044132027824772546,0.005253283817144405
2023-07-26,0.00015385017719204974,-0.013448375376077015,0.00593733326306678,-0.0006622136498670717,0.00034849927803204395
2023-07-27,-0.0066301173393076285,-0.002896515155895063,-0.012647634525509432,-0.007364564493880232,-0.006385075035795773
2023-07-28,0.009790404925732021,0.01361429063868913,0.0019924800643824625,0.0029678719410635157,0.0030378920063638404
2023-07-31,0.0019040030027008825,0.0023040130377345314,0.0036932866410204213,-0.007692956815709917,0.0189865027676257
2023-08-01,-0.002861648273700834,0.0016819963902614532,0.0,-0.00521795511919898,-0.004686601862255557
2023-08-02,-0.013910802955215518,-0.02474108481099424,-0.008491232741905441,0.0006743920567220396,-0.01309309929211755
2023-08-03,-0.0028657999433356895,-0.004075202261581423,0.0005709376955105316,-0.005017284293572177,0.010124619041489202
2023-08-04,-0.0045228861809475385,-0.013600543634255224,-0.003994397504006542,-0.0035373262945460615,0.0013823350431416692
2023-08-07,0.008728705082563515,0.002804480913234597,0.014036286588564373,0.011555768737746108,0.0011504523202447992
2023-08-08,-0.004348655725330608,-0.007690595250131826,-0.009039523508636793,0.0076906359791992784,0.004941472629880206
2023-08-09,-0.00668538180152789,-0.012916754469539327,-0.00741172430086845,-0.0002963895402668948,0.012578566216903786
2023-08-10,0.00035894680416892477,0.00011886990272391706,0.000861341779338165,-0.0006670444484218052,-0.00011287060684361805
2023-08-11,-0.0005830881422120848,-0.007374797151423307,0.002008718257321851,0.006230181482462571,0.015360293291807547
2023-08-14,0.005520036654766303,0.015937759684740094,-0.002004691397112124,0.0030217093555551244,-0.004226917177498568
2023-08-15,-0.011648902799156646,-0.009849053330451052,-0.018364374674104122,-0.0036738466523342783,-0.020777333626807004
2023-08-16,-0.007338158445373,-0.009530129331311255,-0.001461674282939529,-0.007597216572892029,-0.008670047816046633
2023-08-17,-0.007619873679635569,-0.00950146132409646,-0.004976217854290699,-0.007952549559066546,0.011967998738135144
2023-08-18,0.00048130106517896287,0.0015179590028226997,-0.0002944387440905194,0.00037456479081354743,0.009892917380582622
2023-08-21,0.0065063764390449474,0.01909536976014503,-0.0011771601270909038,0.001048532919079026,-0.006305653592116434
2023-08-22,-0.0027087749990645227,-0.0011302572399929378,-0.009428497584154427,-0.0035162762893973243,-0.007705289842031227
2023-08-23,0.01113781286600446,0.018044331414411863,0.009816038510318759,0.0030034801388876264,-0.0025123808729120567
2023-08-24,-0.013859001551281502,-0.023047555385321217,-0.003534835365413991,-0.008682911245701974,-0.0068687338764654715
2023-08-25,0.007049653183658355,0.01017892424770106,0.004729635938280685,0.007324235550216329,0.00968269683390055
2023-08-28,0.006341520837510828,0.008179706486318494,0.005589628883617026,0.002323435415477082,0.006736381677409975
2023-08-29,0.014454830942724817,0.020048230758024754,0.009069843128530541,0.008974020230032798,0.0027213078279104685
2023-08-30,0.004118729077884575,0.0075504676476259025,0.0005797607034507823,-0.0007412529946537738,0.004976363484554325
2023-08-31,-0.0014634309082703911,0.004862549333097821,-0.003766898537030716,-0.011941859698456514,0.0006752391030737659
2023-09-01,0.0018652397678571297,0.003074116101909219,0.00901672979816337,0.0027027302110096407,0.02046773904090826
2023-09-05,-0.004321914265616789,0.0035755215192900813,-0.010089222027917621,-0.010331909080545487,0.005289900936652492
2023-09-06,-0.006722442933942974,-0.01057533334084415,-0.0005824096219660957,-0.0054465023747996,0.0004384517185198611
2023-09-07,-0.0030701602754569235,-0.014460385613841331,-0.002622487142517005,0.004487828084403844,-0.0009860380001043278
2023-09-08,0.0015059124581215944,0.002087891277649412,0.002044750805197948,0.0,0.009652424464944298
2023-09-11,0.00657664733828045,0.005208717562501075,0.004664828770078566,0.006890840831418332,-0.013145257610333028
2023-09-12,-0.005485500486757111,-0.018136045927815148,0.006674504914149448,-0.0012785974717292037,0.02355797372726931
2023-09-13,0.0011659670580213,0.002521536508205413,0.0,0.0001504843257373878,-0.007528478622052859
2023-09-14,0.008622406978120223,0.007252815858806105,0.009224421684949302,0.0031621114407054396,0.01170348679043598
2023-09-15,-0.012048317343959836,-0.019220917911578206,-0.005141147333436846,-0.007880570766208073,-0.014460394498216567
2023-09-18,0.0005864319287232078,0.004806190435205471,0.00273981475558549,-0.001519131307663124,0.008474392932617203
2023-09-19,-0.0020738287592076965,-0.0005314566387325526,-0.001150562683103984,0.0008369119438438322,-0.009336757230372639
2023-09-20,-0.009193406199135667,-0.015715532447150182,-0.006910525385222077,7.60358456783905e-05,-0.009315020280612818
2023-09-21,-0.01652836181395745,-0.015245930614990577,-0.01652660498449099,-0.008740724726835292,-0.013716737071693741
2023-09-22,-0.0022483553500496356,0.002133312178500324,-0.007664893113077831,-0.0020702391407095844,0.0016822498422481846
2023-09-25,0.004204989150910832,0.0032234323305453394,0.0023766544834877834,0.00545525132168434,0.012540699675000155
2023-09-26,-0.014691107785010593,-0.018006422572260483,-0.01333726437780891,-0.008482318530519506,-0.00575023570167188
2023-09-27,0.00039920310580909835,0.0015434160065166402,-0.001502083083125716,-0.005009489587009419,0.024913832745624642
2023-09-28,0.005797396731856308,0.0070892897028993485,0.007220174221984621,0.004802442476272484,0.0010850802238271395
2023-09-29,-0.0024270904217696954,0.0034278110056147337,-0.009259185470955167,-0.0075548057093702825,-0.020162532292081647
2023-10-02,-0.00039763515995672183,0.010736223491866204,-0.008441352868670982,-0.0013981904886678498,-0.01991368201254784
2023-10-03,-0.013385948919937496,-0.016959345862372577,-0.015810284097540706,-0.008867439299360402,-0.0006774176365370588
2023-10-04,0.007281911043239608,0.012463041392115182,0.007414228693180647,0.004237899506758236,-0.03140166999923155
2023-10-05,-0.0003767125349609657,0.0013343237164644695,0.00459978904531555,0.0054705662269882716,-0.006180644823812087
2023-10-06,0.011872627045437678,0.018712259391940433,0.008547181531198156,0.010492669141450195,0.005984282258385543
2023-10-09,0.006402345238688323,0.005171709412638448,0.000605524117944789,0.003461423114174522,0.03336069019823862
2023-10-10,0.005204839039914644,0.0015378537704329176,0.007259181963892081,0.004752256274465294,0.0012417127391595173
2023-10-11,0.004096256432771561,0.009270639730726282,0.0015017518046014366,-0.004424704861195727,-0.012852529035120352
2023-10-12,-0.006096384925055487,0.0009362039225335739,-0.006297051914841534,-0.008582493293281646,0.001142342524888429
2023-10-13,-0.00498102028263947,-0.01432069912406142,0.0021122786311627006,0.006260765022368497,0.022016623199643925
2023-10-16,0.010521496140540432,0.00960678733381748,0.010539071618730578,0.007527471010067899,0.006697261554651446
2023-10-17,-4.589630894502594e-05,-0.004640235768421763,0.004767591342939692,-0.0013722881487151506,0.01042232105748142
2023-10-18,-0.01332516428411179,-0.010268097273990473,-0.017200587408276458,-0.008702816791186452,0.009107896071615995
2023-10-19,-0.008786305077294054,-0.005723563786821484,-0.013276828062490087,-0.009857617861003032,-0.001739824519793931
2023-10-20,-0.012287977572786546,-0.016910782965293136,-0.015290690629618076,-0.003966767200940247,-0.016775564185174008
2023-10-23,-0.0017331544670359245,0.001159094123653226,-0.006211102158055981,-0.006246872243276913,-0.016175396371754247
2023-10-24,0.00753931592785495,0.006884722137584287,0.006875000272219989,0.0030644026831934124,-0.014076644138853345
2023-10-25,-0.014352190986408275,-0.011799562225950688,-0.0037244960544257077,-0.008930653722024728,-0.0018277470534446838
2023-10-26,-0.011974538221394937,-0.019104726976287623,-0.002180465748674809,-0.009880657691599626,-0.0077810754787885905
2023-10-27,-0.004532967190618575,0.005805488081195964,-0.018108140970714115,-0.01692479168760974,-0.02398791402511924
2023-10-30,0.011955797315381655,0.010737332497275709,0.01780601903106449,0.00560339717957592,0.00330854812034187
2023-10-31,0.006280243872613278,0.007123187075454451,0.010934162945675396,0.005733674210673723,0.003297637727238012
2023-11-01,0.010664769607297453,0.019328107089235713,0.0064893308784708115,0.002087724995640583,-0.002347853421915569
2023-11-02,0.0191643412765532,0.01692794302039724,0.023641513461805097,0.015865395326611464,0.030238808599770017
2023-11-03,0.009123454289591049,0.010293253819260828,0.013197121930943467,0.004969227029645751,-0.010050176612229289
2023-11-06,0.002300344804824661,0.006579248975849383,-0.0029601179803295796,0.0066712407085463,-0.011305955549126057
2023-11-07,0.0028461186856993947,0.010931621356448096,-0.001484689618641566,0.0007018673021659261,-0.022170319270926164
2023-11-08,0.0007324839775000314,0.005664134976704371,0.001189328300673198,-0.001402501058412109,-0.012529941924903087
2023-11-09,-0.007798900959278265,-0.004664958022888355,-0.004157822448267345,-0.020675705690488155,-0.0030213041894235904
2023-11-10,0.01560486287556162,0.026121563703802808,0.011333027394800466,0.005975127748599096,0.011030502980385437
2023-11-13,-0.0009531094371517668,-0.005848698451769829,-0.001474502243930309,0.0057813215609940904,0.00719347371632284
2023-11-14,0.0194007709739088,0.02000320767000363,0.01890164015401874,0.006771606988351664,0.00892747267055638
2023-11-15,0.002116945220050459,0.0012634514192733093,0.005507078022498391,0.0007820492239216659,-0.0018876150028702687
2023-11-16,0.001223162292542268,0.0049926392377834805,0.004035682893771542,0.004298315415516507,-0.019503545749820828
2023-11-17,0.0012438227768831744,-0.002074531538933111,0.005168042559005492,-0.0020231677294395567,0.02097641472548384
2023-11-20,0.007697765713908344,0.014496768989503916,0.003998909419361318,0.0060817454064823195,0.0014169306327151965
2023-11-21,-0.0021796323650147276,-0.008088434872233319,-0.0005691754342794786,0.006045105213463575,-0.0022403073455125044
2023-11-22,0.0038608339289862847,0.004457597605143082,0.003985250142261476,0.004776299313443921,-0.0004728322920316552
2023-11-24,0.0006154686302466406,-0.0019482477873964399,0.0031187982933602587,0.005366783938338449,0.00413842648711249
2023-11-27,-0.0018010380546071847,-5.4321891823416735e-05,-0.0033918393257516,-0.006253374797055233,-0.0035324630448057004
2023-11-28,0.0009900731535916751,0.0018981689664323564,-0.0002835870200492696,-0.0051414923614609975,0.00023624042379055687
2023-11-29,-0.0007034327420673003,0.000757845911894206,0.007092477400932662,0.00030846294118203055,-0.007442475057307774
2023-11-30,0.003937496923179573,0.0014603631730427669,0.011267686525709975,0.012569515995602742,0.006665039280536522
2023-12-01,0.005916002011515431,0.0022682515741121456,0.007520678538246228,0.003960053126848884,0.005202334189644553
2023-12-04,-0.005249483147646505,-0.012177922838731314,-0.0011058088654956055,0.0018963363598512029,-0.004587125824458305
2023-12-05,-0.0001969872833995634,0.006000176558009995,-0.004981869082652746,-0.0012870365547781315,-0.017487899328084144
2023-12-06,-0.004029909529073783,-0.008458765895345999,-0.005007144676938746,0.0007581592980088203,-0.014912823034459843
2023-12-07,0.007630426640316212,0.012140446295172191,0.0047526873652170565,-0.0012120027308645254,-0.006836729729163049
2023-12-08,0.004299109868161732,0.008536766601993317,0.00528653807543944,0.0016684426908750716,0.010817578323930155
2023-12-11,0.003889531169030347,0.008732343318297087,0.006089012333432509,0.006587335753696966,0.001215981194824911
2023-12-12,0.004567281101236276,0.006638766005294894,0.007152603294535709,0.004287611333501751,-0.013725428641158666
2023-12-13,0.013790132375123054,0.008811065052339861,0.016115956658202313,0.01842594019440491,0.013916437713940466
2023-12-14,0.0032093653866887006,-0.002458270123477213,0.009946266141246163,-0.004854543505792064,0.029393882008869054
2023-12-15,-0.0016465288275291368,0.005032961660705437,-0.005855842009812928,-0.008498600966102776,-0.005309654071211867
2023-12-18,0.005625222098039062,0.0029905900883970826,0.0033364028708866567,0.0016322707454059504,0.00816775945950865
2023-12-19,0.0060807458678797666,0.0038049389812344625,0.007508908081520271,0.006727376723821177,0.01199811922699956
2023-12-20,-0.01385726354482808,-0.01511056470525185,-0.01783346635068761,-0.014478776906482804,-0.00927337435316411
2023-12-21,0.009481812259606981,0.011230065934396238,0.00975597864979627,0.01220520517707091,0.003909955087520789
2023-12-22,0.0020097967198260402,0.0013034940151825936,0.0021472968424389727,0.004986975440128827,0.002950503412040284
2023-12-26,0.004222601411330462,0.004165702402381788,0.004017010825224876,0.0022220219233055616,0.008590303575433555
2023-12-27,0.0018079687840184544,-5.215158223004224e-05,0.0032007089292296342,0.004211881863690925,-0.0044334906548877395
2023-12-28,0.00037771227099758775,0.0011928789849824373,0.002924885719159276,0.0025760942898507277,-0.015235063786298908
2023-12-29,-0.002894986501472574,-0.003056020023938344,-0.003181297504630698,0.0010272061929896825,-0.002261211887317427
2024-01-02,-0.0055961857993478414,-0.02618461534993355,0.004255021373117174,0.017598211460125635,0.010734785926787671
2024-01-03,-0.008166746606301456,-0.010189754191371359,-0.008474405519728667,-0.0016574448205222136,0.01628525205835052
2024-01-04,-0.003221075305737564,-0.007330354416287932,0.004006600052284037,0.004980130229951918,-0.017533794551984117
2024-01-05,0.0013696013623756276,-0.00027153297741500104,0.0042563638843777785,-0.0008619169906757262,0.0008272697628508574
2024-01-08,0.0142760527784358,0.02509235428324308,0.006357643505692456,0.00884135565318811,-0.01157288599130879
2024-01-09,-0.0015171279191281695,0.001589503480297516,-0.006317479224925759,-0.00014236558325630977,-0.016009481867595654
2024-01-10,0.0056553985717209265,0.008516609318715451,0.0015894371186155887,0.004560541818986019,-0.009834767680999223
2024-01-11,-0.000440673039669659,0.005087817338310652,-0.0037027663063042837,-0.000709374326427259,0.002575034890411443
2024-01-12,0.0006927160733294357,0.0032357960514408646,-0.0018582112741512002,-0.0024845726345346097,0.011252207560424221
2024-01-16,-0.0036711092873069617,0.002496789835881641,-0.006914791761098327,-0.005977781382927705,-0.0238267150177901
2024-01-17,-0.005558893276027543,-0.004929518911954922,-0.0018747394721270183,-0.002004500787620711,-0.008301235434443277
2024-01-18,0.00889294523986095,0.020284856366948434,0.001609801063419125,-0.0001434499028317715,-0.0016240638367174265
2024-01-19,0.012466149622298195,0.02305022747435226,0.016072774588507643,0.0005738819346350343,0.0032534114212701137
2024-01-22,0.00211432182760829,0.004396274106211795,0.0047457879264740654,0.004373967365439713,0.003742032164089082
2024-01-23,0.0029164787062068154,0.0040286325349268015,0.0015743186322756397,-0.0007138187588616729,0.002112593235391591
2024-01-24,0.0010931332119532566,0.006886127398961106,0.003929558215379325,-0.009144998034317564,0.01426092021634795
2024-01-25,0.005438971821559724,0.004182043714823003,0.004958385239543839,-0.0015139924723638343,0.022496669616910436
2024-01-26,-0.001270334204830692,-0.011514035932113753,0.00363566692874584,0.00570477701408767,0.0074134901090432415
2024-01-29,0.007919372301701921,0.009169814549756516,0.002586897168992186,0.00703652043316394,-0.0014241107467872771
2024-01-30,-0.0007734920616433438,-0.008251446052429445,0.012645359925276711,0.002281969176741949,0.010340975381214923
2024-01-31,-0.0163173886337441,-0.02099860066633552,-0.01223257061914973,-0.0013519404521497025,-0.01870576413412761
2024-02-01,0.013088115231717268,0.012596339683883073,0.0015481224504234614,0.01296485295847516,-0.00011999478438506905
2024-02-02,0.010527490138772189,0.010341068528565867,0.004121502931251353,-0.0014768454330952308,0.0014388229911062034
2024-02-05,-0.003641132337147135,0.002274562636714883,-0.005900551852659808,0.00309878072199421,-0.0025144956009427455
2024-02-06,0.0029033814423962134,-0.0045879601119409585,0.0020647301227672,0.010882817847307491,0.0032411717027014397
2024-02-07,0.00834030379303119,0.01323277696766234,0.007468268050236482,0.002708567964847086,0.002033884907902017
2024-02-08,0.0004417504755491741,0.0031305178608327378,-0.003834132735625162,-0.001731780519628967,0.010268685149596557
2024-02-09,0.0057793983074023725,0.01345792951849778,0.0028227090604486804,-0.0007633008905618688,-0.015364808299557553
2024-02-12,-0.00043901815743718764,-0.0076017484028783056,0.004605931039909139,0.0013193154274071528,0.011043357337643833
2024-02-13,-0.013772988606368997,-0.016968962037832158,-0.013499891851890267,-0.009292432509061532,-0.01009153570249266
2024-02-14,0.009087602657076976,0.01045561379812976,0.009553450005299835,0.008679824969223704,-0.0009595114494139745
2024-02-15,0.006899667161367695,-0.002098590725794658,0.01713553543506352,0.007286421925350339,0.02785136724398063
2024-02-16,-0.004980036517679309,-0.00919530855378814,-0.0035202815986149494,0.003238024384261351,-0.0005840052769771065
2024-02-20,-0.005505256147255944,-0.01016958903183196,-0.002775699669295806,-0.003364568314239591,-0.009115516480309505
2024-02-21,0.0009058826872427872,-0.006283820797997719,0.0030364005092786694,0.002204579544851759,0.018752288156070884
2024-02-22,0.02069542385601153,0.032722666706280545,0.011604616535738854,0.011756940327728227,0.0017364100317711628
2024-02-23,0.0006895340549972762,-0.002332844562633052,0.004987601896618843,0.004756534099538801,-0.006587264094672252
2024-02-26,-0.003662455592811087,0.0009743920881899459,-0.004962849180632833,-0.005139850919362199,0.0034901727092704338
2024-02-27,0.0018578104305173593,0.0008760087184587206,0.0027429685861024566,-0.0024473699208827915,-0.0042894792494071465
2024-02-28,-0.0013217027788626767,-0.004716406070695345,0.0037303949533731284,-0.004974939915097898,-0.00197918400315511
2024-02-29,0.0035949680507312287,0.011138177339472533,-0.0004954196266091504,-0.008150015547809142,0.004899632626299111
2024-03-01,0.009388268828250945,0.018262707552973767,-0.0012393594308357514,0.010495708168650086,0.01160892625604859
2024-03-04,-0.0010725215456006687,0.0,0.0024818930485555057,-0.0015033342080769119,-0.010672454572627
2024-03-05,-0.009994008761825324,-0.024577706919399978,0.00024772201214640077,-0.007459507328043791,0.007423630688861538
2024-03-06,0.0050672532385653835,0.007928946508086288,0.005197735214364174,0.006826163563570908,0.003108966435295235
2024-03-07,0.009926389913529787,0.015781010047464905,-0.0014773044949965008,0.004656941037428641,0.008494082815838189
2024-03-08,-0.0060022091803608735,-0.014870774452104163,0.0017262347122202204,-0.0018405865325629156,0.003528143327380162
2024-03-11,-0.0008598627660008074,-0.0027490688270184194,0.001723357513276902,-0.0005463605801656612,0.01032102744968455
2024-03-12,0.010757411600059497,0.020505068279530914,0.004177985167578058,0.004646331899018641,-0.001571515448167471
2024-03-13,-0.0015674686798270443,-0.010804736523656322,0.007342005343942581,-0.003876541438624481,0.01596588625831097
2024-03-14,-0.0019769437397858525,0.0001915386964217447,-0.00801746766090361,-0.0035505615585452732,0.010292046036745273
2024-03-15,-0.006866524751650727,-0.015087612543619566,-0.000979627551311535,-0.003974168450108118,0.0029576672566442586
2024-03-18,0.005943094126837689,0.004914924634355611,0.005733438950080938,-0.00011732150195598035,0.0034570015533010867
2024-03-19,0.005557211633710812,0.005186587795934949,0.0048938257624162596,0.006628785909435386,0.011411074717839753
2024-03-20,0.009249402913417804,0.011187779837182,0.011930785640917652,-0.002263728317807079,-0.001410246965178552
2024-03-21,0.0033046712917572663,0.0007153866943239162,0.008180950162752776,0.0013063488970521675,0.005974937637773126
2024-03-22,-0.0018959932670662427,0.00033354948185171374,-0.011455890159127513,-0.0013733215367138785,-0.0021597838411473447
2024-03-25,-0.0027627136540651076,-0.006621815633257366,-0.0038628828142602822,-0.0013749921664900633,0.009307420234682562
2024-03-26,-0.0018469115905791478,-0.004124311483269749,0.003393153644683622,0.003649029997569553,-0.007720336408924555
2024-03-27,0.008403804005759907,0.005104565171734077,0.011835781452600225,0.013308730267816538,0.00929342723544968
2024-03-28,-0.00019115879491005128,-0.0021562079204412443,0.005490602825066082,0.0001353217292894282,0.010813510770885104
2024-04-01,-0.001739871634885537,0.002785007122044103,-0.005460620725484033,-0.008529051178599034,0.0074144928949684274
2024-04-02,-0.006357896508423777,-0.009624262623844193,-0.005251987495124233,-0.015566369291922677,0.013983861932392427
2024-04-03,0.0010984144028078902,0.002659227531502051,-0.0004797503024729366,-0.0011095516534056493,0.00684356283184373
2024-04-04,-0.012206090452421381,-0.015815621333416074,-0.011284566965867882,-0.014441404238918598,-0.0006180590684264908
2024-04-05,0.010446918313947506,0.011464322850224473,0.009470472239025085,0.008946691480682611,0.010717369961446677
2024-04-08,0.0005592536868064268,-0.0011625372102959108,0.004330133635196409,-0.0032118564652113823,-0.006321376492363973
2024-04-09,0.0011567319533956066,0.005043449502782682,-0.0057484301123786885,0.003572517893956517,0.0003078039824893075
2024-04-10,-0.010013105546115564,-0.012255783492704175,-0.014936238957759529,-0.011726264788523011,0.0030771767111643644
2024-04-11,0.007546863400431425,0.019979561084801256,-0.0070922615751886076,-0.004096192742834792,-0.0007157298471660578
2024-04-12,-0.013803029362475683,-0.016187778527301133,-0.013300276300682312,-0.014892671325916873,-0.016270960298923942
2024-04-15,-0.012528044771019098,-0.018985406454852916,-0.004992381496348619,-0.002015549042839626,-0.009362303284258355
2024-04-16,-0.001823849648584619,0.00119090072615613,-0.006774090643350439,0.0003604054378227861,-0.008715814186387338
2024-04-17,-0.005918300011035549,-0.014423108996608924,0.0025259749538395493,-0.0017302829695029498,-0.0028602073650340065
2024-04-18,-0.0020577685411425906,-0.011415750709414363,0.0035273751023852107,-7.236320834647092e-05,-0.003080757622699437
2024-04-19,-0.00872833577995269,-0.02060218016011328,0.01380875114563307,0.0037564032333121666,0.012041783352305657
2024-04-22,0.009209198134285668,0.008933607417402012,0.012134459430460653,0.0038144430921072114,0.006528383567570684
2024-04-23,0.01186670029957293,0.014826375310321493,0.006361732011531895,0.01304826617481103,0.0055445638567519495
2024-04-24,-0.00047465236734567373,0.0045655664169326204,-0.0002430244916281632,-0.0031139270099457272,0.0007281648966226406
2024-04-25,-0.0037990221536245983,-0.0021714306785951543,-0.005836597728666293,-0.006673240016078497,0.004574290057612895
2024-04-26,0.009474079381681655,0.01128533513225971,-0.0014676434733031929,0.0002858247573633843,-0.009210433285842146
2024-04-29,0.0035414269005387133,0.0043038203421919,-0.001469897326719094,0.003358019210361496,0.006789126958111513
2024-04-30,-0.015841287638964863,-0.022024103384976734,-0.009813676134353355,-0.0007120233518375096,-0.029774709913166664
2024-05-01,-0.0032471503538188395,-0.01024105445836132,0.0,0.0017814396824924472,-0.0159324231485789
2024-05-02,0.00935338761440474,0.01441378215678224,0.0024778814382686587,-0.0007112636170957254,0.005758955430270829
2024-05-03,0.012395395370112805,0.02785943081969844,0.0022243176056635505,0.002491533064068907,0.00010823940857918046
2024-05-06,0.010326856840222387,0.011750144687495911,0.012823771685986696,0.004047387719010809,0.007885666246322032
2024-05-07,0.0011033626837353427,-0.00326940333426895,0.003408850823943377,0.008274465820409471,-0.0009644966881370287
2024-05-08,9.666357929050129e-05,0.0028395302235872943,0.003639822702814488,-0.003436967125836965,-0.0011801333670229397
2024-05-09,0.005761804451573038,-0.0002929752776146266,0.007495013346421109,0.008586741079287918,0.013426371456021657
2024-05-10,0.001288289280531929,0.0037115033333721126,0.003839897168213202,0.002023711550033669,-0.00551133458481623
2024-05-13,0.00013430745552001078,0.004719135596169988,-0.004063977588572576,-0.0009750938747258298,-0.002664470065636082
2024-05-14,0.004588281996710464,0.008861499282999397,0.005040386295372512,0.004252367626093045,0.001282264404706135
2024-05-15,0.01238294434613385,0.022511463844797186,0.007404099054963531,0.01485498057109913,0.0022414387452418527
2024-05-16,-0.0020577575341174104,-0.0034738635938615925,0.0,-0.0011629279894301847,-0.002768796144603347
2024-05-17,0.0014375435634979006,-0.0022138878941041495,0.007349400510880955,0.0019174940258093187,0.013988260760109839
2024-05-20,0.001152054091964505,0.011755228766189951,-0.013650299580784786,-0.002118803364170474,-0.006529071210397586
2024-05-21,0.0024527034785439827,0.0016333231712357676,0.006442460197473965,0.001712365019070905,-0.004876038483139888
2024-05-22,-0.0028795143258492084,0.002236003930016217,-0.005689921861027014,0.0017777199727955217,-0.019173376432200517
2024-05-23,-0.007303926289236817,-0.008134245798292694,-0.013829214658365174,-0.010920576572513996,-0.009122514152480998
2024-05-24,0.006616393611422522,0.008435209357322782,0.006044402549364003,-0.0033814670708135486,0.0014249555862955177
2024-05-28,0.0006986330659797257,0.004228914400575157,-0.011055005776404836,-0.012117361288476514,0.010287560376490035
2024-05-29,-0.007002393996021206,-0.006339711968082029,-0.008019363435685989,-0.007780279839868065,-0.017657707449620474
2024-05-30,-0.006633697151315676,-0.0228193475523758,0.00538936563761272,0.0004945944532637192,0.002867149475438424
2024-05-31,0.009108093164282405,0.0015727120523494342,0.0146198911975437,0.01461561241531295,0.02485139311550788
2024-06-03,0.0008153592768926909,0.0025218109482489925,-0.006243712013736968,0.00702847128184958,-0.02618019221156509
2024-06-04,0.0011180085718740518,0.002088463590305345,-0.004591952287122947,0.002902312155633968,-0.009585537707949787
2024-06-05,0.01188482258593182,0.022213834287931,0.0029134836529500774,0.004547624563267183,-0.00011127217173201309
2024-06-06,-1.8405780399799454e-05,-0.0033361221569250255,-0.00048402664296709474,0.0032923413405909763,0.005229098076508842
2024-06-07,-0.0012156245207961547,0.002324502339067447,0.004601388151236785,0.0010937735534375381,-0.003984497217670135
2024-06-10,0.0030895357339006946,0.002550893548272981,-0.003857200313456377,0.003687899040678566,0.007556461817155746
2024-06-11,0.0024085729892517893,0.018598234908067335,-0.011374596308166951,-0.0041505210180322605,-0.001985307603419084
2024-06-12,0.008212757259341785,0.02211920066300821,-0.0009792441410362285,-0.002118079378428117,-0.010719391479672491
2024-06-13,0.002013394066687768,0.007909776586434214,-0.0007350804496653041,-0.0008214844502946184,-0.009159743578058599
2024-06-14,0.0006086168451322482,0.0037474959454590895,-0.0031879822401548186,-0.0003427023782458516,-0.007440919135313306
2024-06-17,0.007958827233005561,0.01515344465598023,0.008856171627911635,-0.001028242271829738,0.0026124798320688036
2024-06-18,0.0025406055795478277,0.0012547982057558027,0.0063399172107561075,0.0013037300536971053,0.004191609042018873
2024-06-20,-0.0027164444541963872,-0.011235507342785889,0.005330792974705734,0.0032892996626947557,0.018388978774831477
2024-06-21,-0.0013407223559952497,-0.0017480148550159669,-0.0038563654673652303,0.002800705552157501,-0.005760525382275228
2024-06-24,-0.003250854653142121,-0.024516618557013814,0.010275311800160614,0.005832912426739112,0.025214852533355536
2024-06-25,0.0038511004525587644,0.018343726315475095,-0.007453855755283567,-0.0031271680290329007,0.002300428133010124
2024-06-26,0.001248271084342223,-0.0011478465807652771,-0.006298471257140448,-0.003546275323327186,-0.009837098564446367
2024-06-27,0.0015762324036823205,0.00048618021475888007,-0.0012188480788069,-0.001642908272917909,0.0023182193362745185
2024-06-28,-0.003935179996862104,-0.0005302261304253042,0.003417131302723142,-0.0008224270821189927,0.0038545837084500434
2024-07-01,0.0020582538182398746,0.007558723778419818,0.002189218995549469,-0.005626205257530881,0.0005486677866479717
2024-07-02,0.006729776870987747,0.005001232471497641,0.011650488587348518,-0.0036567259790198925,-0.0007676602171030611
2024-07-03,0.004462520213184051,0.013488912223100558,-0.003118918239152779,-0.007617809631519035,0.004389413827500688
2024-07-05,0.005766484349109424,0.0030581021446827172,-0.0002406601298845512,0.007746032473594733,-0.015623340809125752
2024-07-08,0.0011540968862364664,0.006827455057008658,-0.0026479933314565995,-0.001107910698877057,-0.006104326721958819
2024-07-09,0.0009722845457502682,-0.000810313682029884,0.007723714277145133,0.004852718026697067,-0.008821915943508563
2024-07-10,0.009895394053725859,0.014512501521971144,0.0038323991481714614,0.00945138174416904,0.006759833194212472
2024-07-11,-0.00862278725723753,-0.02503362656127961,0.007873847309173065,0.0070392708069517695,0.010407334670486934
2024-07-12,0.006307739308701876,0.008932868988364762,0.0033145774756186963,0.006243728732339138,0.0025472452291241954
2024-07-15,0.002750064461609192,0.0017964256974682957,0.014629448359366748,-0.00350705052078093,0.015134842511290492
2024-07-16,0.005930114860369873,-0.003330170691029588,0.011395430159542475,0.014280830543883294,0.004461977632538527
2024-07-17,-0.014021126594645938,-0.03889657253002543,0.007587969735280975,0.004537460069645505,0.009967536764035723
2024-07-18,-0.00768475421990622,8.921220665292218e-05,-0.0120950500728505,-0.022718131072103076,0.0018235582312933207
2024-07-19,-0.006640753333208238,-0.015643231462448615,-0.010163975375308554,0.005097943929807336,-0.010921868606909024
2024-07-22,0.010310082054099778,0.023679088388765646,0.005601164390293123,0.005748421893484457,-0.006279217182947772
2024-07-23,-0.0015687320587394193,-0.003980580912760989,0.0018563816026313518,-0.0006053712203846207,-0.015905869253979632
2024-07-24,-0.02266253442422783,-0.04138531793743705,-0.013666846468425642,0.008342865932840615,0.00011083765558206338
2024-07-25,-0.0052103090560375875,-0.010700463568474206,0.003757694935677014,-0.005004295265641723,0.017267978268151962
2024-07-26,0.01119966931668226,0.012689071291391185,0.015676112508100637,0.005633105775667335,0.003155665682661901
2024-07-29,0.0005878019729350648,-0.004438736545347655,-0.001382181587808562,0.0006000496759848151,-0.008569198363750363
2024-07-30,-0.00506655567459402,-0.025125476757885012,0.011534001207307076,0.000866335565763432,0.015535931994099084
2024-07-31,0.01625473240430919,0.04235159691366608,-0.002508587934458739,-0.0036622064770368556,0.00420180537897985
2024-08-01,-0.0141609832922176,-0.037294296179338216,-0.014174578515436909,0.010225242137355428,-0.026499359314663296
2024-08-02,-0.018618371424376612,-0.028104893986633295,-0.024582613801532593,-0.001984530916284255,-0.025787923274338986
2024-08-05,-0.029123751439333545,-0.03331383951183364,-0.029006301051309524,-0.02671356091360888,-0.022058924246623812
2024-08-06,0.009219487047082087,0.013592826722187645,0.01616076479915085,0.004631095289630016,0.0061308089529983345
2024-08-07,-0.006683925516912881,-0.016202255793548392,0.0012048451907527014,-0.010168824254381481,0.00402405651430926
2024-08-08,0.023117361125918112,0.03734666955504751,0.01612517506533928,0.022121948742870545,0.021527423647428767
2024-08-09,0.004409692610797711,0.0044942848775020305,0.004263324752541653,0.004958449301503798,0.002241850586169658
2024-08-12,0.000525405070076923,0.008169948262802595,-0.005188661047417886,-0.0038004744592324835,0.004921129946624969
2024-08-13,0.016445611346070477,0.03072698926923656,0.008297670165909654,0.012114177814102733,-0.009682813160398873
2024-08-14,0.003154549406154672,0.0054754978032454105,0.012226798160798191,0.0035708218570340566,0.005843969921186298
2024-08-15,0.01714039684358104,0.028764191424669683,0.009291355570269166,0.006260283205220096,0.011955356933692984
2024-08-16,0.002241993650433649,0.0016739633403635157,0.00736491020559793,0.00104748722486403,-0.0011040935445835176
2024-08-19,0.009561318466884128,0.01648613466665738,0.0054831638974151,0.006083549338927963,0.00674263944471476
2024-08-20,-0.001625837439702349,-0.003510401364604787,-0.0031810029357468572,0.004031312585029312,-0.02635049087466801
2024-08-21,0.00343634733544973,0.0058860859525566855,-0.0015957114504105974,0.0016837395767042018,0.0016914826544676131
2024-08-22,-0.007848402853028458,-0.023007492389338635,0.005707616211759525,0.0006464564885173552,0.0025891112233731306
2024-08-23,0.010625273593212858,0.016198620556654664,0.008626694290131853,0.004328552122165652,0.014933919173317323
2024-08-26,-0.0023838081109496256,-0.012546978676335696,0.0031511097163212654,-0.0005145629647927974,0.00896110050571175
2024-08-27,0.0013730708321384455,0.0060593689096677394,0.00516039146349212,0.0015448901249996982,-0.009320277198851978
2024-08-28,-0.005805074553067668,-0.013798480488688147,0.0024553923883801065,0.0011565252049032804,-0.006419425684016877
2024-08-29,8.930518884420202e-05,-0.009023743221529101,0.008906630841099439,0.0021183198331533593,0.01303324046184251
2024-08-30,0.009546185515074246,0.013290983070359585,0.009490244329792397,0.006917596367116641,0.0037388236972024647
2024-09-03,-0.020579137680261428,-0.045930950590342134,-0.0074333236448328455,-0.0019082807875627772,-0.024868465883570834
2024-09-04,-0.002046831078605038,-0.002568959510418023,0.0011011720198026431,-0.0017207262936216328,-0.013818679352224361
2024-09-05,-0.0024321808589056193,-0.0015261499859458016,-0.011000991989164044,-0.013726836656188124,-0.007746742071733426
2024-09-06,-0.016829864839286723,-0.02593758163336146,-0.01468301713222786,-0.0034307684099472713,-0.012514303180400366
2024-09-09,0.011195904039072557,0.016378991859997916,0.014901820822668332,0.007015206177319877,0.007208396177203147
2024-09-10,0.004355801507269996,0.01495714028634243,-0.010233445695983279,0.004579958462713085,-0.017199620152267392
2024-09-11,0.010258963429025103,0.03413195049376805,-0.004720245031687331,-0.0029537846005172064,-0.009278865353939292
2024-09-12,0.008423348039961365,0.008274284127251175,0.002258315567076785,0.003606392283802995,0.00901016426610135
2024-09-13,0.0052225591579178055,0.005015167809137244,0.0029291686096257763,0.0020534047339049177,0.005639728976004177
2024-09-16,0.0014770382037720964,-0.003810670002115102,0.01303074268307225,0.0069160269098267335,0.011449963473522784
2024-09-17,0.0004085115150294083,-0.0019580205348467272,0.00532299483362797,-0.010302735811609232,0.01351500533480876
2024-09-18,-0.002965714357998861,-0.009125430700950732,-0.0030888057681764947,-0.0016707562163048584,0.001937638243125317
2024-09-19,0.017064378832593485,0.02970029536445007,0.011064547296699923,0.0036045351265592274,0.01194399591997053
2024-09-20,-0.001728712126973564,-0.004874356363194332,-0.0006566473582508836,-0.004104702210102729,-0.00224824226753928
2024-09-23,0.0024989046670664816,-0.00018461109659828612,-0.0012090078187213527,-0.001958618664409606,0.012347737348362253
2024-09-24,0.002861268497158287,0.006844158353931151,-0.008362503688147949,-0.0020076982482307715,-0.0024686563576267195
2024-09-25,-0.002205574021654777,0.0028621255111738186,-0.005992101190733901,-0.009734558084445566,-0.019572462827969206
2024-09-26,0.003964581671726419,0.013244013746896988,0.005135120453804598,0.0033423163475980733,-0.01961909595211775
2024-09-27,-0.0014501815720059374,-0.009330019985388183,0.0028876234861319183,-0.0005224719447464166,0.020362783532518414
2024-09-30,0.004007197783506555,0.0029319397544937953,0.0037652036694031388,0.006535084315129502,0.0069963006492952395
2024-10-01,-0.008958496969196927,-0.02436215627286553,-0.005295601795919258,-0.005259080600527155,0.022778862189701377
2024-10-02,0.00042240240050750444,0.007400416481653904,0.0011090659120278623,-0.0020234973340207407,0.010245038479479218
2024-10-03,-0.0018285060802015751,0.004146171801418408,-0.005317983408051452,-0.009025433995225263,0.017636652964669652
2024-10-04,0.00908742566416687,0.011130575354992178,0.016930272292158044,0.000792035912272393,0.00931548473653021
2024-10-07,-0.00904048416232972,-0.0068800394482418925,-0.012267195396875041,-0.004418467332408804,0.0035415531539613188
2024-10-08,0.009457552416897164,0.018682443929550985,0.005766194085117471,0.005431494163647077,-0.02609343983505852
2024-10-09,0.006926483704299491,0.011188110855823163,0.009261259100654229,0.010211515817413419,0.006039227320173257
2024-10-10,-0.0017499289570287457,-0.00026027481836787825,-0.0030587584126984257,-0.0037172352920176177,0.0067671904046018305
2024-10-11,0.005988017478069985,0.001736018646711024,0.019285434249623368,0.007331437936958007,0.006179416282051431
2024-10-14,0.008178456240884868,0.013041058032527975,0.006235329349135954,0.005523469198647657,-0.0004309221464716684
2024-10-15,-0.007769709751462295,-0.02198282785046679,0.002136945865182316,-0.01221419163641646,-0.032230312760021196
2024-10-16,0.0043464144766458546,0.003104734811598009,0.01236653667887122,0.0028130987444587863,0.004789426471813352
2024-10-17,8.589743781750592e-05,0.003051642703427282,0.0027380121508624455,-0.005806329850890135,0.004766597204979295
2024-10-18,0.003846548369420555,0.003563834855149217,0.0002100918651986028,0.00485628613698319,-0.0033096470533835465
2024-10-21,-0.0016422800212634314,0.004677154495449587,-0.007979921641416476,-0.011755008403625533,-0.002988742987285131
2024-10-22,-0.0005311797270139973,-0.0010346102342350116,-0.0019051388322961493,-0.00145362918734393,0.002331566157417919
2024-10-23,-0.009137366756745813,-0.01432572254585196,-0.0008483999807884501,-0.0046986927856910166,-0.005206077664683173
2024-10-24,0.002162910365631987,0.0029330664913216342,0.0008491203744978026,-0.006582302576943255,-0.00011137402520799977
2024-10-25,-0.00034551232929502795,0.005194231207013678,-0.011028618085228592,-0.0054884145694986675,-0.0003340695369061786
2024-10-28,0.0030916453394413956,-0.00030385782961428465,0.012438396379675254,0.001480539977331885,-0.006349532141863401
2024-10-29,0.0016182720393584926,0.01346521427718117,-0.0061427917116503306,-0.0027551138954126086,-0.015246655086242344
2024-10-30,-0.0030253159284875375,-0.015900876206329073,0.0044756412853546035,-0.0018869384553413804,0.002276977759116283
2024-10-31,-0.019603193652644957,-0.03209792425008051,-0.013791643795451947,-0.008439040828275401,0.006247074416052767
2024-11-01,0.004220588805548209,0.007514356878572492,0.003442349496675101,0.005923823790341176,-0.006321289532510765
2024-11-04,-0.002154001685066964,-0.0007591539640112721,-0.007718673848081226,-0.006565589615246004,0.017494108795892638
2024-11-05,0.012091924203754711,0.0140789277943687,0.009291198491885089,0.007358377360698887,0.006698636840315908
2024-11-06,0.024865377121195964,0.028471876589321488,0.060800715443646514,0.0012851590042470828,0.03759566987527552
2024-11-07,0.007732378960130459,0.017441602347084473,-0.016145348781124613,0.007227776764769711,-0.00459592451446611
2024-11-08,0.004331606609927707,-0.0010950365636630544,0.009025784879861387,0.007175488894534121,0.006657380853800854
2024-11-11,0.0009529898599045517,-0.005523762906250118,0.014230390163297857,-0.005859356996871901,0.005653285178903067
2024-11-12,-0.003106439748114198,0.001271949778279824,-0.003006573232145149,-0.01393160034655938,-0.005303395515328768
2024-11-13,0.0004857686482722112,-0.0034723811218669853,0.0006032067630994398,-0.0026491678195936785,0.007784231763165339
2024-11-14,-0.006430102156933848,-0.0033993829868648184,-0.0026120315616479095,-0.0157322775510379,0.0038091350845603777
2024-11-15,-0.012808639480448747,-0.02481552215620675,0.004633322383547078,-0.01854448876964021,-0.0014757327348615679
2024-11-18,0.0040973033512390344,0.0032353648743772556,0.0030078573851675117,0.0007052407517140757,0.013300883327856727
2024-11-19,0.0036554745910837294,0.008193614652654668,-0.006597426417026209,-0.005143000140305998,-0.006354822837125074
2024-11-20,0.00033882773833160407,-0.0008645572704381044,-0.003018674465625204,0.01182635284199196,0.010065070107416973
2024-11-21,0.005368247246335223,0.010167288148424491,0.012716899783731028,0.008048646169381612,0.008096342239332088
2024-11-22,0.0030994993753996614,0.0005139708759962502,0.011162156218645691,0.0009027960793792644,0.001544452299951704
2024-11-25,0.0033918958708469837,-4.2764906985293116e-05,0.006505013914712032,0.008531944460357765,-0.01973891857344956
2024-11-26,0.0052215902593417685,0.0050088559482359685,0.00195858105579072,0.005364808956582312,-0.0013633163752826416
2024-11-27,-0.0030300883971953185,-0.013545701144947686,0.0019545227689037326,0.005336288982029647,-0.0010501235499220662
2024-11-29,0.006212050385417278,0.009283973695185965,0.0015607514873190453,0.0031305052665902,0.004310235986416
2024-12-02,0.0017924309359995672,0.009498091985084223,-0.00993378974334358,-0.0017639776554293496,-0.010572623444090046
2024-12-03,0.00046394547237316175,0.0036024720213190253,-0.007475899300815714,-0.0022424892325345613,-0.00010573890216925008
2024-12-04,0.0062095099785566266,0.018285460419674715,-0.003766182329323464,-0.000544819871943214,-0.024124408492448124
2024-12-05,-0.0016457394823613525,-0.005059442940211767,0.0029845175521063805,-0.011176235692022418,0.003903212494894115
2024-12-06,0.0018957972729021222,0.0038763866786317713,-0.00019826697102320878,-0.0056513320656286226,-0.016956537105487945
2024-12-09,-0.005149877504406208,-0.00651871988387831,-0.01369051889938222,0.002910958829432264,-0.001647781848135077
2024-12-10,-0.0031089913624822163,-0.01387567151933311,-0.00020113770484697646,-0.004146504611412749,-0.006823042697058579
2024-12-11,0.007730637008498853,0.01449456604050714,0.002012018188335407,-0.013601735024123762,0.0016619296298858721
2024-12-12,-0.00515253763170509,-0.005597967293635042,-0.0044177406355982995,-0.007949887619882134,-0.008075190841804525
2024-12-13,-0.000198618165903941,0.0042851775525167835,-0.0008067394710383757,-0.00014178911084172796,-0.0050183977656620415
2024-12-16,0.004270056430311087,0.00999791695284391,-0.0018166886710785368,-0.011915656206256453,-0.0219681532017042
2024-12-17,-0.004119991056842687,-0.006047062034170048,-0.007077864111315835,-0.0007178225619862699,-0.007448926489651342
2024-12-18,-0.029803561159425507,-0.03225262270696827,-0.029938885089765277,-0.013576671105289373,-0.029557827035290862
2024-12-19,-0.0003071527492615189,0.0010764454147380587,0.003569157086672936,-0.00757367823196986,-0.008685368820109951
2024-12-20,0.012011119986430563,0.014925256349012983,0.014853460425060971,0.012621128365189804,0.009841714949156533
2024-12-23,0.005988208201289202,0.010595403253194524,0.0024014785237924663,0.00998703815519808,0.0058725009014131135
2024-12-24,0.011114993282984376,0.010333165587698367,0.011772120394096586,0.004108220458847622,0.0084593372409687
2024-12-26,6.648855168323031e-05,0.0006652292186897224,0.0024494759257105425,0.0020098499620757604,-0.0008270616693557553
2024-12-27,-0.010526378817907966,-0.013295100195087728,-0.007330471962535556,-0.004656424626440003,-0.00011823596477189557
2024-12-30,-0.011411689511399481,-0.012716376255315742,-0.009641111593581941,-0.012306471671819863,-0.00011806089749344384
2024-12-31,-0.003638135921821828,-0.008316613021192243,0.0010356846993402335,0.0024046484545221514,0.013128333735266784
