Date,SPY,XLK,XLF,XLV,XLE
2020-01-02,296.1252746582031,44.24143600463867,27.54647445678711,91.9007797241211,23.188854217529297
2020-01-03,293.8829345703125,43.744014739990234,27.253999710083008,91.09992980957031,23.119953155517578
2020-01-06,295.0041809082031,43.84823989868164,27.236268997192383,91.66683959960938,23.29985809326172
2020-01-07,294.1746826171875,43.82928466796875,27.059009552001953,91.48686981201172,23.238615036010742
2020-01-08,295.7425231933594,44.298282623291016,27.236268997192383,92.08075714111328,22.855831146240234
2020-01-09,297.74786376953125,44.80043029785156,27.4046688079834,92.47667694091797,23.02425765991211
2020-01-10,296.8910217285156,44.69620132446289,27.200817108154297,92.50370025634766,22.894113540649414
2020-01-13,298.9327392578125,45.25520706176758,27.38694190979004,92.17974090576172,22.901769638061523
2020-01-14,298.4770812988281,45.04204177856445,27.333759307861328,92.73764038085938,22.905595779418945
2020-01-15,299.1514587402344,45.094146728515625,27.183090209960938,93.53851318359375,22.737171173095703
2020-01-16,301.6399841308594,45.70051574707031,27.422391891479492,94.0244140625,22.77545166015625
2020-01-17,302.5788269042969,46.00843048095703,27.502164840698242,94.0244140625,22.62999153137207
2020-01-21,301.9863586425781,45.98948287963867,27.27172088623047,94.12338256835938,22.224245071411133
2020-01-22,302.0227966308594,46.155303955078125,27.35148811340332,94.24039459228516,22.0098876953125
2020-01-23,302.3692321777344,46.37320327758789,27.28058433532715,93.76347351074219,21.925676345825195
2020-01-24,299.6802062988281,46.155303955078125,26.934925079345703,92.19773864746094,21.673036575317383
2020-01-27,294.8764953613281,45.05623245239258,26.51835823059082,91.49585723876953,21.072078704833984
2020-01-28,297.9666442871094,45.918434143066406,26.828567504882812,91.94579315185547,21.167770385742188
2020-01-29,297.72039794921875,46.036869049072266,26.78424835205078,91.69383239746094,20.945756912231445
2020-01-30,298.68670654296875,46.43478012084961,27.121051788330078,91.0279541015625,21.114177703857422
2020-01-31,293.26312255859375,45.16046905517578,26.55380630493164,89.21026611328125,20.45579719543457
2020-02-03,295.441650390625,45.757354736328125,26.73993492126465,90.0201187133789,20.18785285949707
2020-02-04,299.94451904296875,46.955894470214844,26.996965408325195,91.60384368896484,20.260583877563477
2020-02-05,303.4083251953125,47.23065185546875,27.537614822387695,93.3675308227539,21.022314071655273
2020-02-06,304.4292907714844,47.6617431640625,27.502164840698242,93.44850158691406,20.80795669555664
2020-02-07,302.8067932128906,47.22591781616211,27.4046688079834,92.7196273803711,20.662500381469727
2020-02-10,305.06732177734375,47.865440368652344,27.484437942504883,93.21455383300781,20.55915069580078
2020-02-11,305.5959777832031,47.704376220703125,27.581928253173828,93.77244567871094,20.788816452026367
2020-02-12,307.5648498535156,48.220741271972656,27.599647521972656,93.88943481445312,21.068248748779297
2020-02-13,307.2367248535156,48.09283447265625,27.59079360961914,93.44850158691406,21.003177642822266
2020-02-14,307.72894287109375,48.30127716064453,27.626239776611328,93.52049255371094,20.892169952392578
2020-02-18,306.9359130859375,48.12125778198242,27.38694190979004,93.18756103515625,20.719921112060547
2020-02-19,308.40350341796875,48.6944694519043,27.59079360961914,93.6194839477539,20.99551773071289
2020-02-20,307.1365051269531,48.18758010864258,27.537614822387695,93.0166015625,20.972557067871094
2020-02-21,303.9734802246094,47.107479095458984,27.27172088623047,93.07059478759766,20.723745346069336
2020-02-24,293.8920593261719,45.16046905517578,26.385408401489258,90.13711547851562,19.766794204711914
2020-02-25,284.98651123046875,43.715599060058594,25.490236282348633,87.40159606933594,18.894052505493164
2020-02-26,283.938232421875,43.9145622253418,25.304115295410156,87.392578125,18.323707580566406
2020-02-27,271.1861267089844,41.54591751098633,24.222822189331055,84.42310333251953,17.343793869018555
2020-02-28,270.0467529296875,41.86331558227539,23.56694793701172,83.33428955078125,17.328479766845703
2020-03-02,281.7415771484375,44.28406524658203,24.772335052490234,87.23960876464844,18.028968811035156
2020-03-03,273.6745910644531,42.60233688354492,23.841705322265625,85.07098388671875,17.47776222229004
2020-03-04,285.17791748046875,44.43092346191406,24.630525588989258,89.97513580322266,17.89116859436035
2020-03-05,275.6980895996094,43.02869415283203,23.442869186401367,87.88751983642578,17.23661231994629
2020-03-06,271.14044189453125,42.11912536621094,22.645183563232422,87.41959381103516,16.2681827545166
2020-03-09,249.96588134765625,38.921478271484375,20.216705322265625,82.8753890991211,12.991576194763184
2020-03-10,262.9003601074219,41.517494201660156,21.404354095458984,85.7188720703125,13.607852935791016
2020-03-11,250.0844268798828,39.5562629699707,20.243295669555664,82.44347381591797,12.888224601745605
2020-03-12,226.15707397460938,35.69538116455078,18.05411148071289,76.28854370117188,11.280548095703125
2020-03-13,245.49038696289062,39.88312530517578,20.429418563842773,81.57959747314453,12.321708679199219
2020-03-16,218.62794494628906,34.37367630004883,17.62867546081543,73.53504943847656,10.645132064819336
2020-03-17,230.43206787109375,36.713897705078125,18.58588981628418,78.15121459960938,10.71785831451416
2020-03-18,218.76467895507812,35.33060836791992,17.008264541625977,75.5596694946289,9.17908000946045
2020-03-19,219.22952270507812,35.45851516723633,17.380516052246094,74.01195526123047,9.803013801574707
2020-03-20,209.78201293945312,33.83363342285156,16.760101318359375,71.16847229003906,9.89870834350586
2020-03-23,204.41819763183594,33.52458190917969,15.78493595123291,67.47206115722656,9.224027633666992
2020-03-24,222.93917846679688,36.95799255371094,17.742412567138672,72.6712417602539,10.703314781188965
2020-03-25,226.2766571044922,36.910369873046875,18.225074768066406,73.63874816894531,11.208150863647461
2020-03-26,239.48887634277344,39.19613265991211,19.369169235229492,78.53050994873047,11.893006324768066
2020-03-27,232.35557556152344,37.42465591430664,18.779245376586914,76.84869384765625,11.086834907531738
2020-03-30,239.90145874023438,39.00088882446289,19.136777877807617,80.44743347167969,11.200324058532715
2020-03-31,236.32565307617188,38.27230453491211,18.60942268371582,80.09477996826172,11.372516632080078
2020-04-01,225.68984985351562,36.44846725463867,17.474260330200195,77.04761505126953,10.808979034423828
2020-04-02,230.89773559570312,37.30086135864258,17.912242889404297,79.18154907226562,11.79908275604248
2020-04-03,227.56027221679688,36.72465896606445,17.554706573486328,78.4671859741211,11.67385196685791
2020-04-06,242.8446044921875,39.85805892944336,18.81499671936035,82.58135986328125,12.292181968688965
2020-04-07,243.09226989746094,39.50090789794922,19.00270652770996,81.90320587158203,12.55438232421875
2020-04-08,251.25244140625,40.562835693359375,19.833965301513672,85.27590942382812,13.391862869262695
2020-04-09,255.07583618164062,40.572357177734375,20.897613525390625,85.74608612060547,13.27054500579834
2020-04-13,252.74691772460938,40.662841796875,20.137861251831055,84.99562072753906,13.227497100830078
2020-04-14,260.201171875,42.36764144897461,20.227243423461914,87.81672668457031,13.16487979888916
2020-04-15,254.6724090576172,41.44379806518555,19.35129165649414,87.3646240234375,12.546555519104004
2020-04-16,255.90106201171875,41.94857406616211,19.01164436340332,89.27249145507812,12.010414123535156
2020-04-17,262.81427001953125,42.50572967529297,20.012725830078125,91.12614440917969,13.286199569702148
2020-04-20,258.18402099609375,41.82476806640625,19.664133071899414,90.40277099609375,12.871373176574707
2020-04-21,250.3446807861328,40.072349548339844,19.029521942138672,87.65398406982422,12.644392013549805
2020-04-22,255.90106201171875,41.615238189697266,19.2351016998291,88.99221801757812,13.094437599182129
2020-04-23,255.882568359375,41.32951736450195,19.1546573638916,89.48048400878906,13.517095565795898
2020-04-24,259.4493713378906,42.20572280883789,19.43174171447754,90.68307495117188,13.548401832580566
2020-04-27,263.19024658203125,42.5676383972168,20.09316635131836,91.84951782226562,13.841912269592285
2020-04-28,261.97991943359375,42.00095748901367,20.307682037353516,89.99589538574219,14.158903121948242
2020-04-29,268.83807373046875,43.72481918334961,20.897613525390625,90.5926513671875,15.207711219787598
2020-04-30,266.3351135253906,43.529571533203125,20.370250701904297,90.1767349243164,14.871153831481934
2020-05-01,259.2843322753906,42.334312438964844,19.717763900756836,88.45870208740234,14.02975845336914
2020-05-04,259.9994812011719,42.89622116088867,19.53900146484375,88.41352081298828,14.51502799987793
2020-05-05,262.40167236328125,43.48671340942383,19.476428985595703,90.33042907714844,14.526764869689941
2020-05-06,260.6228942871094,43.82481002807617,19.05633544921875,89.43525695800781,14.147162437438965
2020-05-07,263.76788330078125,44.48197555541992,19.50324821472168,89.42623901367188,14.51502799987793
2020-05-08,268.13226318359375,45.13435745239258,19.923343658447266,89.88736724853516,15.176401138305664
2020-05-11,268.187255859375,45.43437576293945,19.53900146484375,91.43357849121094,14.910285949707031
2020-05-12,262.8419494628906,44.49626159667969,19.029521942138672,90.04110717773438,14.648080825805664
2020-05-13,258.1932373046875,43.72956848144531,18.466407775878906,89.06454467773438,13.982794761657715
2020-05-14,261.2831115722656,44.28672790527344,18.940139770507812,90.04110717773438,14.13933277130127
2020-05-15,262.4842529296875,44.51054000854492,18.81499671936035,90.80064392089844,14.08454704284668
2020-05-18,270.4794006347656,45.60104751586914,19.780330657958984,91.55111694335938,15.235101699829102
2020-05-19,267.7012634277344,45.43437576293945,19.297670364379883,90.44799041748047,14.808533668518066
2020-05-20,272.2489929199219,46.429630279541016,19.726699829101562,90.55648040771484,15.399465560913086
2020-05-21,270.369384765625,45.78200149536133,19.664133071899414,89.88736724853516,15.152921676635742
2020-05-22,270.8829040527344,45.94865798950195,19.592628479003906,90.07725524902344,15.059000015258789
2020-05-26,274.22027587890625,45.90105438232422,20.61158561706543,89.91450500488281,15.47773551940918
2020-05-27,278.30035400390625,46.1629638671875,21.50541877746582,90.84583282470703,15.677328109741211
2020-05-28,277.7869567871094,46.072479248046875,21.165754318237305,92.03034210205078,15.239017486572266
2020-05-29,279.0246887207031,46.65345764160156,20.924423217773438,93.14252471923828,15.168575286865234
2020-06-01,280.1524353027344,46.63916778564453,21.165754318237305,92.22020721435547,15.43468952178955
2020-06-02,282.4721374511719,47.07726287841797,21.335588455200195,92.75372314453125,15.8651704788208
2020-06-03,286.2314453125,47.44395446777344,22.13109016418457,92.57288360595703,16.330873489379883
2020-06-04,285.4794921875,47.05345153808594,22.613750457763672,91.84048461914062,16.33478355407715
2020-06-05,292.79620361328125,48.29157638549805,23.45395278930664,93.3233642578125,17.547958374023438
2020-06-08,296.3354187011719,48.53445053100586,23.900861740112305,93.96533203125,18.338478088378906
2020-06-09,294.125732421875,48.76301956176758,23.391380310058594,92.98880004882812,17.649707794189453
2020-06-10,292.4845275878906,49.577327728271484,22.515432357788086,92.8441390991211,16.780921936035156
2020-06-11,275.6230773925781,46.734405517578125,20.67415428161621,87.68112182617188,15.199884414672852
2020-06-12,278.92388916015625,47.33917236328125,21.299833297729492,88.25077056884766,15.583395957946777
2020-06-15,281.52777099609375,47.79634094238281,21.594789505004883,88.44966125488281,15.630364418029785
2020-06-16,286.94659423828125,48.815406799316406,21.934450149536133,90.62883758544922,16.08041000366211
2020-06-17,285.75457763671875,48.80587387084961,21.603734970092773,90.53840637207031,15.532525062561035
2020-06-18,285.8646240234375,49.024932861328125,21.576915740966797,90.23097229003906,15.724285125732422
2020-06-19,284.23095703125,48.68682098388672,21.433900833129883,91.0989990234375,15.485564231872559
2020-06-22,286.0543212890625,49.6041259765625,21.327762603759766,90.7494125366211,15.557306289672852
2020-06-23,287.3712158203125,49.9622688293457,21.426708221435547,91.13986206054688,15.573161125183105
2020-06-24,280.0407409667969,48.8353385925293,20.671104431152344,88.76082611083984,14.709087371826172
2020-06-25,283.04290771484375,49.460880279541016,21.219818115234375,89.63250732421875,14.990504264831543
2020-06-26,276.3203430175781,48.48674392700195,20.311294555664062,88.54287719726562,14.47126579284668
2020-06-29,280.3814697265625,49.016788482666016,20.536174774169922,89.34194946289062,14.665486335754395
2020-06-30,283.9729919433594,49.895416259765625,20.815031051635742,90.86746215820312,15.002395629882812
2020-07-01,285.96221923828125,49.976600646972656,20.635128021240234,91.566650390625,14.637740135192871
2020-07-02,287.53704833984375,50.26787185668945,20.662113189697266,92.25676727294922,14.800249099731445
2020-07-06,291.9759216308594,51.14649200439453,21.057907104492188,93.19203186035156,14.843850135803223
2020-07-07,288.96441650390625,50.61168670654297,20.626129150390625,92.38389587402344,14.372176170349121
2020-07-08,291.1746826171875,51.437782287597656,20.84201431274414,92.39295959472656,14.360286712646484
2020-07-09,289.5169982910156,51.6240119934082,20.4012508392334,91.66653442382812,13.65079402923584
2020-07-10,292.4731140136719,51.60969543457031,21.102880477905273,91.44861602783203,14.086797714233398
2020-07-13,289.94061279296875,50.54005813598633,21.19283103942871,91.9661865234375,14.011482238769531
2020-07-14,293.6979064941406,51.12262725830078,21.300779342651367,93.79135131835938,14.502971649169922
2020-07-15,296.39617919921875,51.39958190917969,21.72355079650879,95.00812530517578,14.816105842590332
2020-07-16,295.4200439453125,50.76448059082031,21.72355079650879,94.85374450683594,14.748723030090332
2020-07-17,296.2764892578125,51.012794494628906,21.543651580810547,96.1522445678711,14.542613983154297
2020-07-20,298.6709289550781,52.316410064697266,21.444700241088867,96.13408660888672,14.300830841064453
2020-07-21,299.3062438964844,51.791141510009766,21.867475509643555,96.07052612304688,15.16490650177002
2020-07-22,301.0100402832031,52.20657730102539,21.867475509643555,96.93314361572266,14.97861099243164
2020-07-23,297.4183654785156,50.85043716430664,21.885467529296875,96.497314453125,14.950870513916016
2020-07-24,295.50286865234375,50.23446273803711,21.83149528503418,95.43488311767578,14.867632865905762
2020-07-27,297.6579284667969,51.027122497558594,21.651596069335938,96.1522445678711,14.8834867477417
2020-07-28,295.76995849609375,50.43023681640625,21.597618103027344,96.04328918457031,14.629815101623535
2020-07-29,299.4076232910156,51.160831451416016,22.002405166625977,97.05120086669922,14.935016632080078
2020-07-30,298.3393249511719,51.44733428955078,21.606616973876953,96.3792495727539,14.348395347595215
2020-07-31,300.6968078613281,52.73185348510742,21.615612030029297,95.82535552978516,14.281012535095215
2020-08-03,302.7873840332031,54.03068161010742,21.678579330444336,96.81510925292969,14.332537651062012
2020-08-04,303.9569091796875,54.16917037963867,21.588626861572266,96.38834381103516,14.681343078613281
2020-08-05,305.8447570800781,54.36972427368164,21.885467529296875,96.83328247070312,14.835920333862305
2020-08-06,307.8892517089844,55.13374710083008,21.8764705657959,96.3156967163086,14.717018127441406
2020-08-07,308.11029052734375,54.31241226196289,22.344226837158203,96.62443542480469,14.736833572387695
2020-08-10,309.0311279296875,54.15962219238281,22.506141662597656,96.29753875732422,15.192652702331543
2020-08-11,306.4803161621094,53.18549728393555,22.76700210571289,95.68915557861328,15.141125679016113
2020-08-12,310.7532653808594,54.393592834472656,22.704036712646484,97.2963638305664,15.291744232177734
2020-08-13,310.1915588378906,54.4174690246582,22.560108184814453,97.16925811767578,14.994467735290527
2020-08-14,310.2007141113281,54.379268646240234,22.650062561035156,96.97856140136719,15.137157440185547
2020-08-17,311.1861267089844,54.742183685302734,22.272262573242188,97.55062866210938,15.049962043762207
2020-08-18,311.85845947265625,54.947513580322266,22.12833595275879,97.52338409423828,14.85970401763916
2020-08-19,310.55987548828125,54.88065719604492,22.119346618652344,97.20558166503906,14.6892671585083
2020-08-20,311.52685546875,55.61125564575195,21.912450790405273,96.89684295654297,14.372176170349121
2020-08-21,312.6319885253906,56.31797409057617,21.867475509643555,96.9967269897461,14.281012535095215
2020-08-24,315.7998962402344,56.805030822753906,22.389202117919922,96.55178833007812,14.673409461975098
2020-08-25,316.9050598144531,57.091552734375,22.45216941833496,97.20558166503906,14.467303276062012
2020-08-26,320.0821838378906,58.25190353393555,22.344226837158203,97.0875244140625,14.162102699279785
2020-08-27,320.78204345703125,58.299659729003906,22.722023010253906,97.85028076171875,14.189848899841309
2020-08-28,322.85406494140625,58.81059646606445,22.811981201171875,98.06819152832031,14.443519592285156
2020-08-31,321.6844482421875,58.99683380126953,22.5421199798584,98.30429077148438,14.13039493560791
2020-09-01,324.71435546875,60.123756408691406,22.605091094970703,97.42349243164062,14.035266876220703
2020-09-02,329.41094970703125,60.65857696533203,22.92891502380371,99.37577819824219,13.96788501739502
2020-09-03,318.0745544433594,57.201377868652344,22.578107833862305,96.66981506347656,13.864831924438477
2020-09-04,315.4775390625,56.4039192199707,22.74901580810547,95.97972869873047,13.821226119995117
2020-09-08,306.8578186035156,53.85400390625,22.164321899414062,94.39971923828125,13.317845344543457
2020-09-09,312.9173583984375,55.61125564575195,22.389202117919922,96.07052612304688,13.409010887145996
2020-09-10,307.4840087890625,54.35539627075195,22.07436752319336,94.59950256347656,12.917519569396973
2020-09-11,307.6405944824219,53.93996047973633,22.22728729248047,94.9718017578125,12.929409980773926
2020-09-14,311.6925048828125,55.07166290283203,22.533123016357422,96.3338623046875,13.028501510620117
2020-09-15,313.2673645019531,55.616031646728516,22.22728729248047,96.46098327636719,12.933372497558594
2020-09-16,312.0242004394531,54.756500244140625,22.479158401489258,96.29753875732422,13.452610969543457
2020-09-17,309.27984619140625,54.30287170410156,22.24527931213379,95.97972869873047,13.472432136535645
2020-09-18,305.71917724609375,53.366943359375,22.200298309326172,95.83443450927734,13.321813583374023
2020-09-21,302.3166198730469,53.81057357788086,21.644052505493164,94.06401824951172,12.880247116088867
2020-09-22,305.3954772949219,54.66243362426758,21.46315574645996,93.86344146728516,12.747295379638672
2020-09-23,298.3131408691406,52.95872116088867,20.983789443969727,92.8970947265625,12.171170234680176
2020-09-24,299.1081848144531,53.255435943603516,21.029006958007812,92.43215942382812,12.167141914367676
2020-09-25,303.9439697265625,54.5284309387207,21.24608039855957,93.91815948486328,12.159082412719727
2020-09-28,308.9923095703125,55.571720123291016,21.752593994140625,94.7659683227539,12.445131301879883
2020-09-29,307.3094787597656,55.38507843017578,21.481243133544922,94.64747619628906,12.102679252624512
2020-09-30,309.6395263671875,55.84928512573242,21.770679473876953,96.16080474853516,12.066421508789062
2020-10-01,311.6273193359375,56.437931060791016,21.806854248046875,95.83260345458984,11.69576644897461
2020-10-02,308.66864013671875,55.00700759887695,21.97870635986328,94.95743560791016,11.808572769165039
2020-10-05,314.14227294921875,56.21299743652344,22.34050178527832,96.90837097167969,12.16311264038086
2020-10-06,309.6764831542969,55.34200668334961,22.1143741607666,95.6229476928711,11.981812477111816
2020-10-07,315.0669250488281,56.356590270996094,22.485212326049805,97.42800903320312,12.15102767944336
2020-10-08,317.85919189453125,56.64851379394531,22.792734146118164,97.90204620361328,12.60628604888916
2020-10-09,320.6977233886719,57.51471710205078,22.819860458374023,98.78636169433594,12.404844284057617
2020-10-12,325.8569641113281,59.08442687988281,23.0731201171875,99.4609603881836,12.437073707580566
2020-10-13,323.73046875,58.70636749267578,22.629926681518555,98.70429992675781,12.243687629699707
2020-10-14,321.69635009765625,58.395286560058594,22.412853240966797,98.12996673583984,12.296064376831055
2020-10-15,321.29864501953125,58.132080078125,22.58470344543457,97.41887664794922,12.445131301879883
2020-10-16,321.1044616699219,57.96457290649414,22.602800369262695,98.3852310180664,12.16311264038086
2020-10-19,316.2226257324219,56.90214920043945,22.25909423828125,96.82630157470703,11.905268669128418
2020-10-20,317.4893493652344,57.09836196899414,22.439990997314453,96.95393371582031,12.04627513885498
2020-10-21,316.8884582519531,57.01222610473633,22.322399139404297,96.47074890136719,11.816630363464355
2020-10-22,318.6265869140625,56.74422073364258,22.76560401916504,97.92940521240234,12.304122924804688
2020-10-23,319.70831298828125,56.682003021240234,22.83795738220215,98.2940673828125,12.243687629699707
2020-10-26,313.8001403808594,55.45207214355469,22.322399139404297,97.2000961303711,11.804545402526855
2020-10-27,312.7184753417969,55.729652404785156,21.915393829345703,96.53458404541016,11.651447296142578
2020-10-28,302.030029296875,53.365509033203125,21.3546199798584,93.471435546875,11.163955688476562
2020-10-29,305.09967041015625,54.255645751953125,21.517425537109375,92.70565032958984,11.506407737731934
2020-10-30,301.9190368652344,53.0544319152832,21.58073616027832,92.67831420898438,11.570870399475098
2020-11-02,305.30316162109375,53.18843078613281,21.987754821777344,94.34661102294922,11.965699195861816
2020-11-03,310.6934814453125,54.12643051147461,22.476165771484375,95.72322082519531,11.897208213806152
2020-11-04,317.6372985839844,56.23214340209961,22.2138671875,99.97151184082031,11.913321495056152
2020-11-05,323.83209228515625,57.97893524169922,22.756555557250977,100.17205810546875,11.913321495056152
2020-11-06,323.7582702636719,58.18471908569336,22.575660705566406,100.20853424072266,11.655474662780762
2020-11-09,327.82635498046875,57.763572692871094,24.429824829101562,101.14752960205078,13.319395065307617
2020-11-10,327.3455810546875,56.68678665161133,24.55645751953125,101.43925476074219,13.750480651855469
2020-11-11,329.7773132324219,58.031578063964844,24.456966400146484,101.31161499023438,13.60947036743164
2020-11-12,326.5781555175781,57.51471710205078,24.049951553344727,100.93785095214844,13.170324325561523
2020-11-13,331.0993957519531,58.002864837646484,24.447919845581055,102.21416473388672,13.649758338928223
2020-11-16,335.23236083984375,58.562782287597656,24.9906005859375,102.04094696044922,14.54819393157959
2020-11-17,333.4294128417969,58.23736572265625,24.954425811767578,101.37544250488281,14.697261810302734
2020-11-18,329.41668701171875,57.61521530151367,24.719261169433594,99.48831176757812,14.27020263671875
2020-11-19,330.8036193847656,58.07944107055664,24.80066680908203,99.41539764404297,14.503875732421875
2020-11-20,328.53826904296875,57.48122024536133,24.583595275878906,99.18750762939453,14.427328109741211
2020-11-23,330.5076599121094,57.46686553955078,25.04487419128418,98.93222045898438,15.446632385253906
2020-11-24,335.83343505859375,58.266082763671875,25.92221450805664,99.22393798828125,16.240314483642578
2020-11-25,335.3155822753906,58.3905029296875,25.831762313842773,98.85929107666016,15.861598014831543
2020-11-27,336.24951171875,58.70158386230469,25.75035858154297,99.77095031738281,15.676276206970215
2020-11-30,334.7608947753906,59.0940055847168,25.216720581054688,100.04442596435547,14.810066223144531
2020-12-01,338.4222717285156,59.85013961791992,25.60565185546875,100.88316345214844,14.878561019897461
2020-12-02,339.13427734375,59.75922393798828,25.886035919189453,101.63983154296875,15.36202335357666
2020-12-03,339.0417785644531,59.72093200683594,25.895076751708984,101.5121841430664,15.523172378540039
2020-12-04,341.9635314941406,60.31914520263672,26.21164321899414,102.59705352783203,16.369237899780273
2020-12-07,341.2608337402344,60.49143981933594,26.03074836730957,101.96800994873047,15.986495971679688
2020-12-08,342.2593688964844,60.687652587890625,26.02170753479004,102.74290466308594,16.22419548034668
2020-12-09,339.18975830078125,59.524715423583984,25.958391189575195,102.38735961914062,16.26045799255371
2020-12-10,339.07879638671875,59.61086654663086,26.003610610961914,102.21416473388672,16.76003646850586
2020-12-11,338.6811218261719,59.486427307128906,25.741315841674805,101.81304168701172,16.566650390625
2020-12-14,337.1649169921875,59.7017936706543,25.442840576171875,101.0472412109375,15.986495971679688
2020-12-15,341.7231750488281,60.697227478027344,25.876989364624023,102.14122772216797,16.300743103027344
2020-12-16,342.2593688964844,61.10879135131836,25.92221450805664,101.84038543701172,16.22016716003418
2020-12-17,344.17333984375,61.592140197753906,25.994571685791016,102.93437957763672,16.143617630004883
2020-12-18,342.7990417480469,61.376800537109375,25.768447875976562,103.01639556884766,15.873684883117676
2020-12-21,341.5733642578125,61.438194274902344,26.115812301635742,101.98567962646484,15.56748104095459
2020-12-22,340.9976806640625,61.97064208984375,25.861204147338867,101.6744155883789,15.306185722351074
2020-12-23,341.3041076660156,61.50056457519531,26.288583755493164,101.74765014648438,15.64505386352539
2020-12-24,342.6318664550781,61.90827941894531,26.32495880126953,102.04059600830078,15.563398361206055
2020-12-28,345.5754089355469,62.608619689941406,26.452266693115234,102.2968978881836,15.465413093566895
2020-12-29,344.9162292480469,62.31121063232422,26.361326217651367,102.78207397460938,15.363343238830566
2020-12-30,345.4083251953125,62.27764129638672,26.47954559326172,102.7637710571289,15.604228019714355
2020-12-31,347.1632080078125,62.3687744140625,26.806901931762695,103.84395599365234,15.473579406738281
2021-01-04,342.4369201660156,61.351844787597656,26.443172454833984,103.3953857421875,15.498074531555176
2021-01-05,344.79541015625,61.74998092651367,26.56138038635254,104.14601135253906,16.192140579223633
2021-01-06,346.85675048828125,60.685089111328125,27.734411239624023,105.5740737915039,16.68614959716797
2021-01-07,352.01019287109375,62.320823669433594,28.134517669677734,106.94718170166016,16.93111801147461
2021-01-08,354.015869140625,62.7237434387207,28.1163272857666,107.4598159790039,16.91070556640625
2021-01-11,351.6294860839844,62.20568084716797,28.20726776123047,107.96329498291016,17.17607879638672
2021-01-12,351.70379638671875,61.90827941894531,28.49824333190918,106.79158020019531,17.776243209838867
2021-01-13,352.6509094238281,62.3016242980957,28.480058670043945,107.08450317382812,17.63743019104004
2021-01-14,351.4158935546875,61.75477981567383,28.60736656188965,106.74578857421875,18.16002082824707
2021-01-15,348.8531494140625,61.12158966064453,28.134517669677734,107.0753402709961,17.453710556030273
2021-01-19,351.5924377441406,61.91787338256836,28.20726776123047,107.88089752197266,17.804824829101562
2021-01-20,356.45794677734375,63.1458740234375,28.089048385620117,108.47589874267578,17.870145797729492
2021-01-21,356.7828063964844,63.961326599121094,27.788970947265625,107.96329498291016,17.265897750854492
2021-01-22,355.5200500488281,63.716697692871094,27.58892059326172,107.64287567138672,17.17607879638672
2021-01-25,356.92218017578125,64.24913787841797,27.38886833190918,108.34774780273438,17.000524520874023
2021-01-26,356.364990234375,64.29232025146484,27.170629501342773,107.9449691772461,16.637161254882812
2021-01-27,347.6553039550781,63.07870864868164,26.37042236328125,104.6678237915039,16.41261100769043
2021-01-28,350.6452941894531,63.337730407714844,26.861461639404297,106.19654846191406,16.604496002197266
2021-01-29,343.6255187988281,61.84592056274414,26.32495880126953,105.2994384765625,16.053321838378906
2021-02-01,349.34527587890625,63.39531326293945,26.670499801635742,105.70222473144531,16.167640686035156
2021-02-02,354.2850341796875,64.25396728515625,27.316118240356445,106.00431823730469,16.343202590942383
2021-02-03,354.56365966796875,64.03327941894531,27.4707088470459,105.25367736816406,17.04134750366211
2021-02-04,358.59356689453125,65.0550308227539,28.0799503326416,105.69306945800781,17.22916030883789
2021-02-05,360.0049133300781,64.9111328125,28.089048385620117,105.88529968261719,17.376134872436523
2021-02-08,362.60491943359375,65.59227752685547,28.45277976989746,106.01345825195312,18.102859497070312
2021-02-09,362.3634033203125,65.51551818847656,28.461870193481445,106.16908264160156,17.910972595214844
2021-02-10,362.20556640625,65.4195785522461,28.461870193481445,106.36133575439453,18.253923416137695
2021-02-11,362.79058837890625,66.13911437988281,28.370939254760742,106.56269836425781,17.972211837768555
2021-02-12,364.5826416015625,66.47967529296875,28.66192054748535,107.3591079711914,18.23758888244629
2021-02-16,364.2669982910156,66.26383972167969,29.15296173095703,106.29723358154297,18.69485855102539
2021-02-17,364.3504943847656,65.67862701416016,29.298450469970703,106.68171691894531,18.97248649597168
2021-02-18,362.7998962402344,65.35723876953125,29.125682830810547,106.01345825195312,18.543800354003906
2021-02-19,362.1591491699219,65.26129150390625,29.471221923828125,104.73189544677734,18.85408592224121
2021-02-22,359.3735046386719,63.82223892211914,29.744014739990234,104.4847183227539,19.507322311401367
2021-02-23,359.8099060058594,63.64473342895508,29.925888061523438,104.3108139038086,19.82986068725586
2021-02-24,363.7747497558594,64.61852264404297,30.50785255432129,105.03398132324219,20.53209114074707
2021-02-25,355.00933837890625,62.35917663574219,29.953163146972656,103.98126220703125,20.136066436767578
2021-02-26,353.18017578125,62.69016647338867,29.380294799804688,103.08416748046875,19.658390045166016
2021-03-01,361.741455078125,64.70965576171875,30.298702239990234,104.42982482910156,20.168729782104492
2021-03-02,358.91851806640625,63.68312072753906,30.189594268798828,104.12771606445312,20.058496475219727
2021-03-03,354.1644287109375,62.08097457885742,30.426013946533203,102.80952453613281,20.35245132446289
2021-03-04,349.7817077636719,60.709075927734375,30.080469131469727,101.42726135253906,20.83829689025879
2021-03-05,356.2165832519531,61.85551071166992,30.653337478637695,103.45947265625,21.618101119995117
2021-03-08,354.4429626464844,60.35890197753906,31.044353485107422,103.20317077636719,21.6589298248291
2021-03-09,359.5035705566406,62.411956787109375,30.76246452331543,103.80732727050781,21.279232025146484
2021-03-10,361.741455078125,62.16250991821289,31.389904022216797,104.04534912109375,21.818153381347656
2021-03-11,365.4090270996094,63.49125289916992,31.298967361450195,104.67696380615234,21.826318740844727
2021-03-12,365.901123046875,63.035560607910156,31.61722755432129,104.90580749511719,21.87122917175293
2021-03-15,368.0832824707031,63.70711898803711,31.43536376953125,105.62899780273438,21.6221866607666
2021-03-16,367.6189880371094,64.18679809570312,31.10800552368164,105.56491088867188,21.00568962097168
2021-03-17,368.87249755859375,64.1340103149414,31.317150115966797,105.18041229248047,21.16899871826172
2021-03-18,363.5056457519531,62.354393005371094,31.480823516845703,104.96074676513672,20.217721939086914
2021-03-19,362.8330078125,62.16731262207031,31.117103576660156,105.3360595703125,20.221805572509766
2021-03-22,365.7301330566406,63.38972854614258,30.716140747070312,106.25279998779297,20.027877807617188
2021-03-23,362.8516540527344,62.995567321777344,30.2868595123291,105.1780776977539,19.734926223754883
2021-03-24,361.0069885253906,62.23125076293945,30.396459579467773,105.05864715576172,20.23005485534668
2021-03-25,363.0379638671875,62.192787170410156,30.907947540283203,105.49954986572266,20.304323196411133
2021-03-26,368.88824462890625,63.77428436279297,31.392026901245117,107.49291229248047,20.807701110839844
2021-03-29,368.7019348144531,63.44260787963867,31.118013381958008,107.99811553955078,20.56014060974121
2021-03-30,367.7237548828125,62.841739654541016,31.337223052978516,107.0244140625,20.382720947265625
2021-03-31,369.21429443359375,63.84158706665039,31.099742889404297,107.23570251464844,20.242433547973633
2021-04-01,373.2014465332031,65.12505340576172,31.48335838317871,106.9141845703125,20.758190155029297
2021-04-05,378.55810546875,66.47099304199219,31.729961395263672,107.65823364257812,20.2630672454834
2021-04-06,378.3344421386719,66.1873779296875,31.666025161743164,107.24488830566406,20.20942497253418
2021-04-07,378.7723083496094,66.53832244873047,31.82129669189453,107.00605010986328,20.27956771850586
2021-04-08,380.5702819824219,67.49970245361328,31.830429077148438,107.17137908935547,20.0155029296875
2021-04-09,383.3371276855469,68.14863586425781,32.10443878173828,108.3471908569336,19.883466720581055
2021-04-12,383.476806640625,67.82176208496094,32.24143981933594,108.45741271972656,19.7266788482666
2021-04-13,384.6133117675781,68.4610824584961,31.94003677368164,108.90750885009766,19.747304916381836
2021-04-14,383.2998352050781,67.73524475097656,32.131839752197266,108.89832305908203,20.29607391357422
2021-04-15,387.4173889160156,68.89852142333984,32.10443878173828,110.76307678222656,20.131031036376953
2021-04-16,388.71234130859375,68.8841323852539,32.3327751159668,111.58976745605469,19.970115661621094
2021-04-19,386.8025817871094,68.31208038330078,32.24143981933594,111.61735534667969,19.949481964111328
2021-04-20,383.9705505371094,67.70641326904297,31.638629913330078,112.0490951538086,19.42135238647461
2021-04-21,387.603759765625,68.38899230957031,32.077030181884766,113.37183380126953,19.668909072875977
2021-04-22,384.0637512207031,67.58625030517578,31.720823287963867,112.86661529541016,19.43785285949707
2021-04-23,388.2279357910156,68.59569549560547,32.314510345458984,113.61067962646484,19.61527442932129
2021-04-26,389.038330078125,68.94659423828125,32.44239044189453,113.22488403320312,19.747304916381836
2021-04-27,388.95458984375,68.77836608886719,32.6981201171875,112.57267761230469,19.986616134643555
2021-04-28,388.8427734375,68.1390380859375,32.825984954833984,112.2327880859375,20.67567253112793
2021-04-29,391.3207092285156,68.08135223388672,33.410545349121094,111.78268432617188,20.906726837158203
2021-04-30,388.74957275390625,67.1535873413086,33.11825942993164,111.45199584960938,20.37859344482422
2021-05-03,389.58807373046875,66.96614837646484,33.28266906738281,112.71964263916016,20.93973731994629
2021-05-04,387.1844787597656,65.76437377929688,33.54753494262695,112.83905792236328,20.952116012573242
2021-05-05,387.3056335449219,65.60574340820312,33.82154846191406,113.04115295410156,21.6287899017334
2021-05-06,390.3984680175781,66.2643051147461,34.323890686035156,113.18814086914062,21.740192413330078
2021-05-07,393.2398376464844,66.83151245117188,34.506561279296875,113.96891784667969,22.128042221069336
2021-05-10,389.3457946777344,65.1442642211914,34.47916030883789,114.11590576171875,22.13629722595215
2021-05-11,385.8710021972656,64.94719696044922,33.867218017578125,112.88500213623047,21.566896438598633
2021-05-12,377.673095703125,63.12054443359375,33.52013397216797,111.8194580078125,21.67005157470703
2021-05-13,382.2098388671875,63.95695877075195,34.059024810791016,112.82988739013672,21.405981063842773
2021-05-14,388.0788879394531,65.36541748046875,34.59790802001953,113.3993911743164,22.070274353027344
2021-05-17,387.0913391113281,64.88468170166016,34.661842346191406,113.18814086914062,22.581907272338867
2021-05-18,383.7563171386719,64.36553955078125,34.17774963378906,113.22488403320312,22.057897567749023
2021-05-19,382.7501525878906,64.5914535522461,33.967681884765625,113.03197479248047,21.50913429260254
2021-05-20,386.8677673339844,65.82685089111328,33.9859504699707,114.21693420410156,21.476119995117188
2021-05-21,386.5511169433594,65.46637725830078,34.323890686035156,114.23531341552734,21.52151107788086
2021-05-24,390.4916687011719,66.62962341308594,34.48828887939453,114.3455581665039,21.736066818237305
2021-05-25,389.6253356933594,66.64885711669922,34.14122772216797,114.00566101074219,21.294580459594727
2021-05-26,390.3984680175781,66.6440658569336,34.24169158935547,113.34429931640625,21.484378814697266
2021-05-27,390.6034851074219,66.29315185546875,34.634429931640625,113.09626770019531,21.50088119506836
2021-05-28,391.3021240234375,66.52869415283203,34.69837188720703,113.53719329833984,21.542142868041992
2021-06-01,390.9573669433594,66.20182037353516,34.908443450927734,111.67243957519531,22.371475219726562
2021-06-02,391.57220458984375,66.65847778320312,34.9632453918457,111.45199584960938,22.788211822509766
2021-06-03,390.1189880371094,66.03838348388672,35.04544448852539,111.79188537597656,22.850099563598633
2021-06-04,393.6870422363281,67.30741119384766,35.136775970458984,112.15011596679688,23.002765655517578
2021-06-07,393.30499267578125,67.29301452636719,34.908443450927734,112.55430603027344,22.90373992919922
2021-06-08,393.3888244628906,67.2978286743164,34.81710433959961,112.20525360107422,23.101789474487305
2021-06-09,392.8019714355469,67.34589385986328,34.48828887939453,113.28916931152344,22.957378387451172
2021-06-10,394.62774658203125,67.84101104736328,34.086421966552734,115.2273941040039,22.928495407104492
2021-06-11,395.27996826171875,68.24479675292969,34.30562210083008,114.40983581542969,22.850099563598633
2021-06-14,396.1649475097656,68.93699645996094,33.94941711425781,114.5108871459961,22.751073837280273
2021-06-15,395.43841552734375,68.51399993896484,34.01335525512695,114.5476303100586,23.184310913085938
2021-06-16,393.23052978515625,68.14383697509766,33.97681427001953,114.1067123413086,23.060531616210938
2021-06-17,393.1000061035156,68.93218231201172,32.97211837768555,114.9793701171875,22.276580810546875
2021-06-18,387.7969970703125,68.30245971679688,32.1775016784668,113.66577911376953,21.61640739440918
2021-06-21,393.34869384765625,69.03446960449219,32.928504943847656,115.03153991699219,22.537586212158203
2021-06-22,395.4516296386719,69.6605224609375,32.9835319519043,115.280517578125,22.68764305114746
2021-06-23,394.9750061035156,69.58346557617188,33.04771423339844,114.8010025024414,22.750167846679688
2021-06-24,397.31146240234375,70.02171325683594,33.460350036621094,115.39117431640625,22.94607162475586
2021-06-25,398.7227478027344,69.93982696533203,33.86381912231445,115.91680145263672,23.06694984436035
2021-06-28,399.5265808105469,70.67183685302734,33.616241455078125,116.0920181274414,22.287492752075195
2021-06-29,399.74163818359375,71.18711853027344,33.49703598022461,116.22112274169922,22.17912483215332
2021-06-30,400.0779724121094,71.11009979248047,33.64374923706055,116.1473617553711,22.454225540161133
2021-07-01,402.2931213378906,71.23048400878906,33.909664154052734,117.18019104003906,22.846038818359375
2021-07-02,405.3680725097656,72.1695556640625,33.872989654541016,118.30523681640625,22.796016693115234
2021-07-06,404.6297607421875,72.44406127929688,33.34114456176758,118.194580078125,22.0540771484375
2021-07-07,406.0596008300781,72.83895874023438,33.386993408203125,118.94153594970703,21.695602416992188
2021-07-08,402.7510986328125,72.1502914428711,32.71760940551758,118.28679656982422,21.570556640625
2021-07-09,407.0503845214844,72.81489562988281,33.66209030151367,118.6925277709961,22.029064178466797
2021-07-12,408.5084228515625,72.87266540527344,33.99219512939453,118.923095703125,21.9957218170166
2021-07-13,407.1158142089844,73.17124938964844,33.625404357910156,118.81242370605469,21.828990936279297
2021-07-14,407.7232971191406,73.71061706542969,33.469520568847656,118.70175170898438,21.178749084472656
2021-07-15,406.3306579589844,73.10380554199219,33.579559326171875,118.28679656982422,20.8828067779541
2021-07-16,403.14361572265625,72.38146209716797,33.121063232421875,118.60952758789062,20.29091453552246
2021-07-19,397.1899719238281,71.38457489013672,32.19492721557617,117.36461639404297,19.573978424072266
2021-07-20,402.8819274902344,72.44406127929688,32.99270248413086,118.79398345947266,19.836578369140625
2021-07-21,406.1437683105469,73.14234924316406,33.561214447021484,118.98763275146484,20.528499603271484
2021-07-22,406.99420166015625,73.68172454833984,33.19443893432617,119.86370086669922,20.299257278442383
2021-07-23,411.1813659667969,74.41371154785156,33.249446868896484,121.2469711303711,20.224224090576172
2021-07-26,412.19085693359375,74.3752212524414,33.442020416259766,120.463134765625,20.724411010742188
2021-07-27,410.31219482421875,73.67207336425781,33.43284606933594,121.02565002441406,20.532672882080078
2021-07-28,410.1440124511719,73.5805892944336,33.386993408203125,121.45904541015625,20.720247268676758
2021-07-29,411.8450012207031,73.9225082397461,33.753787994384766,121.75416564941406,20.920316696166992
2021-07-30,409.8449401855469,73.87434387207031,33.48786163330078,121.86479949951172,20.58685874938965
2021-08-02,408.98504638671875,73.60948944091797,33.49703598022461,122.03079986572266,20.432636260986328
2021-08-03,412.3123779296875,74.08143615722656,33.872989654541016,123.72758483886719,20.782764434814453
2021-08-04,410.2841796875,74.2307357788086,33.58872604370117,123.20197296142578,20.22005844116211
2021-08-05,412.8824768066406,74.64006805419922,34.02888488769531,122.69479370117188,20.449308395385742
2021-08-06,413.5648193359375,74.57745361328125,34.716609954833984,122.59330749511719,20.63688087463379
2021-08-09,413.228271484375,74.33666229248047,34.808311462402344,123.06365203857422,20.34510040283203
2021-08-10,413.7423095703125,73.80211639404297,35.17509078979492,122.77775573730469,20.703567504882812
2021-08-11,414.7703857421875,73.81175231933594,35.57856750488281,121.56048583984375,20.866134643554688
2021-08-12,416.013427734375,74.23552703857422,35.64274597167969,122.51953125,20.845287322998047
2021-08-13,416.7705078125,74.64006805419922,35.37682342529297,123.28496551513672,20.599365234375
2021-08-16,417.7519226074219,74.97716522216797,35.285125732421875,124.68666076660156,20.22005844116211
2021-08-17,415.013427734375,74.35591888427734,35.03754806518555,126.16209411621094,20.011640548706055
2021-08-18,410.4711608886719,73.3301773071289,34.60657501220703,124.24398803710938,19.594818115234375
2021-08-19,411.10662841796875,74.04772186279297,34.34981918334961,124.80652618408203,19.08629608154297
2021-08-20,414.37786865234375,75.0012435913086,34.560726165771484,125.5165786743164,19.127979278564453
2021-08-23,418.02294921875,75.96922302246094,34.84498596191406,125.5627212524414,19.84491539001465
2021-08-24,418.6864929199219,75.88253021240234,35.0558967590332,125.12006378173828,20.17420768737793
2021-08-25,419.56512451171875,75.83918762207031,35.46852493286133,124.77886962890625,20.328428268432617
2021-08-26,417.08831787109375,75.36243438720703,35.29430389404297,124.29010772705078,20.019983291625977
2021-08-27,420.8175048828125,76.08961486816406,35.761959075927734,124.15177917480469,20.55351448059082
2021-08-30,422.6680908203125,76.9083251953125,35.25761413574219,124.85261535644531,20.311758041381836
2021-08-31,422.0419006347656,76.50376892089844,35.21177291870117,124.68666076660156,20.17420768737793
2021-09-01,422.26611328125,76.5230484008789,35.010040283203125,124.7235336303711,19.87826156616211
2021-09-02,423.5653076171875,76.44117736816406,35.129241943359375,126.06068420410156,20.382619857788086
2021-09-03,423.4624938964844,76.74454498291016,34.90917205810547,126.19901275634766,20.26590347290039
2021-09-07,421.9483947753906,76.76383209228516,34.69826889038086,125.46125030517578,20.145030975341797
2021-09-08,421.4343566894531,76.47007751464844,34.6157341003418,125.40597534179688,19.8865966796875
2021-09-09,419.63055419921875,76.18111419677734,34.716609954833984,123.9581298828125,19.928281784057617
2021-09-10,416.3218994140625,75.42985534667969,34.45985412597656,122.82386016845703,19.919944763183594
2021-09-13,417.3873596191406,75.45392608642578,34.85415267944336,122.06768035888672,20.490991592407227
2021-09-14,415.135009765625,75.35760498046875,34.38650131225586,122.04924774169922,20.195045471191406
2021-09-15,418.60235595703125,76.01736450195312,34.716609954833984,122.84230041503906,20.949491500854492
2021-09-16,417.9388732910156,76.06073760986328,34.6157341003418,122.52877044677734,20.711904525756836
2021-09-17,413.86767578125,74.87604522705078,34.45985412597656,122.64865112304688,20.55768394470215
2021-09-20,406.9667663574219,73.51220703125,33.66046905517578,121.3687973022461,19.929916381835938
2021-09-21,406.5823059082031,73.54114532470703,33.61442565917969,121.55388641357422,19.9763240814209
2021-09-22,410.5484924316406,74.5494155883789,34.176212310791016,121.75746154785156,20.59227752685547
2021-09-23,415.5365905761719,75.54804229736328,35.01426315307617,122.63662719726562,21.313703536987305
2021-09-24,416.22113037109375,75.60112762451172,35.19844436645508,122.13689422607422,21.474021911621094
2021-09-27,415.0303649902344,74.8678207397461,35.67734146118164,120.39712524414062,22.23763656616211
2021-09-28,406.6667175292969,72.64867401123047,35.08794021606445,118.33340454101562,22.31357192993164
2021-09-29,407.3511657714844,72.5570068359375,35.11556625366211,119.26808166503906,22.31357192993164
2021-09-30,402.37237548828125,72.03600311279297,34.562992095947266,117.80593872070312,21.976064682006836
2021-10-01,407.154296875,73.12145233154297,35.13398742675781,117.83370208740234,22.714366912841797
2021-10-04,401.9036560058594,71.42811584472656,34.830078125,116.03838348388672,23.085622787475586
2021-10-05,406.0854187011719,72.446044921875,35.51156997680664,116.7324447631836,23.22062873840332
2021-10-06,407.77313232421875,72.91881561279297,35.54840087890625,116.51959228515625,22.975936889648438
2021-10-07,411.29864501953125,73.58457946777344,35.760223388671875,118.06505584716797,23.153127670288086
2021-10-08,410.5484924316406,73.30960083007812,35.93521499633789,117.47277069091797,23.86611557006836
2021-10-11,407.576171875,72.90436553955078,35.57603073120117,116.55662536621094,23.77752113342285
2021-10-12,406.5729064941406,72.5280532836914,35.46552658081055,115.99208068847656,23.79861068725586
2021-10-13,408.03564453125,72.97188568115234,35.262916564941406,116.17720031738281,23.77752113342285
2021-10-14,414.89910888671875,74.61698150634766,35.852317810058594,117.84294128417969,24.068620681762695
2021-10-15,418.058837890625,75.21517944335938,36.38645935058594,118.42597961425781,24.186750411987305
2021-10-18,419.2964782714844,75.85197448730469,36.395668029785156,117.62083435058594,24.203624725341797
2021-10-19,422.5312805175781,76.60458374023438,36.754844665527344,119.16630554199219,24.477853775024414
2021-10-20,424.1908874511719,76.39229583740234,37.04954147338867,120.86907958984375,24.67613983154297
2021-10-21,425.2973327636719,76.68659210205078,36.89298629760742,121.35954284667969,24.220502853393555
2021-10-22,424.85662841796875,76.4212417602539,37.40870666503906,121.85000610351562,24.448320388793945
2021-10-25,427.13507080078125,76.67211151123047,37.36266326904297,121.99809265136719,24.80692481994629
2021-10-26,427.51947021484375,76.88919830322266,37.390296936035156,122.59961700439453,24.950368881225586
2021-10-27,425.62554931640625,76.82166290283203,36.77326202392578,121.62788391113281,24.233158111572266
2021-10-28,429.7322692871094,77.59353637695312,37.22452926635742,122.64588165283203,24.406129837036133
2021-10-29,430.60430908203125,77.9264144897461,37.077171325683594,123.83967590332031,24.245811462402344
2021-11-01,431.34503173828125,77.81063842773438,37.0955924987793,123.69158935546875,24.663484573364258
2021-11-02,433.0889587402344,78.49567413330078,37.18769454956055,124.46894836425781,24.43144416809082
2021-11-03,435.7331237792969,78.9539794921875,37.32582473754883,125.20004272460938,24.228939056396484
2021-11-04,437.7864990234375,80.18899536132812,36.83772277832031,124.33939361572266,24.26268768310547
2021-11-05,439.30548095703125,80.60388946533203,36.856143951416016,122.95124053955078,24.5791015625
2021-11-08,439.6804504394531,81.03807067871094,37.058753967285156,123.68232727050781,24.80270767211914
2021-11-09,438.2271423339844,80.70518493652344,36.856143951416016,123.22888946533203,24.903955459594727
2021-11-10,434.70172119140625,79.3736801147461,36.791683197021484,123.58053588867188,24.245811462402344
2021-11-11,434.8423156738281,79.74515533447266,36.89298629760742,123.21961212158203,24.3386287689209
2021-11-12,438.1240234375,80.71482849121094,36.97587585449219,123.83039855957031,24.279563903808594
2021-11-15,438.2740173339844,80.63282012939453,36.97587585449219,123.06230926513672,24.48206901550293
2021-11-16,440.00872802734375,81.48189544677734,36.939029693603516,123.58053588867188,24.520042419433594
2021-11-17,438.9397888183594,81.23587036132812,36.515403747558594,123.75635528564453,24.144559860229492
2021-11-18,440.43060302734375,82.04632568359375,36.331207275390625,123.80264282226562,24.001121520996094
2021-11-19,439.6429748535156,82.64453887939453,35.93521499633789,123.05306243896484,23.064529418945312
2021-11-22,438.4053039550781,81.72311401367188,36.44171905517578,122.497802734375,23.473758697509766
2021-11-23,438.9866027832031,81.53495788574219,37.01271057128906,122.62733459472656,24.1951904296875
2021-11-24,440.15869140625,82.12835693359375,36.92982482910156,122.58113098144531,24.43144416809082
2021-11-26,430.3417053222656,80.07804870605469,35.70498275756836,122.12763977050781,23.44845199584961
2021-11-29,435.62054443359375,82.08010864257812,35.81547927856445,122.46078491210938,23.583450317382812
2021-11-30,427.1444396972656,81.39506530761719,34.95901107788086,120.0546875,23.030780792236328
2021-12-01,422.40008544921875,80.28064727783203,34.57220458984375,119.84185791015625,22.786087036132812
2021-12-02,428.86962890625,81.01878356933594,35.603668212890625,120.42487335205078,23.44845199584961
2021-12-03,425.1380310058594,79.66314697265625,35.02346420288086,120.64696502685547,23.262813568115234
2021-12-06,430.1729736328125,80.42057037353516,35.557613372802734,121.3317642211914,23.608762741088867
2021-12-07,439.071044921875,83.22830200195312,36.19306945800781,122.895751953125,24.161436080932617
2021-12-08,440.233642578125,83.60940551757812,35.99967575073242,123.82115173339844,24.157217025756836
2021-12-09,437.2613830566406,82.70726776123047,35.925994873046875,124.1080322265625,23.971586227416992
2021-12-10,441.3775329589844,84.36681365966797,35.96282958984375,124.54296875,24.148778915405273
2021-12-13,437.4676208496094,83.11248779296875,35.57603073120117,125.7182846069336,23.477983474731445
2021-12-14,434.45794677734375,81.74725341796875,35.78784942626953,125.20927429199219,23.38094139099121
2021-12-15,441.246337890625,83.91332244873047,35.889156341552734,127.77268981933594,23.267038345336914
2021-12-16,437.35516357421875,81.53495788574219,36.34041213989258,128.53158569335938,23.41469955444336
2021-12-17,432.7004699707031,80.98983001708984,35.5391960144043,127.63390350341797,22.93796157836914
2021-12-20,428.0993957519531,80.02654266357422,34.8488883972168,126.86097717285156,22.65378189086914
2021-12-21,435.7020263671875,82.05172729492188,35.5706672668457,127.39048767089844,23.2990779876709
2021-12-22,440.0584716796875,83.12474822998047,35.73721694946289,128.87684631347656,23.448646545410156
2021-12-23,442.7965087890625,83.58876037597656,35.92230224609375,129.40640258789062,23.461469650268555
2021-12-27,449.06304931640625,85.38192749023438,36.29243087768555,130.77197265625,23.974287033081055
2021-12-28,448.696044921875,84.93726348876953,36.31095886230469,130.42823791503906,23.957195281982422
2021-12-29,449.27008056640625,85.00977325439453,36.26467514038086,131.1714324951172,23.803346633911133
2021-12-30,448.0281066894531,84.44908142089844,36.19990158081055,131.44081115722656,23.658048629760742
2021-12-31,446.8988952636719,84.03826141357422,36.135128021240234,130.8834228515625,23.717880249023438
2022-01-03,449.4864501953125,84.83575439453125,36.57929992675781,129.5364227294922,24.452922821044922
2022-01-04,449.33587646484375,83.93675994873047,37.54166030883789,127.82707977294922,25.299072265625
2022-01-05,440.7076721191406,81.355712890625,37.106746673583984,126.91669464111328,25.29479217529297
2022-01-06,440.293701171875,80.94487762451172,37.652706146240234,125.44892883300781,25.8588924407959
2022-01-07,438.5530090332031,80.20053100585938,38.09687805175781,124.80792236328125,26.213598251342773
2022-01-10,438.0072021484375,80.21504974365234,37.96733093261719,126.08997344970703,26.132404327392578
2022-01-11,441.9967041015625,81.17688751220703,38.300453186035156,127.09321594238281,27.021286010742188
2022-01-12,443.191650390625,81.55870056152344,38.32821273803711,126.73091888427734,27.072566986083984
2022-01-13,437.0851745605469,79.4465103149414,38.18016052246094,124.7614974975586,26.935815811157227
2022-01-14,437.2639465332031,80.11835479736328,37.782264709472656,124.54782104492188,27.568294525146484
2022-01-18,429.5201416015625,78.1946792602539,36.940189361572266,122.80138397216797,27.679397583007812
2022-01-19,425.0602111816406,77.10233306884766,36.32020568847656,122.2996826171875,27.47854995727539
2022-01-20,420.3556213378906,76.10665893554688,36.0888671875,121.50077819824219,27.22641372680664
2022-01-21,412.10382080078125,74.59380340576172,35.348575592041016,120.27455139160156,26.687957763671875
2022-01-24,413.8538818359375,74.98046112060547,35.45036697387695,119.87508392333984,26.867441177368164
2022-01-25,408.80120849609375,73.24528503417969,35.59842300415039,119.1040267944336,27.910175323486328
2022-01-26,407.7755432128906,73.67543029785156,35.690948486328125,118.48162078857422,27.8631649017334
2022-01-27,405.761962890625,73.16793823242188,35.367088317871094,118.78817749023438,28.166584014892578
2022-01-28,415.8392028808594,76.36766052246094,35.82975387573242,121.21281433105469,28.046924591064453
2022-01-31,423.3288879394531,78.28650665283203,36.14438247680664,121.90953063964844,28.170856475830078
2022-02-01,426.1893310546875,78.4895248413086,36.64407730102539,122.23468017578125,29.175128936767578
2022-02-02,430.329345703125,79.12751770019531,36.893917083740234,123.87898254394531,29.269142150878906
2022-02-03,420.2144775390625,76.83167266845703,36.48677062988281,123.34943389892578,28.991371154785156
2022-02-04,422.19036865234375,77.14097595214844,37.106746673583984,122.903564453125,29.444360733032227
2022-02-07,420.8354797363281,76.6286392211914,37.217796325683594,122.68985748291016,29.820419311523438
2022-02-08,424.2981262207031,77.57600402832031,37.73598861694336,123.69317626953125,29.179401397705078
2022-02-09,430.5081787109375,79.29669189453125,37.97657775878906,124.6500015258789,29.422983169555664
2022-02-10,422.7738037109375,77.22318267822266,37.643455505371094,122.69915771484375,29.23923110961914
2022-02-11,414.4372863769531,74.86446380615234,37.11600875854492,120.9991226196289,30.089656829833984
2022-02-14,413.0823059082031,74.84029388427734,36.699588775634766,119.76359558105469,29.380258560180664
2022-02-15,419.74407958984375,76.8074951171875,37.19929122924805,121.11062622070312,29.07256507873535
2022-02-16,420.2144775390625,76.73015594482422,37.22704315185547,121.29640197753906,29.307607650756836
2022-02-17,411.23809814453125,74.4343032836914,36.30169677734375,119.3455581665039,29.260602951049805
2022-02-18,408.5753173828125,73.68028259277344,36.29243087768555,118.4537353515625,29.08111572265625
2022-02-22,404.1906433105469,72.99878692626953,36.10737228393555,118.15646362304688,28.61102867126465
2022-02-23,397.02081298828125,71.17173767089844,35.47812271118164,117.56193542480469,28.905899047851562
2022-02-24,402.99560546875,73.60295867919922,35.052467346191406,118.03571319580078,28.679401397705078
2022-02-25,411.88726806640625,74.60346984863281,36.18138885498047,121.64940643310547,29.435808181762695
2022-02-28,410.83343505859375,74.4681396484375,35.644683837890625,120.72974395751953,30.16230583190918
2022-03-01,404.5763854980469,72.97943115234375,34.33068084716797,120.06086730957031,30.465723037719727
2022-03-02,412.0190734863281,74.55994415283203,35.21902847290039,121.87238311767578,31.162296295166016
2022-03-03,409.9678649902344,73.67062377929688,35.10797882080078,122.49478149414062,31.24777603149414
2022-03-04,406.6369934082031,72.3801040649414,34.45097351074219,123.10791015625,32.14948272705078
2022-03-07,394.64971923828125,69.73141479492188,33.192501068115234,120.96196746826172,32.623844146728516
2022-03-08,391.6575622558594,69.39305877685547,32.9981689453125,118.49089050292969,33.13666534423828
2022-03-09,402.1582336425781,72.13843536376953,34.210391998291016,120.72974395751953,32.123836517333984
2022-03-10,400.34222412109375,70.87690734863281,33.923519134521484,120.68329620361328,33.10673904418945
2022-03-11,395.2518615722656,69.62989807128906,33.68293380737305,119.78217315673828,32.84178161621094
2022-03-14,392.36322021484375,68.3393783569336,34.10860061645508,120.62751770019531,31.858877182006836
2022-03-15,400.99151611328125,70.63524627685547,34.58979034423828,123.03360748291016,30.692216873168945
2022-03-16,409.8831787109375,72.93112182617188,35.56140899658203,124.51065826416016,30.551191329956055
2022-03-17,415.01116943359375,73.44828796386719,36.00558090209961,126.4800796508789,31.602474212646484
2022-03-18,419.5567626953125,74.95146942138672,36.0888671875,127.26044464111328,31.57254981994629
2022-03-21,419.43402099609375,74.80912017822266,36.053565979003906,127.16348266601562,32.84529495239258
2022-03-22,424.3419494628906,75.88410949707031,36.63881301879883,127.19147491455078,32.60368728637695
2022-03-23,418.8771667480469,74.71711730957031,35.96065902709961,124.9083480834961,33.164554595947266
2022-03-24,425.19146728515625,76.65888214111328,36.24864196777344,126.3994140625,33.24653244018555
2022-03-25,427.2679748535156,76.61529541015625,36.7131233215332,126.9864501953125,33.975650787353516
2022-03-28,430.3071594238281,77.5256576538086,36.61094284057617,127.90902709960938,33.13435745239258
2022-03-29,435.6303405761719,79.17204284667969,36.694549560546875,128.66383361816406,33.04806900024414
2022-03-30,432.9403991699219,78.11640930175781,36.43443298339844,128.91542053222656,33.43205261230469
2022-03-31,426.27691650390625,76.95909881591797,35.59836196899414,127.65740203857422,32.97903823852539
2022-04-01,427.4849853515625,76.73151397705078,35.50545883178711,128.66383361816406,33.24653244018555
2022-04-04,431.1471252441406,78.18904876708984,35.3475341796875,127.59219360351562,33.2896728515625
2022-04-05,425.701171875,76.54267120361328,35.12458419799805,127.8624267578125,32.767635345458984
2022-04-06,421.4443359375,74.73162841796875,34.88304901123047,129.81005859375,32.9617805480957
2022-04-07,423.5679626464844,74.84784698486328,34.845882415771484,132.30746459960938,33.39321517944336
2022-04-08,422.4353942871094,73.8019027709961,35.19890213012695,133.09957885742188,34.31217575073242
2022-04-11,415.21502685546875,71.94244384765625,35.040977478027344,130.4530487060547,33.28104019165039
2022-04-12,413.67657470703125,71.62284851074219,34.660099029541016,129.18568420410156,33.83328628540039
2022-04-13,418.4145812988281,72.77534484863281,34.660099029541016,129.81936645507812,34.33806610107422
2022-04-14,413.2046813964844,71.00787353515625,34.269927978515625,129.19500732421875,34.45023727416992
2022-04-18,413.3745422363281,71.24031066894531,34.474300384521484,127.76924133300781,34.955013275146484
2022-04-19,420.04754638671875,72.57678985595703,34.94807434082031,128.98997497558594,34.67027282714844
2022-04-20,419.7360534667969,72.5090103149414,35.189613342285156,130.72325134277344,34.804012298583984
2022-04-21,413.4595031738281,71.27904510498047,34.63222885131836,129.27886962890625,33.69953918457031
2022-04-22,402.11456298828125,69.28398895263672,33.60105895996094,124.56361389160156,32.875484466552734
2022-04-25,404.44580078125,70.32511138916016,33.65681076049805,125.40228271484375,31.788272857666016
2022-04-26,392.73272705078125,67.70541381835938,32.81142807006836,123.19373321533203,31.831418991088867
2022-04-27,393.8370056152344,68.707763671875,32.783565521240234,122.92350006103516,32.2973747253418
2022-04-28,403.7851257324219,71.45821380615234,33.20160675048828,124.61947631835938,33.2767333984375
2022-04-29,388.8630065917969,68.48018646240234,32.0589714050293,121.41384887695312,32.422489166259766
2022-05-02,391.2037048339844,69.52128601074219,32.0682487487793,120.65904235839844,32.940216064453125
2022-05-03,392.9970397949219,69.64234161376953,32.48629379272461,121.04110717773438,33.86347961425781
2022-05-04,404.9649353027344,72.08773040771484,33.48030090332031,123.72488403320312,35.26997375488281
2022-05-05,390.5713195800781,68.62062072753906,32.5048713684082,121.32067108154297,34.73929977416992
2022-05-06,388.24005126953125,68.068603515625,32.27262878417969,120.93858337402344,35.77475357055664
2022-05-09,375.8096618652344,65.43435668945312,31.50157356262207,117.80748748779297,32.81509780883789
2022-05-10,376.677978515625,66.43189239501953,31.22288703918457,118.22685241699219,33.1127815246582
2022-05-11,370.6940612792969,64.33515930175781,30.934900283813477,117.44406127929688,33.55717086791992
2022-05-12,370.3070068359375,63.6717529296875,30.702661514282227,118.58094787597656,33.69953918457031
2022-05-13,379.16021728515625,65.78784942626953,31.148561477661133,119.8389892578125,34.85147476196289
2022-05-16,377.6217956542969,65.20677185058594,30.888452529907227,120.7242660522461,35.770442962646484
2022-05-17,385.38970947265625,67.09526824951172,31.71524429321289,122.38300323486328,36.18461608886719
2022-05-18,369.8540344238281,64.02523803710938,30.842004776000977,119.22393798828125,35.25703430175781
2022-05-19,367.5887145996094,63.32311248779297,30.63762855529785,119.4848861694336,35.127593994140625
2022-05-20,367.7492370605469,63.463523864746094,30.58188819885254,120.93858337402344,35.27859878540039
2022-05-23,374.6298522949219,64.92108154296875,31.575899124145508,122.00089263916016,36.21050262451172
2022-05-24,371.77001953125,63.957462310791016,31.5108642578125,122.3643569946289,36.34855651855469
2022-05-25,375.0545654296875,64.70317077636719,31.761690139770508,122.32711029052734,37.099266052246094
2022-05-26,382.5486755371094,66.25756072998047,32.495582580566406,122.84891510009766,37.509132385253906
2022-05-27,391.9399108886719,68.49955749511719,33.043670654296875,124.88973236083984,38.19511032104492
2022-05-31,389.7406921386719,68.0104751586914,32.95077896118164,123.22167205810547,37.62129592895508
2022-06-01,386.58831787109375,67.80709838867188,32.421260833740234,121.45111083984375,38.23394775390625
2022-06-02,393.95025634765625,69.44863891601562,32.86717224121094,122.41096496582031,38.11314010620117
2022-06-03,387.4849853515625,67.78773498535156,32.39339065551758,120.97586822509766,38.61792755126953
2022-06-06,388.6647644042969,67.79256439208984,32.48629379272461,120.99452209472656,38.57477951049805
2022-06-07,392.3929138183594,68.60123443603516,32.737117767333984,122.56936645507812,39.726715087890625
2022-06-08,388.1267395019531,67.82646942138672,32.16114044189453,121.60022735595703,39.81300735473633
2022-06-09,378.89593505859375,66.01544189453125,31.352941513061523,118.85121154785156,38.9328727722168
2022-06-10,367.9096984863281,63.478050231933594,30.219589233398438,116.94085693359375,38.272769927978516
2022-06-13,353.9408264160156,60.6646728515625,29.3184814453125,113.39973449707031,36.27522659301758
2022-06-14,352.8742980957031,61.04720687866211,29.067665100097656,112.3187484741211,36.3442497253418
2022-06-15,357.9049072265625,62.33526611328125,29.392803192138672,113.45565032958984,35.54177474975586
2022-06-16,346.05975341796875,59.79789352416992,28.649616241455078,111.78760528564453,33.5399055480957
2022-06-17,346.80572509765625,60.34507369995117,28.73322868347168,111.72235870361328,31.706300735473633
2022-06-21,355.5360412597656,61.88068389892578,29.30666160583496,114.73004913330078,33.348880767822266
2022-06-22,354.89154052734375,61.6185188293457,29.241283416748047,116.3209457397461,32.013877868652344
2022-06-23,358.370361328125,62.540950775146484,29.129215240478516,118.93183135986328,30.82720375061035
2022-06-24,369.76434326171875,64.78877258300781,30.203227996826172,120.90636444091797,31.232938766479492
2022-06-27,368.3519287109375,64.35183715820312,30.100494384765625,121.35558319091797,32.14912414550781
2022-06-28,360.8254699707031,62.4244384765625,29.8016414642334,119.2406234741211,33.017311096191406
2022-06-29,360.53155517578125,62.55065155029297,29.633533477783203,120.2793960571289,31.86989974975586
2022-06-30,357.6025390625,61.71562194824219,29.372034072875977,120.00801086425781,31.198047637939453
2022-07-01,361.3847351074219,61.85641098022461,29.77362060546875,121.35558319091797,31.664852142333984
2022-07-05,362.06732177734375,62.633182525634766,29.670894622802734,120.6537094116211,30.40838050842285
2022-07-06,363.2900390625,63.17210006713867,29.596181869506836,121.46788024902344,29.88921356201172
2022-07-07,368.7311706542969,64.47807312011719,30.025787353515625,121.98257446289062,30.966812133789062
2022-07-08,368.4277648925781,64.5071792602539,29.96040916442871,122.34752655029297,30.953723907470703
2022-07-11,364.2190246582031,63.61874771118164,29.717586517333984,122.03871154785156,30.657060623168945
2022-07-12,360.99615478515625,62.74971008300781,29.530799865722656,120.48528289794922,30.05936622619629
2022-07-13,359.1002502441406,62.58464813232422,29.269302368164062,119.31550598144531,30.011371612548828
2022-07-14,358.22821044921875,63.157527923583984,28.70894432067871,118.96925354003906,29.4442138671875
2022-07-15,365.0721740722656,64.26930236816406,29.680234909057617,121.8421859741211,29.924118041992188
2022-07-18,362.05780029296875,63.647865295410156,29.568157196044922,119.26871490478516,30.60906410217285
2022-07-19,371.84027099609375,65.58982849121094,30.455392837524414,121.29940795898438,31.551420211791992
2022-07-20,374.2100830078125,66.61422729492188,30.567466735839844,120.10157775878906,31.856815338134766
2022-07-21,378.0207824707031,67.55122375488281,30.76358985900879,122.00126647949219,31.29838752746582
2022-07-22,374.5134582519531,66.61907196044922,30.586135864257812,121.49595642089844,31.04098129272461
2022-07-25,374.9684143066406,66.19671630859375,30.782268524169922,122.13229370117188,32.179656982421875
2022-07-26,370.5321960449219,65.1237564086914,30.3526611328125,122.75926971435547,31.887351989746094
2022-07-27,380.15350341796875,67.92505645751953,30.819618225097656,123.52664184570312,32.60720443725586
2022-07-28,384.92156982421875,68.95914459228516,31.043760299682617,124.3127212524414,32.79044723510742
2022-07-29,390.53326416015625,70.01750946044922,31.48271369934082,123.90097045898438,34.21269989013672
2022-08-01,389.3767395019531,69.86701202392578,31.221210479736328,122.98387908935547,33.50593566894531
2022-08-02,386.8079833984375,69.3718032836914,30.87566566467285,122.54403686523438,33.42741012573242
2022-08-03,392.86517333984375,71.2166748046875,31.342622756958008,123.66702270507812,32.467594146728516
2022-08-04,392.5997314453125,71.54193878173828,31.239898681640625,123.05873107910156,31.263484954833984
2022-08-05,391.9361267089844,71.37689208984375,31.46404266357422,123.01194763183594,31.882993698120117
2022-08-08,391.4811706542969,70.7700424194336,31.445348739624023,123.30204010009766,32.04877471923828
2022-08-09,389.92657470703125,70.06121063232422,31.604122161865234,122.92774963378906,32.611576080322266
2022-08-10,398.1166076660156,71.97402954101562,32.31391143798828,124.26591491699219,32.84716033935547
2022-08-11,398.1166076660156,71.69247436523438,32.69682312011719,123.46112823486328,33.97711181640625
2022-08-12,404.8563232421875,73.11981201171875,33.210487365722656,125.04267120361328,34.23451232910156
2022-08-15,406.5246887207031,73.58101654052734,33.201141357421875,125.66963195800781,33.567012786865234
2022-08-16,407.3209533691406,73.38196563720703,33.443965911865234,125.33274841308594,33.48848342895508
2022-08-17,404.42974853515625,72.85762786865234,33.27585220336914,124.60285186767578,33.767696380615234
2022-08-18,405.60516357421875,73.2363052368164,33.313201904296875,124.05072021484375,34.675148010253906
2022-08-19,400.1546630859375,71.90606689453125,32.650123596191406,124.3875961303711,34.66643142700195
2022-08-22,391.8224182128906,69.9010009765625,31.930999755859375,122.75926971435547,34.60097885131836
2022-08-23,390.8745422363281,69.71649932861328,31.80024528503418,121.04676818847656,35.848731994628906
2022-08-24,392.1258239746094,69.76020050048828,31.968355178833008,121.19647979736328,36.28937911987305
2022-08-25,397.6615905761719,70.93994903564453,32.46333312988281,122.53470611572266,36.56858825683594
2022-08-26,384.2011413574219,67.91048431396484,31.492050170898438,119.1189956665039,36.141029357910156
2022-08-29,381.66070556640625,67.01233673095703,31.267908096313477,118.28611755371094,36.68638610839844
2022-08-30,377.470947265625,66.3132095336914,31.099796295166016,117.50004577636719,35.4430046081543
2022-08-31,374.59881591796875,65.6675033569336,30.866323471069336,116.75137329101562,35.12015151977539
2022-09-01,375.774169921875,65.34710693359375,30.95970916748047,118.66980743408203,34.2563362121582
2022-09-02,371.81182861328125,64.49749755859375,30.716886520385742,116.96664428710938,34.88456344604492
2022-09-06,370.408935546875,64.07025909423828,30.64217758178711,117.07893371582031,34.56172561645508
2022-09-07,377.06329345703125,65.09463500976562,31.24922752380371,118.98797607421875,34.16035079956055
2022-09-08,379.5279541015625,65.3179702758789,31.80024528503418,121.05612182617188,34.308692932128906
2022-09-09,385.4239807128906,66.609375,32.08977127075195,122.1229248046875,35.16377639770508
2022-09-12,389.56640625,67.67743682861328,32.35126876831055,122.93705749511719,35.809471130371094
2022-09-13,372.6271057128906,64.08480834960938,31.146495819091797,118.87569427490234,34.90637969970703
2022-09-14,374.0489501953125,64.3178482055664,31.0531063079834,118.94119262695312,35.89236068725586
2022-09-15,369.80230712890625,62.83709716796875,31.15583610534668,119.60560607910156,34.96746063232422
2022-09-16,366.98114013671875,62.487548828125,30.87566566467285,119.26871490478516,34.22142028808594
2022-09-19,369.8270263671875,62.997127532958984,31.225839614868164,118.62608337402344,34.24171829223633
2022-09-20,365.5818786621094,62.62723159790039,30.76581573486328,117.23554992675781,34.00355529785156
2022-09-21,359.20477294921875,61.648983001708984,30.127405166625977,115.29071807861328,33.50518798828125
2022-09-22,356.1875305175781,61.021156311035156,29.62042999267578,115.90142822265625,33.3861083984375
2022-09-23,350.2196960449219,60.22298049926758,29.1510066986084,115.30951690673828,31.083921432495117
2022-09-26,346.7550048828125,59.80442810058594,28.69097900390625,114.21025085449219,30.320941925048828
2022-09-27,345.8699035644531,59.88230514526367,28.568927764892578,113.86263275146484,30.660537719726562
2022-09-28,352.67535400390625,60.51499938964844,29.132230758666992,116.3523941040039,32.0189094543457
2022-09-29,345.3083190917969,58.93811798095703,28.766082763671875,115.37528228759766,32.0189094543457
2022-09-30,339.9686279296875,57.808998107910156,28.50320816040039,113.78746032714844,31.763113021850586
2022-10-03,348.9442138671875,59.60001754760742,29.27305793762207,116.12689971923828,33.55811309814453
2022-10-04,359.7568359375,61.60032272338867,30.362112045288086,118.8233871459961,35.00028991699219
2022-10-05,358.919189453125,61.804725646972656,30.127405166625977,119.2179946899414,35.72357940673828
2022-10-06,355.2166748046875,61.29856491088867,29.704923629760742,117.69593811035156,36.358665466308594
2022-10-07,345.3083190917969,58.77751159667969,29.000789642333984,115.20616912841797,36.07640838623047
2022-10-10,342.67181396484375,57.78953552246094,28.86935806274414,114.48271942138672,35.33547592163086
2022-10-11,340.5015869140625,56.90375518798828,28.50320816040039,115.09339904785156,35.05320739746094
2022-10-12,339.3785400390625,56.728553771972656,28.437490463256836,114.52969360351562,35.33547592163086
2022-10-13,348.3350524902344,58.4903678894043,29.611042022705078,117.19798278808594,36.777645111083984
2022-10-14,340.39697265625,56.845359802246094,29.11345672607422,116.40876770019531,35.40604019165039
2022-10-17,349.1441345214844,58.57796859741211,29.845754623413086,118.27845764160156,35.84707260131836
2022-10-18,353.2464294433594,59.07439422607422,30.32455825805664,118.93611907958984,36.16020202636719
2022-10-19,350.74310302734375,58.904052734375,29.826976776123047,117.27316284179688,37.22749710083008
2022-10-20,347.8020935058594,58.93811798095703,29.348163604736328,116.27723693847656,37.262779235839844
2022-10-21,356.2541198730469,60.51499938964844,30.221288681030273,118.88914489746094,38.338905334472656
2022-10-24,360.6134338378906,61.35210418701172,30.624990463256836,121.1816177368164,38.51972579956055
2022-10-25,366.3719177246094,62.5250244140625,30.99113655090332,122.10235595703125,38.559425354003906
2022-10-26,363.61163330078125,61.13309097290039,31.06624412536621,123.45529174804688,39.08425521850586
2022-10-27,361.66998291015625,60.437129974365234,31.319726943969727,122.8070297241211,39.22537612915039
2022-10-28,370.2743835449219,63.06525802612305,32.098968505859375,124.82703399658203,39.36209487915039
2022-10-31,367.5997314453125,62.23301315307617,31.901805877685547,124.72368621826172,39.69287109375
2022-11-01,365.9911804199219,61.712257385253906,31.98630142211914,124.7988510131836,40.076568603515625
2022-11-02,356.8061828613281,59.58054733276367,31.582609176635742,122.67550659179688,39.1107063293457
2022-11-03,353.1322937011719,57.82847213745117,31.263399124145508,122.15874481201172,39.8339958190918
2022-11-04,358.2148742675781,58.884586334228516,31.83609390258789,122.90099334716797,40.31913375854492
2022-11-07,361.6414489746094,59.86770248413086,32.15530014038086,124.21634674072266,41.011558532714844
2022-11-08,363.5926513671875,60.441993713378906,32.343074798583984,124.83643341064453,41.05125045776367
2022-11-09,356.1018371582031,58.8699836730957,31.798545837402344,123.49288177490234,39.0445556640625
2022-11-10,375.6711120605469,63.707672119140625,33.403961181640625,126.63093566894531,39.91337966918945
2022-11-11,379.30712890625,64.79786682128906,33.67621994018555,125.0807113647461,41.073299407958984
2022-11-14,376.0804138183594,64.24303436279297,33.197410583496094,125.19346618652344,41.0600700378418
2022-11-15,379.2880554199219,65.0217514038086,33.27251052856445,125.03373718261719,41.492279052734375
2022-11-16,376.3945617675781,64.13109588623047,33.1129264831543,124.97734069824219,40.6454963684082
2022-11-17,375.24285888671875,64.2138442993164,32.934539794921875,124.9209976196289,40.733699798583984
2022-11-18,376.94659423828125,64.2868423461914,33.20680236816406,126.43366241455078,40.41175079345703
2022-11-21,375.57598876953125,63.59573745727539,33.31007385253906,126.49002838134766,39.864871978759766
2022-11-22,380.630126953125,64.82706451416016,33.6480598449707,127.58924865722656,41.112998962402344
2022-11-23,383.0287170410156,65.4013671875,33.788883209228516,128.09661865234375,40.66754913330078
2022-11-25,382.9429931640625,65.0217514038086,33.90153884887695,128.85760498046875,40.51759719848633
2022-11-28,376.8323974609375,63.62980270385742,33.31946563720703,127.88995361328125,39.40620422363281
2022-11-29,376.1851806640625,63.00685501098633,33.51661682128906,127.57050323486328,40.0015869140625
2022-11-30,388.0351867675781,66.17032623291016,34.08930969238281,130.61460876464844,40.20004653930664
2022-12-01,387.7496337890625,66.2627944946289,33.892154693603516,130.99041748046875,40.067752838134766
2022-12-02,387.3023681640625,65.87831115722656,33.7325553894043,131.32867431640625,39.829586029052734
2022-12-05,380.33502197265625,64.78327941894531,32.8969841003418,130.06964111328125,38.64763259887695
2022-12-06,374.8525085449219,63.39620590209961,32.60594177246094,129.08314514160156,37.62885284423828
2022-12-07,374.2148742675781,63.07498550415039,32.47450637817383,130.14483642578125,37.5406379699707
2022-12-08,377.14642333984375,64.10676574707031,32.502662658691406,131.31924438476562,37.37303924560547
2022-12-09,374.3291015625,63.71254348754883,32.41817092895508,129.637451171875,36.46452331542969
2022-12-12,379.7259216308594,65.10447692871094,32.85004425048828,131.0186004638672,37.42155838012695
2022-12-13,382.600341796875,65.87346649169922,32.934539794921875,131.42259216308594,38.13161849975586
2022-12-14,380.1541442871094,65.31861877441406,32.52144241333008,131.62930297851562,37.89787292480469
2022-12-15,370.85498046875,62.87544250488281,31.883037567138672,129.2146759033203,37.66853332519531
2022-12-16,366.4765930175781,62.04320526123047,31.638933181762695,127.3355941772461,37.20545196533203
2022-12-19,363.3689880371094,61.21588897705078,31.553913116455078,126.86012268066406,37.20098876953125
2022-12-20,363.8661804199219,61.30862808227539,31.686172485351562,126.8318099975586,37.76241683959961
2022-12-21,369.306884765625,62.3238525390625,32.177433013916016,128.50167846679688,38.47978591918945
2022-12-22,364.038330078125,60.7522087097168,31.894014358520508,128.3223876953125,37.593101501464844
2022-12-23,366.13238525390625,60.8156623840332,32.07351303100586,128.39788818359375,38.79169464111328
2022-12-27,364.6885070800781,60.23971176147461,32.064064025878906,128.06768798828125,39.206077575683594
2022-12-28,360.1562805175781,59.26842498779297,31.950702667236328,127.23747253417969,38.32829666137695
2022-12-29,366.6391906738281,60.82054138183594,32.394718170166016,128.624267578125,38.72931671142578
2022-12-30,365.67340087890625,60.73756790161133,32.309688568115234,128.16201782226562,38.97438049316406
2023-01-03,364.13397216796875,60.161624908447266,32.42306137084961,127.79412078857422,37.606468200683594
2023-01-04,366.9451904296875,60.31781768798828,32.942657470703125,128.13372802734375,37.602012634277344
2023-01-05,362.757080078125,59.14640808105469,32.697025299072266,126.82237243652344,38.28819274902344
2023-01-06,371.0758361816406,60.87911605834961,33.424468994140625,127.9921875,39.01448059082031
2023-01-09,370.865478515625,61.58683776855469,33.30165100097656,125.85066223144531,38.87635803222656
2023-01-10,373.46630859375,61.967552185058594,33.490604400634766,126.90728759765625,39.152610778808594
2023-01-11,378.18988037109375,63.04133224487305,33.80236053466797,127.6242904663086,39.272911071777344
2023-01-12,379.5667724609375,63.50990676879883,33.86849594116211,127.21863555908203,40.021484375
2023-01-13,381.039306640625,63.69050979614258,34.123573303222656,127.7846450805664,40.079402923583984
2023-01-17,380.3412170410156,63.978477478027344,33.8968391418457,127.1903076171875,40.164066314697266
2023-01-18,374.33642578125,63.15360641479492,33.26387023925781,125.39784240722656,39.42886734008789
2023-01-19,371.6113586425781,62.41658401489258,32.87653350830078,125.69972229003906,39.91899490356445
2023-01-20,378.5340576171875,64.10536193847656,33.3961296081543,126.3318099975586,40.31555938720703
2023-01-23,383.0759582519531,65.56476593017578,33.78346633911133,126.76576232910156,40.36903381347656
2023-01-24,382.664794921875,65.53546142578125,33.80236053466797,125.92613220214844,40.213077545166016
2023-01-25,382.8081970214844,65.39879608154297,34.0668830871582,125.96388244628906,40.21753692626953
2023-01-26,387.01544189453125,66.44329833984375,34.24638366699219,126.19972229003906,41.487422943115234
2023-01-27,387.90472412109375,66.72151947021484,34.24638366699219,125.34122467041016,40.649749755859375
2023-01-30,383.0377197265625,65.4476089477539,34.07632827758789,124.20915222167969,39.71849060058594
2023-01-31,388.669677734375,66.3603286743164,34.539249420166016,125.81293487548828,40.070491790771484
2023-02-01,392.80029296875,67.92220306396484,34.539249420166016,126.40725708007812,39.28182601928711
2023-02-02,398.51837158203125,69.77693939208984,34.633724212646484,125.54878997802734,38.38621520996094
2023-02-03,394.2825012207031,69.19612121582031,34.56759262084961,125.18087768554688,38.30156707763672
2023-02-06,391.872802734375,68.35171508789062,34.55814743041992,124.48274230957031,38.1277961730957
2023-02-07,396.9980163574219,70.0600357055664,34.95492935180664,125.28462219238281,39.36648941040039
2023-02-08,392.6568908691406,69.21564483642578,34.74708557128906,124.91668701171875,39.01448059082031
2023-02-09,389.2529296875,68.83494567871094,34.35975646972656,123.82234191894531,38.680294036865234
2023-02-10,390.1612854003906,68.5176773071289,34.47312927246094,124.99217987060547,40.19525909423828
2023-02-13,394.74139404296875,69.70374298095703,34.869903564453125,126.0299301147461,40.09276580810547
2023-02-14,394.5597229003906,70.00145721435547,34.68096160888672,125.28462219238281,40.10614013671875
2023-02-15,395.841064453125,70.3284912109375,34.71874237060547,124.66197967529297,39.42441177368164
2023-02-16,390.39080810546875,69.10828399658203,34.369205474853516,123.41667175292969,39.0367546081543
2023-02-17,389.41546630859375,68.24434661865234,34.378639221191406,124.52044677734375,37.64656448364258
2023-02-21,381.6034240722656,66.62388610839844,33.67009735107422,122.90725708007812,37.45942687988281
2023-02-22,381.07757568359375,66.52629089355469,33.6323127746582,122.49214172363281,37.20989990234375
2023-02-23,383.10467529296875,67.62934875488281,33.66065216064453,122.82234954833984,37.771331787109375
2023-02-24,379.0121765136719,66.42378234863281,33.68899917602539,121.23738861083984,37.72231674194336
2023-02-27,380.3030090332031,66.78009796142578,33.67954635620117,120.86946868896484,37.833717346191406
2023-02-28,378.8974304199219,66.63365936279297,33.74567413330078,119.97325134277344,37.29011535644531
2023-03-01,377.44403076171875,66.14558410644531,33.6323127746582,119.77513122558594,38.025299072265625
2023-03-02,380.3795166015625,66.96068572998047,33.47170639038086,120.51097869873047,38.35948944091797
2023-03-03,386.4800109863281,68.4005355834961,34.000755310058594,121.86006927490234,38.88081359863281
2023-03-06,386.7477111816406,68.7275619506836,34.02909851074219,121.80345153808594,38.89863586425781
2023-03-07,380.8193664550781,67.87340545654297,33.15049743652344,119.84115600585938,38.22135543823242
2023-03-08,381.4408874511719,68.43470764160156,33.02769088745117,119.19964599609375,37.82925796508789
2023-03-09,374.4033508300781,67.4536361694336,31.686172485351562,117.9920883178711,37.29456329345703
2023-03-10,369.00091552734375,66.26759338378906,31.10988998413086,117.12415313720703,36.81779098510742
2023-03-13,368.4749755859375,66.62876892089844,29.881742477416992,118.2184829711914,36.06923294067383
2023-03-14,374.56591796875,68.166259765625,30.486370086669922,119.27511596679688,36.425697326660156
2023-03-15,372.2232666015625,68.2052993774414,29.67390251159668,119.17134094238281,34.46963119506836
2023-03-16,378.7539978027344,70.11860656738281,30.240737915039062,120.28455352783203,34.84390640258789
2023-03-17,374.3253173828125,70.02098846435547,29.267669677734375,118.73738098144531,34.29585266113281
2023-03-20,377.9247741699219,70.20980072021484,29.593320846557617,120.24230194091797,34.982444763183594
2023-03-21,382.8870849609375,70.77722930908203,30.343358993530273,120.97154998779297,36.19355010986328
2023-03-22,376.3602294921875,70.07284545898438,29.64078712463379,119.14366912841797,35.42366027832031
2023-03-23,377.3776550292969,71.21260070800781,29.4414119720459,118.91636657714844,34.932918548583984
2023-03-24,379.85400390625,71.39847564697266,29.42242431640625,120.56432342529297,35.06798553466797
2023-03-27,380.5642395019531,70.845703125,29.830673217773438,121.05679321289062,35.81536102294922
2023-03-28,379.71002197265625,70.5130844116211,29.821178436279297,120.3275375366211,36.36913299560547
2023-03-29,385.22906494140625,71.9903564453125,30.257911682128906,120.65902709960938,36.873382568359375
2023-03-30,387.48468017578125,72.82684326171875,30.191450119018555,121.3125,37.03546905517578
2023-03-31,392.9461364746094,73.8687515258789,30.523752212524414,122.61003112792969,37.29209518432617
2023-04-03,394.4434814453125,73.75137329101562,30.58070945739746,123.98329162597656,38.98044204711914
2023-04-04,392.2550964355469,73.3453369140625,30.29588508605957,124.00223541259766,38.27357864379883
2023-04-05,391.2279968261719,72.50887298583984,30.257911682128906,126.14264678955078,38.849876403808594
2023-04-06,392.7541809082031,72.91979217529297,30.371841430664062,126.45520782470703,38.26008224487305
2023-04-10,393.15728759765625,72.8806381225586,30.438302993774414,126.36996459960938,38.56623458862305
2023-04-11,393.26287841796875,72.1958236694336,30.704133987426758,126.79617309570312,38.9309196472168
2023-04-12,391.6598815917969,71.78490447998047,30.637680053710938,126.83403015136719,38.957916259765625
2023-04-13,396.8622131347656,73.12032318115234,30.913007736206055,128.48194885253906,39.20104217529297
2023-04-14,395.8928527832031,72.71432495117188,31.216827392578125,127.44964599609375,39.27307891845703
2023-04-17,397.31329345703125,72.97847747802734,31.57758903503418,127.34544372558594,38.809349060058594
2023-04-18,397.572509765625,73.20348358154297,31.67254066467285,126.47415924072266,38.96242141723633
2023-04-19,397.50531005859375,72.99315643310547,31.74849510192871,126.8624267578125,38.827354431152344
2023-04-20,395.33612060546875,72.51377868652344,31.6535587310791,126.34152221679688,38.48519515991211
2023-04-21,395.64324951171875,72.27896881103516,31.53962516784668,127.1939468383789,38.26008224487305
2023-04-24,396.05596923828125,71.96102905273438,31.463668823242188,127.90424346923828,38.84537124633789
2023-04-25,389.76910400390625,70.42501831054688,30.92249870300293,126.5404281616211,38.11600875854492
2023-04-26,388.1181335449219,71.47185516357422,30.628183364868164,124.74095153808594,37.60724639892578
2023-04-27,395.8448181152344,72.98825073242188,31.12187957763672,125.39446258544922,37.74231719970703
2023-04-28,399.2234191894531,73.78071594238281,31.492145538330078,126.46466827392578,38.327613830566406
2023-05-01,398.8202819824219,73.82471466064453,31.40671157836914,127.11814880371094,37.8953971862793
2023-05-02,394.337890625,73.13500213623047,30.694639205932617,126.56884002685547,36.24757385253906
2023-05-03,391.6311340332031,72.5186538696289,30.343358993530273,126.39837646484375,35.563232421875
2023-05-04,388.85723876953125,72.17135620117188,29.954097747802734,125.39446258544922,35.16704177856445
2023-05-05,396.05596923828125,73.98126220703125,30.694639205932617,126.521484375,36.12151336669922
2023-05-08,396.1614990234375,73.94213104248047,30.742115020751953,126.24681091308594,36.12151336669922
2023-05-09,394.4242858886719,73.37469482421875,30.628183364868164,125.40391540527344,36.1350212097168
2023-05-10,396.26715087890625,74.2698745727539,30.457286834716797,125.7543716430664,35.72531509399414
2023-05-11,395.5760498046875,73.9372329711914,30.409818649291992,125.36604309082031,35.2975959777832
2023-05-12,395.0577392578125,73.83940124511719,30.286392211914062,125.19554901123047,35.35163116455078
2023-05-15,396.420654296875,74.45085906982422,30.533241271972656,124.97772979736328,35.531715393066406
2023-05-16,393.7715759277344,74.52914428710938,30.2484188079834,123.93594360351562,34.658287048339844
2023-05-17,398.5515441894531,75.52212524414062,30.856046676635742,124.08749389648438,35.324607849121094
2023-05-18,402.3908386230469,77.06790161132812,31.083904266357422,123.78441619873047,35.58124542236328
2023-05-19,401.8053283691406,77.03364562988281,30.95098304748535,124.36209869384766,35.855873107910156
2023-05-22,401.96856689453125,77.18038940429688,31.007951736450195,124.48526000976562,35.70730209350586
2023-05-23,397.4573059082031,76.04064178466797,30.647171020507812,123.12144470214844,36.089988708496094
2023-05-24,394.5778503417969,75.48300170898438,30.2484188079834,122.2785415649414,36.24757385253906
2023-05-25,397.99481201171875,78.37885284423828,30.238920211791992,121.02838897705078,35.6037483215332
2023-05-26,403.1491394042969,80.60454559326172,30.485769271850586,120.78214263916016,35.46417999267578
2023-05-30,403.30267333984375,81.03500366210938,30.476276397705078,120.03395080566406,35.0994987487793
2023-05-31,401.0663146972656,80.3599624633789,30.153478622436523,121.0662612915039,34.48269271850586
2023-06-01,404.87689208984375,81.1768798828125,30.476276397705078,121.86181640625,34.91040802001953
2023-06-02,410.7318115234375,81.6415786743164,31.140865325927734,123.42452239990234,35.972938537597656
2023-06-05,409.94476318359375,81.1719741821289,30.97947120666504,123.86964416503906,35.734317779541016
2023-06-06,410.8373718261719,81.15242767333984,31.368724822998047,122.83731079101562,36.0224609375
2023-06-07,409.4168395996094,79.93928527832031,31.492145538330078,122.35429382324219,36.97693634033203
2023-06-08,411.8932189941406,80.80509948730469,31.463668823242188,123.14039611816406,36.819358825683594
2023-06-09,412.63226318359375,81.20623779296875,31.473163604736328,123.51924133300781,36.61676025390625
2023-06-12,416.37567138671875,82.97210693359375,31.463668823242188,123.96435546875,36.26558303833008
2023-06-13,419.1208190917969,83.4759292602539,31.6535587310791,124.58943176269531,36.43667221069336
2023-06-14,419.619873046875,84.33686828613281,31.530128479003906,123.31085205078125,36.06298065185547
2023-06-15,424.8221740722656,85.42280578613281,31.947866439819336,125.22400665283203,36.45917510986328
2023-06-16,423.37518310546875,84.71843719482422,31.881418228149414,125.21453857421875,36.4051513671875
2023-06-20,421.1785888671875,84.14588928222656,31.64299201965332,125.07376098632812,35.590335845947266
2023-06-21,419.0205383300781,82.90080261230469,31.604848861694336,125.09275817871094,35.87193298339844
2023-06-22,420.5331115722656,83.57726287841797,31.35689353942871,125.94866943359375,35.3904914855957
2023-06-23,417.3538818359375,82.67041778564453,31.22337532043457,125.53022003173828,35.13615417480469
2023-06-26,415.6487121582031,82.07728576660156,31.156614303588867,124.81700134277344,35.76747131347656
2023-06-27,420.20562744140625,83.69491577148438,31.40457534790039,124.53170776367188,35.849220275878906
2023-06-28,420.4175109863281,83.74392700195312,31.328277587890625,124.13228607177734,36.21257400512695
2023-06-29,422.0745544433594,83.8909912109375,31.87187385559082,124.94064331054688,36.63042449951172
2023-06-30,427.0553283691406,85.22430419921875,32.148441314697266,126.22443389892578,36.86661148071289
2023-07-03,427.5466003417969,85.04293823242188,32.32963943481445,125.18789672851562,36.952903747558594
2023-07-05,426.9108581542969,84.51842498779297,32.26288604736328,125.12130737304688,36.7485237121582
2023-07-06,423.5678405761719,84.29295349121094,31.986312866210938,124.1227798461914,35.92189407348633
2023-07-07,422.4984436035156,83.92530822753906,32.03401184082031,122.67727661132812,36.69401168823242
2023-07-10,423.5678405761719,84.14588928222656,32.17705154418945,123.64729309082031,36.980159759521484
2023-07-11,426.2652893066406,84.32725524902344,32.55852127075195,123.67581939697266,37.79315948486328
2023-07-12,429.6950378417969,85.28312683105469,32.76833724975586,123.34295654296875,38.14288330078125
2023-07-13,433.10546875,86.3958740234375,32.882774353027344,123.39051818847656,37.99754333496094
2023-07-14,432.835693359375,86.26840209960938,32.66343307495117,125.24491882324219,36.993778228759766
2023-07-17,434.3385925292969,87.37132263183594,32.97814178466797,124.67434692382812,36.921112060546875
2023-07-18,437.56597900390625,88.36151123046875,33.350074768066406,125.59679412841797,37.293548583984375
2023-07-19,438.5390319824219,88.14094543457031,33.493125915527344,126.1769027709961,37.51156234741211
2023-07-20,435.6296081542969,86.38114929199219,33.741085052490234,128.26905822753906,37.95212936401367
2023-07-21,435.6296081542969,86.33702850341797,33.62664031982422,129.56243896484375,38.28822708129883
2023-07-24,437.5756530761719,86.48898315429688,33.950897216796875,129.27711486816406,38.905921936035156
2023-07-25,438.770263671875,87.47916412353516,33.731544494628906,129.22006225585938,39.11030578613281
2023-07-26,438.8377685546875,86.3027114868164,33.931819915771484,129.13449096679688,39.12393569946289
2023-07-27,435.92822265625,86.052734375,33.502662658691406,128.1834716796875,38.87412643432617
2023-07-28,440.1961364746094,87.22428131103516,33.56941604614258,128.56390380859375,38.99222183227539
2023-07-31,441.0342712402344,87.42524719238281,33.693397521972656,127.57486724853516,39.732547760009766
2023-08-01,439.7721862792969,87.57229614257812,33.693397521972656,126.90918731689453,39.54633712768555
2023-08-02,433.65460205078125,85.4056625366211,33.40729904174805,126.9947738647461,39.0285530090332
2023-08-03,432.4118347167969,85.0576171875,33.42637252807617,126.35760498046875,39.423702239990234
2023-08-04,430.4560852050781,83.90078735351562,33.29285430908203,125.91063690185547,39.47819900512695
2023-08-07,434.2134094238281,84.1360855102539,33.760162353515625,127.36563110351562,39.523616790771484
2023-08-08,432.3251647949219,83.48902893066406,33.454986572265625,128.34515380859375,39.71892166137695
2023-08-09,429.4349060058594,82.4106216430664,33.207027435302734,128.30711364746094,40.218528747558594
2023-08-10,429.58905029296875,82.42041778564453,33.23563003540039,128.22152709960938,40.2139892578125
2023-08-11,429.33856201171875,81.81258392333984,33.302391052246094,129.02037048339844,40.831687927246094
2023-08-14,431.7085266113281,83.11649322509766,33.23563003540039,129.4102325439453,40.659095764160156
2023-08-15,426.6795959472656,82.2978744506836,32.62527847290039,128.93479919433594,39.814308166503906
2023-08-16,423.5485534667969,81.51356506347656,32.57759094238281,127.95525360107422,39.4691162109375
2023-08-17,420.3211669921875,80.73906707763672,32.41547775268555,126.93768310546875,39.94148254394531
2023-08-18,420.5234680175781,80.86162567138672,32.40593338012695,126.9852294921875,40.33662033081055
2023-08-21,423.2595520019531,82.40570831298828,32.3677864074707,127.11837768554688,40.082271575927734
2023-08-22,422.113037109375,82.31256866455078,32.06260681152344,126.67139434814453,39.7734260559082
2023-08-23,426.814453125,83.79784393310547,32.37733459472656,127.05184936523438,39.673500061035156
2023-08-24,420.89923095703125,81.86650848388672,32.26288604736328,125.94866943359375,39.40099334716797
2023-08-25,423.8664245605469,82.69982147216797,32.41547775268555,126.87114715576172,39.782501220703125
2023-08-28,426.55438232421875,83.37628173828125,32.5966682434082,127.16592407226562,40.05049133300781
2023-08-29,432.72015380859375,85.0478286743164,32.89231491088867,128.30711364746094,40.159481048583984
2023-08-30,434.5024108886719,85.68997955322266,32.91138458251953,128.21200561523438,40.35932922363281
2023-08-31,433.8665466308594,86.10665130615234,32.787410736083984,126.68091583251953,40.38658142089844
2023-09-01,434.6758117675781,86.37135314941406,33.083045959472656,127.02330017089844,41.21320343017578
2023-09-05,432.79718017578125,86.68017578125,32.749263763427734,125.71090698242188,41.431217193603516
2023-09-06,429.8877258300781,85.76350402832031,32.73019027709961,125.0262222290039,41.44938278198242
2023-09-07,428.5679016113281,84.52333068847656,32.64435577392578,125.58731842041016,41.408512115478516
2023-09-08,429.2132873535156,84.6998062133789,32.71110534667969,125.58731842041016,41.808204650878906
2023-09-11,432.03607177734375,85.14098358154297,32.86369705200195,126.45272064208984,41.25862503051758
2023-09-12,429.6661376953125,83.59686279296875,33.083045959472656,126.2910385131836,42.230594635009766
2023-09-13,430.1671142578125,83.80765533447266,33.083045959472656,126.31004333496094,41.912662506103516
2023-09-14,433.8761901855469,84.41549682617188,33.38821792602539,126.7094497680664,42.4031867980957
2023-09-15,428.6487121582031,82.79295349121094,33.2165641784668,125.71090698242188,41.79001998901367
2023-09-18,428.90008544921875,83.19087219238281,33.30757141113281,125.51993560791016,42.1441650390625
2023-09-19,428.0106201171875,83.14665985107422,33.269248962402344,125.62498474121094,41.750675201416016
2023-09-20,424.07574462890625,81.8399658203125,33.03934097290039,125.63453674316406,41.36176681518555
2023-09-21,417.06646728515625,80.59223937988281,32.49331283569336,124.5363998413086,40.79441833496094
2023-09-22,416.1287536621094,80.76416778564453,32.24425506591797,124.27857971191406,40.86304473876953
2023-09-25,417.8785705566406,81.02450561523438,32.32088851928711,124.95655059814453,41.37549591064453
2023-09-26,411.7394714355469,79.56554412841797,31.889816284179688,123.8966293334961,41.137577056884766
2023-09-27,411.9038391113281,79.68834686279297,31.841915130615234,123.27597045898438,42.162471771240234
2023-09-28,414.29180908203125,80.25328063964844,32.07181930541992,123.86799621582031,42.208221435546875
2023-09-29,413.2862854003906,80.52837371826172,31.774860382080078,122.93219757080078,41.35719680786133
2023-10-02,413.1219482421875,81.3929443359375,31.506637573242188,122.76031494140625,40.53362274169922
2023-10-03,407.5919189453125,80.0125732421875,31.008508682250977,121.67174530029297,40.50616455078125
2023-10-04,410.5599670410156,81.00977325439453,31.238412857055664,122.1873779296875,39.23420333862305
2023-10-05,410.4053039550781,81.11786651611328,31.382102966308594,122.8558120727539,38.9917106628418
2023-10-06,415.27789306640625,82.6357650756836,31.650331497192383,124.1448974609375,39.22504806518555
2023-10-09,417.9366455078125,83.0631332397461,31.669496536254883,124.57461547851562,40.53362274169922
2023-10-10,420.1119384765625,83.19087219238281,31.899391174316406,125.1666259765625,40.583953857421875
2023-10-11,421.83282470703125,83.96210479736328,31.947296142578125,124.61280059814453,40.062347412109375
2023-10-12,419.26116943359375,84.04071044921875,31.746122360229492,123.5433120727539,40.10811233520508
2023-10-13,417.1728210449219,82.83718872070312,31.81317901611328,124.31678771972656,40.99115753173828
2023-10-16,421.5621032714844,83.63298797607422,32.148460388183594,125.25257873535156,41.26568603515625
2023-10-17,421.5427551269531,83.24491119384766,32.30173110961914,125.08069610595703,41.695770263671875
2023-10-18,415.9256286621094,82.39014434814453,31.746122360229492,123.99214172363281,42.075531005859375
2023-10-19,412.27117919921875,81.9185791015625,31.324634552001953,122.7698745727539,42.00232696533203
2023-10-20,407.2052001953125,80.53327178955078,30.845659255981445,122.28287506103516,41.29771423339844
2023-10-23,406.49945068359375,80.62661743164062,30.65407371520996,121.51898956298828,40.62970733642578
2023-10-24,409.5641784667969,81.18170928955078,30.86482048034668,121.89137268066406,40.057777404785156
2023-10-25,403.68603515625,80.22380065917969,30.74986457824707,120.80280303955078,39.984561920166016
2023-10-26,398.8520812988281,78.69114685058594,30.682815551757812,119.60919189453125,39.673439025878906
2023-10-27,397.0440979003906,79.14798736572266,30.127206802368164,117.58483123779297,38.72175598144531
2023-10-30,401.79107666015625,79.9978256225586,30.663652420043945,118.24370574951172,38.84986877441406
2023-10-31,404.3144226074219,80.56766510009766,30.998933792114258,118.92167663574219,38.97798156738281
2023-11-01,408.6263427734375,82.12488555908203,31.200096130371094,119.16995239257812,38.88646697998047
2023-11-02,416.4573974609375,83.51509094238281,31.937713623046875,121.06063079833984,40.062347412109375
2023-11-03,420.2569274902344,84.3747329711914,32.35919952392578,121.6622085571289,39.65971374511719
2023-11-06,421.2236633300781,84.92985534667969,32.26341247558594,122.47384643554688,39.21132278442383
2023-11-07,422.4225158691406,85.8582763671875,32.215511322021484,122.55980682373047,38.34199523925781
2023-11-08,422.73193359375,86.34458923339844,32.25382614135742,122.3879165649414,37.861572265625
2023-11-09,419.4350891113281,85.9417953491211,32.119720458984375,119.85746002197266,37.7471809387207
2023-11-10,425.9803161621094,88.18672943115234,32.483734130859375,120.57362365722656,38.163551330566406
2023-11-13,425.5743103027344,87.67095184326172,32.43583679199219,121.27069854736328,38.438079833984375
2023-11-14,433.8307800292969,89.42465209960938,33.048927307128906,122.0918960571289,38.78123474121094
2023-11-15,434.7491760253906,89.53763580322266,33.23093032836914,122.1873779296875,38.708030700683594
2023-11-16,435.28094482421875,89.98466491699219,33.36503982543945,122.71257781982422,37.953086853027344
2023-11-17,435.8223571777344,89.79798889160156,33.537471771240234,122.46430969238281,38.74920654296875
2023-11-20,439.1772155761719,91.09976959228516,33.67158508300781,123.2091064453125,38.80411148071289
2023-11-21,438.219970703125,90.3629150390625,33.65242004394531,123.95391845703125,38.71717834472656
2023-11-22,439.911865234375,90.76571655273438,33.78653335571289,124.54595947265625,38.69887161254883
2023-11-24,440.1826171875,90.58888244628906,33.89190673828125,125.21437072753906,38.85902404785156
2023-11-27,439.38983154296875,90.5839614868164,33.77695083618164,124.43135833740234,38.72175598144531
2023-11-28,439.8248596191406,90.75590515136719,33.767372131347656,123.79159545898438,38.73090362548828
2023-11-29,439.5154724121094,90.8246841430664,34.006866455078125,123.82978057861328,38.442649841308594
2023-11-30,441.2460632324219,90.95732116699219,34.390045166015625,125.38626098632812,38.69887161254883
2023-12-01,443.8564758300781,91.16363525390625,34.648681640625,125.88279724121094,38.90019607543945
2023-12-04,441.5264587402344,90.05345153808594,34.61036682128906,126.12151336669922,38.72175598144531
2023-12-05,441.4394836425781,90.59378814697266,34.43794250488281,125.95919036865234,38.044593811035156
2023-12-06,439.6605224609375,89.82747650146484,34.265506744384766,126.0546875,37.47724151611328
2023-12-07,443.01531982421875,90.91802215576172,34.42835998535156,125.90190887451172,37.22101974487305
2023-12-08,444.9198913574219,91.69416809082031,34.61036682128906,126.11196899414062,37.623661041259766
2023-12-11,446.6504211425781,92.494873046875,34.821109771728516,126.94271087646484,37.669410705566406
2023-12-12,448.6903991699219,93.10892486572266,35.07017135620117,127.48699188232422,37.152381896972656
2023-12-13,454.8778991699219,93.92931365966797,35.63536071777344,129.8360595703125,37.669410705566406
2023-12-14,456.3377685546875,93.69841003417969,35.98979949951172,129.2057647705078,38.77666091918945
2023-12-15,455.5863952636719,94.16999053955078,35.779048919677734,128.10769653320312,38.570770263671875
2023-12-18,458.149169921875,94.45161437988281,35.89842224121094,128.31680297851562,38.885807037353516
2023-12-19,460.93505859375,94.81099700927734,36.1679801940918,129.18003845214844,39.35236358642578
2023-12-20,454.5477600097656,93.37834930419922,35.522979736328125,127.3096694946289,38.98743438720703
2023-12-21,458.8576965332031,94.42699432373047,35.86954116821289,128.86351013183594,39.13987350463867
2023-12-22,459.7799072265625,94.55007934570312,35.946563720703125,129.5061492919922,39.25535583496094
2023-12-26,461.72137451171875,94.9439468383789,36.09096145629883,129.79391479492188,39.59257125854492
2023-12-27,462.55615234375,94.93899536132812,36.206478118896484,130.34059143066406,39.41703796386719
2023-12-28,462.7308654785156,95.05224609375,36.3123779296875,130.67636108398438,38.8165168762207
2023-12-29,461.3912658691406,94.76176452636719,36.19685745239258,130.8105926513672,38.72874450683594
2024-01-02,458.8092346191406,92.28046417236328,36.35087585449219,133.1126251220703,39.14448928833008
2024-01-03,455.062255859375,91.34014892578125,36.042823791503906,132.89199829101562,39.78196716308594
2024-01-04,453.5964660644531,90.67059326171875,36.187232971191406,133.55381774902344,39.08443832397461
2024-01-05,454.21771240234375,90.6459732055664,36.34125900268555,133.43870544433594,39.11677169799805
2024-01-08,460.7021484375,92.92049407958984,36.572303771972656,134.6184844970703,38.66407775878906
2024-01-09,460.0032043457031,93.06819152832031,36.34125900268555,134.5993194580078,38.04508590698242
2024-01-10,462.6047058105469,93.8608169555664,36.39902114868164,135.21316528320312,37.670921325683594
2024-01-11,462.4008483886719,94.33836364746094,36.264244079589844,135.11724853515625,37.76792526245117
2024-01-12,462.7211608886719,94.64362335205078,36.19685745239258,134.7815399169922,38.19289779663086
2024-01-16,461.0224609375,94.87992858886719,35.946563720703125,133.97584533691406,37.28288650512695
2024-01-17,458.4596862792969,94.41221618652344,35.879173278808594,133.70729064941406,36.973392486572266
2024-01-18,462.5367431640625,96.32735443115234,35.93693161010742,133.6881103515625,36.91334533691406
2024-01-19,468.30279541015625,98.54772186279297,36.5145378112793,133.76483154296875,37.03343963623047
2024-01-22,469.2929382324219,98.98096466064453,36.687828063964844,134.34991455078125,37.172019958496094
2024-01-23,470.66162109375,99.37972259521484,36.74558639526367,134.25401306152344,37.25054931640625
2024-01-24,471.1761169433594,100.0640640258789,36.88998031616211,133.02626037597656,37.781776428222656
2024-01-25,473.73883056640625,100.48253631591797,37.07289505004883,132.82485961914062,38.63174057006836
2024-01-26,473.13702392578125,99.32557678222656,37.207679748535156,133.5825958251953,38.91813659667969
2024-01-29,476.88397216796875,100.23637390136719,37.303932189941406,134.52255249023438,38.86271286010742
2024-01-30,476.5151062011719,99.4092788696289,37.77565383911133,134.82952880859375,39.264591217041016
2024-01-31,468.7396240234375,97.32182312011719,37.313560485839844,134.64724731445312,38.53011703491211
2024-02-01,474.8745422363281,98.54772186279297,37.3713264465332,136.39292907714844,38.52549362182617
2024-02-02,479.873779296875,99.56681060791016,37.525352478027344,136.19149780273438,38.58092498779297
2024-02-05,478.1264953613281,99.79328155517578,37.303932189941406,136.613525390625,38.48391342163086
2024-02-06,479.5146789550781,99.33543395996094,37.38095474243164,138.1002655029297,38.608646392822266
2024-02-07,483.51397705078125,100.64991760253906,37.660125732421875,138.4743194580078,38.687171936035156
2024-02-08,483.7275695800781,100.96500396728516,37.51573181152344,138.23451232910156,39.08443832397461
2024-02-09,486.5232238769531,102.32378387451172,37.62162780761719,138.12899780273438,38.48391342163086
2024-02-12,486.30963134765625,101.54594421386719,37.7949104309082,138.3112335205078,38.908905029296875
2024-02-13,479.6116943359375,99.82281494140625,37.28468322753906,137.02598571777344,38.51625442504883
2024-02-14,483.97021484375,100.86652374267578,37.6408805847168,138.21534729003906,38.47929763793945
2024-02-15,487.3094482421875,100.65484619140625,38.2858772277832,139.22244262695312,39.55099868774414
2024-02-16,484.88262939453125,99.72929382324219,38.151100158691406,139.67324829101562,39.52790069580078
2024-02-20,482.2132263183594,98.715087890625,38.045204162597656,139.20330810546875,39.16758346557617
2024-02-21,482.6500549316406,98.09477996826172,38.16072463989258,139.51019287109375,39.90206527709961
2024-02-22,492.6387023925781,101.30470275878906,38.60356521606445,141.15040588378906,39.971351623535156
2024-02-23,492.9783935546875,101.06837463378906,38.796104431152344,141.82179260253906,39.70804977416992
2024-02-26,491.1728820800781,101.16685485839844,38.60356521606445,141.0928497314453,39.84663772583008
2024-02-27,492.08538818359375,101.25547790527344,38.70945358276367,140.74754333496094,39.675716400146484
2024-02-28,491.43499755859375,100.77791595458984,38.85385513305664,140.04733276367188,39.597190856933594
2024-02-29,493.2016906738281,101.90039825439453,38.8346061706543,138.90594482421875,39.791202545166016
2024-03-01,497.8320007324219,103.7613754272461,38.786476135253906,140.36386108398438,40.253135681152344
2024-03-04,497.2980651855469,103.7613754272461,38.88274002075195,140.15284729003906,39.82353591918945
2024-03-05,492.32806396484375,101.2111587524414,38.892372131347656,139.1073760986328,40.119171142578125
2024-03-06,494.82281494140625,102.01365661621094,39.09452438354492,140.05694580078125,40.243900299072266
2024-03-07,499.734619140625,103.62353515625,39.03676986694336,140.7091827392578,40.58573532104492
2024-03-08,496.735107421875,102.08257293701172,39.104156494140625,140.4501953125,40.72892761230469
2024-03-11,496.3079833984375,101.80194091796875,39.171546936035156,140.3734588623047,41.1492919921875
2024-03-12,501.64697265625,103.88939666748047,39.335205078125,141.0256805419922,41.084625244140625
2024-03-13,500.86065673828125,102.76689910888672,39.62400436401367,140.47898864746094,41.740577697753906
2024-03-14,499.8704833984375,102.78658294677734,39.30632019042969,139.98020935058594,42.17017364501953
2024-03-15,496.4381103515625,101.23577880859375,39.26781463623047,139.4239044189453,42.294898986816406
2024-03-18,499.38848876953125,101.73334503173828,39.49295425415039,139.4075469970703,42.44111251831055
2024-03-19,502.1636962890625,102.26099395751953,39.68622589111328,140.33164978027344,42.925411224365234
2024-03-20,506.80841064453125,103.40506744384766,40.15971374511719,140.01397705078125,42.86487579345703
2024-03-21,508.4832458496094,103.47904205322266,40.488258361816406,140.19688415527344,43.12099075317383
2024-03-22,507.5191650390625,103.51355743408203,40.02442932128906,140.0043487548828,43.02785873413086
2024-03-25,506.1170349121094,102.82810974121094,39.86981964111328,139.8118438720703,43.42833709716797
2024-03-26,505.1822814941406,102.40401458740234,40.005104064941406,140.322021484375,43.093055725097656
2024-03-27,509.427734375,102.92674255371094,40.47859573364258,142.1895294189453,43.49353790283203
2024-03-28,509.3303527832031,102.7048110961914,40.70084762573242,142.20877075195312,43.9638557434082
2024-04-01,508.4441833496094,102.9908447265625,40.47859573364258,140.99586486816406,44.289825439453125
2024-04-02,505.2115478515625,101.9996337890625,40.2660026550293,138.8010711669922,44.9091682434082
2024-04-03,505.7664794921875,102.2708740234375,40.24668502807617,138.64706420898438,45.21650695800781
2024-04-04,499.5930480957031,100.65339660644531,39.792518615722656,136.64480590820312,45.188560485839844
2024-04-05,504.812255859375,101.80731964111328,40.16937255859375,137.86732482910156,45.6728630065918
2024-04-08,505.0945739746094,101.68896484375,40.34331130981445,137.4245147705078,45.38414764404297
2024-04-09,505.6788330078125,102.20182800292969,40.11140060424805,137.91546630859375,45.39811706542969
2024-04-10,500.61541748046875,100.94926452636719,39.51228713989258,136.29823303222656,45.53781509399414
2024-04-11,504.39349365234375,102.9661865234375,39.2320556640625,135.73992919921875,45.50522232055664
2024-04-12,497.43133544921875,101.29939270019531,38.71025848388672,133.71839904785156,44.764808654785156
2024-04-15,491.1994934082031,99.37618255615234,38.51700210571289,133.44888305664062,44.345706939697266
2024-04-16,490.3036193847656,99.4945297241211,38.25608444213867,133.49697875976562,43.959197998046875
2024-04-17,487.40185546875,98.05950927734375,38.352718353271484,133.2659912109375,43.833465576171875
2024-04-18,486.3988952636719,96.9400863647461,38.48800277709961,133.25634765625,43.69842529296875
2024-04-19,482.1534423828125,94.94290924072266,39.019474029541016,133.7569122314453,44.224632263183594
2024-04-22,486.59368896484375,95.79109191894531,39.49295425415039,134.26712036132812,44.51334762573242
2024-04-23,492.3679504394531,97.2113265991211,39.744197845458984,136.01907348632812,44.760154724121094
2024-04-24,492.1342468261719,97.6551513671875,39.73453903198242,135.59552001953125,44.792747497558594
2024-04-25,490.2646179199219,97.44309997558594,39.50262451171875,134.69065856933594,44.997642517089844
2024-04-26,494.909423828125,98.54277801513672,39.44464874267578,134.72915649414062,44.583194732666016
2024-04-29,496.662109375,98.96688842773438,39.38666915893555,135.18157958984375,44.8858757019043
2024-04-30,488.7943420410156,96.7872314453125,39.00014114379883,135.0853271484375,43.54941177368164
2024-05-01,487.2071533203125,95.79602813720703,39.00014114379883,135.3259735107422,42.85556411743164
2024-05-02,491.7641906738281,97.17681121826172,39.096778869628906,135.22972106933594,43.10236740112305
2024-05-03,497.85980224609375,99.88410186767578,39.18374252319336,135.566650390625,43.107032775878906
2024-05-06,503.0011291503906,101.05775451660156,39.68622589111328,136.11534118652344,43.44696044921875
2024-05-07,503.5561218261719,100.72735595703125,39.821510314941406,137.2416229248047,43.40505599975586
2024-05-08,503.60479736328125,101.01337432861328,39.966453552246094,136.76992797851562,43.35383224487305
2024-05-09,506.5064697265625,100.98377990722656,40.2660026550293,137.9443359375,43.935916900634766
2024-05-10,507.15899658203125,101.35858154296875,40.42061996459961,138.22349548339844,43.69377136230469
2024-05-13,507.22711181640625,101.83690643310547,40.256351470947266,138.08871459960938,43.57735061645508
2024-05-14,509.5544128417969,102.73933410644531,40.459259033203125,138.67591857910156,43.63322830200195
2024-05-15,515.8641967773438,105.0521469116211,40.75882339477539,140.73594665527344,43.73102951049805
2024-05-16,514.8026733398438,104.68721008300781,40.75882339477539,140.57228088378906,43.609947204589844
2024-05-17,515.542724609375,104.4554443359375,41.05837631225586,140.84182739257812,44.219974517822266
2024-05-20,516.1366577148438,105.68334197998047,40.49791717529297,140.5434112548828,43.93125915527344
2024-05-21,517.402587890625,105.85595703125,40.75882339477539,140.78407287597656,43.71704864501953
2024-05-22,515.9127197265625,106.0926513671875,40.52690887451172,141.0343475341797,42.87884521484375
2024-05-23,512.14453125,105.22966766357422,39.966453552246094,139.49417114257812,42.4876823425293
2024-05-24,515.5330810546875,106.11730194091797,40.20802688598633,139.02247619628906,42.54822540283203
2024-05-28,515.8932495117188,106.5660629272461,39.763526916503906,137.337890625,42.98594284057617
2024-05-29,512.28076171875,105.89046478271484,39.44464874267578,136.2693634033203,42.22690963745117
2024-05-30,508.8824462890625,103.47411346435547,39.657230377197266,136.33676147460938,42.34798049926758
2024-05-31,513.5173950195312,103.63684844970703,40.23701477050781,138.32940673828125,43.400386810302734
2024-06-03,513.9360961914062,103.89820098876953,39.98578643798828,139.30165100097656,42.264156341552734
2024-06-04,514.5106811523438,104.11518859863281,39.80217361450195,139.70594787597656,41.859031677246094
2024-06-05,520.6255493164062,106.42798614501953,39.91813659667969,140.34127807617188,41.854373931884766
2024-06-06,520.615966796875,106.07292938232422,39.8988151550293,140.80332946777344,42.07323455810547
2024-06-07,519.9830932617188,106.31949615478516,40.08240509033203,140.95733642578125,41.90559387207031
2024-06-10,521.589599609375,106.59070587158203,39.927799224853516,141.4771728515625,42.222251892089844
2024-06-11,522.8458862304688,108.57310485839844,39.473636627197266,140.8899688720703,42.138427734375
2024-06-12,527.139892578125,110.97465515136719,39.43498229980469,140.591552734375,41.686729431152344
2024-06-13,528.2012329101562,111.8524398803711,39.4059944152832,140.47605895996094,41.30488967895508
2024-06-14,528.522705078125,112.2716064453125,39.28036880493164,140.42791748046875,40.99754333496094
2024-06-17,532.7291259765625,113.97290802001953,39.62824249267578,140.2835235595703,41.10464859008789
2024-06-18,534.0825805664062,114.11592102050781,39.87948226928711,140.46641540527344,41.27694320678711
2024-06-20,532.6317749023438,112.83377075195312,40.092071533203125,140.92845153808594,42.03598403930664
2024-06-21,531.9176635742188,112.63653564453125,39.937461853027344,141.32315063476562,41.7938346862793
2024-06-24,530.1884765625,109.87506866455078,40.34783172607422,142.14747619628906,42.847660064697266
2024-06-25,532.2302856445312,111.89058685302734,40.04708480834961,141.7029571533203,42.94622802734375
2024-06-26,532.8946533203125,111.76215362548828,39.79484939575195,141.200439453125,42.52376174926758
2024-06-27,533.734619140625,111.81649017333984,39.74634552001953,140.9684600830078,42.62234115600586
2024-06-28,531.63427734375,111.7572021484375,39.882164001464844,140.85252380371094,42.7866325378418
2024-07-01,532.728515625,112.60194396972656,39.96947479248047,140.06005859375,42.81010818481445
2024-07-02,536.3136596679688,113.16509246826172,40.43513870239258,139.5478973388672,42.777244567871094
2024-07-03,538.7069702148438,114.69156646728516,40.309024810791016,138.48484802246094,42.96501159667969
2024-07-05,541.8134155273438,115.04230499267578,40.29932403564453,139.55755615234375,42.29375457763672
2024-07-08,542.438720703125,115.82775115966797,40.19261169433594,139.40293884277344,42.035579681396484
2024-07-09,542.9661254882812,115.73389434814453,40.503047943115234,140.0794219970703,41.66474533081055
2024-07-10,548.3389892578125,117.41348266601562,40.65827178955078,141.4033660888672,41.94639205932617
2024-07-11,543.6107788085938,114.47419738769531,40.97840881347656,142.39874267578125,42.38294219970703
2024-07-12,547.0397338867188,115.49678039550781,41.114234924316406,143.287841796875,42.490901947021484
2024-07-15,548.5441284179688,115.70426177978516,41.71571350097656,142.7853240966797,43.133995056152344
2024-07-16,551.7970581054688,115.3189468383789,42.19108200073242,144.8244171142578,43.32645797729492
2024-07-17,544.0602416992188,110.83343505859375,42.511226654052734,145.48155212402344,43.75831604003906
2024-07-18,539.8792724609375,110.84332275390625,41.99705123901367,142.17648315429688,43.838111877441406
2024-07-19,536.2940673828125,109.109375,41.570194244384766,142.9012908935547,43.359317779541016
2024-07-22,541.8233032226562,111.69298553466797,41.803035736083984,143.72274780273438,43.08705520629883
2024-07-23,540.9733276367188,111.24838256835938,41.880638122558594,143.6357421875,42.40171813964844
2024-07-24,528.7135009765625,106.64433288574219,41.30826187133789,144.83407592773438,42.40641784667969
2024-07-25,525.958740234375,105.50318908691406,41.46348571777344,144.10928344726562,43.13869094848633
2024-07-26,531.8493041992188,106.84192657470703,42.11347198486328,144.9210662841797,43.27482223510742
2024-07-29,532.1619262695312,106.36768341064453,42.05526351928711,145.00802612304688,42.90399169921875
2024-07-30,529.4656982421875,103.69514465332031,42.54032897949219,145.13365173339844,43.5705451965332
2024-07-31,538.072021484375,108.08679962158203,42.43361282348633,144.60214233398438,43.75362014770508
2024-08-01,530.452392578125,104.05577850341797,41.83213424682617,146.0807342529297,42.59417724609375
2024-08-02,520.5762329101562,101.13130187988281,40.80379104614258,145.79083251953125,41.49576187133789
2024-08-05,505.41510009765625,97.7622299194336,39.62022399902344,141.896240234375,40.58041000366211
2024-08-06,510.07476806640625,99.09109497070312,40.26051712036133,142.55337524414062,40.829200744628906
2024-08-07,506.66546630859375,97.485595703125,40.309024810791016,141.10377502441406,40.993499755859375
2024-08-08,518.3782348632812,101.12635803222656,40.959014892578125,144.2252655029297,41.87598419189453
2024-08-09,520.6641235351562,101.58084869384766,41.133636474609375,144.94039916992188,41.96986389160156
2024-08-12,520.9376831054688,102.41075897216797,40.92020797729492,144.38955688476562,42.1764030456543
2024-08-13,529.5048217773438,105.55753326416016,41.25975036621094,146.1387176513672,41.76801681518555
2024-08-14,531.1751708984375,106.13551330566406,41.764225006103516,146.66055297851562,42.012107849121094
2024-08-15,540.2797241210938,109.18841552734375,42.15227127075195,147.5786895751953,42.51437759399414
2024-08-16,541.4910278320312,109.3711929321289,42.46271896362305,147.7332763671875,42.467437744140625
2024-08-19,546.6683959960938,111.17430114746094,42.69554901123047,148.63201904296875,42.753780364990234
2024-08-20,545.7796020507812,110.7840347290039,42.55973434448242,149.231201171875,41.627197265625
2024-08-21,547.6550903320312,111.43611907958984,42.4918212890625,149.4824676513672,41.697608947753906
2024-08-22,543.3568725585938,108.87225341796875,42.73434829711914,149.5791015625,41.80556869506836
2024-08-23,549.1301879882812,110.63583374023438,43.103004455566406,150.2265625,42.42988967895508
2024-08-26,547.8211669921875,109.24768829345703,43.238826751708984,150.14926147460938,42.81010818481445
2024-08-27,548.5733642578125,109.90966033935547,43.46195602416992,150.3812255859375,42.41110610961914
2024-08-28,545.3888549804688,108.39307403564453,43.56867218017578,150.55514526367188,42.138851165771484
2024-08-29,545.4375610351562,107.41496276855469,43.956722259521484,150.8740692138672,42.68805694580078
2024-08-30,550.6444091796875,108.84261322021484,44.37388229370117,151.91775512695312,42.847660064697266
2024-09-03,539.3126220703125,103.84336853027344,44.044036865234375,151.6278533935547,41.7821044921875
2024-09-04,538.208740234375,103.57659912109375,44.09253692626953,151.366943359375,41.20473098754883
2024-09-05,536.8997192382812,103.41852569580078,43.60747528076172,149.28915405273438,40.885528564453125
2024-09-06,527.86376953125,100.73609924316406,42.967185974121094,148.7769775390625,40.37387466430664
2024-09-09,533.773681640625,102.38605499267578,43.60747528076172,149.8206787109375,40.6649055480957
2024-09-10,536.0986938476562,103.9174575805664,43.16122055053711,150.50685119628906,39.965484619140625
2024-09-11,541.5985107421875,107.46436309814453,42.957489013671875,150.06228637695312,39.59465026855469
2024-09-12,546.1605834960938,108.35355377197266,43.054500579833984,150.6034698486328,39.9514045715332
2024-09-13,549.012939453125,108.89696502685547,43.18061447143555,150.9127197265625,40.176719665527344
2024-09-16,549.8238525390625,108.48199462890625,43.743289947509766,151.95643615722656,40.636741638183594
2024-09-17,550.0484619140625,108.26958465576172,43.97613525390625,150.390869140625,41.18594741821289
2024-09-18,548.4171752929688,107.28157806396484,43.840301513671875,150.1396026611328,41.265750885009766
2024-09-19,557.7755737304688,110.4678726196289,44.325374603271484,150.6807861328125,41.758628845214844
2024-09-20,556.8113403320312,109.92941284179688,44.296268463134766,150.06228637695312,41.66474533081055
2024-09-23,558.2027587890625,109.90911865234375,44.242713928222656,149.76837158203125,42.1792106628418
2024-09-24,559.7999267578125,110.6613540649414,43.87273406982422,149.46768188476562,42.0750846862793
2024-09-25,558.5652465820312,110.97808074951172,43.60984420776367,148.01268005371094,41.25157165527344
2024-09-26,560.7797241210938,112.4478759765625,43.83378601074219,148.50738525390625,40.44225311279297
2024-09-27,559.9664916992188,111.39873504638672,43.96036148071289,148.42979431152344,41.265769958496094
2024-09-30,562.2103881835938,111.72534942626953,44.12588119506836,149.39979553222656,41.55447769165039
2024-10-01,557.173828125,109.00347900390625,43.892208099365234,148.6140899658203,42.501041412353516
2024-10-02,557.4091796875,109.81015014648438,43.940887451171875,148.31336975097656,42.936466217041016
2024-10-03,556.3899536132812,110.26544189453125,43.707210540771484,146.9747772216797,43.693721771240234
2024-10-04,561.4461059570312,111.49275970458984,44.44718551635742,147.0911865234375,44.10074996948242
2024-10-07,556.370361328125,110.7256851196289,43.90194320678711,146.44126892089844,44.256935119628906
2024-10-08,561.6322631835938,112.7943115234375,44.15509033203125,147.23666381835938,43.10211944580078
2024-10-09,565.5223999023438,114.05626678466797,44.564022064208984,148.74017333984375,43.362422943115234
2024-10-10,564.5327758789062,114.02658081054688,44.427711486816406,148.18727111816406,43.65586471557617
2024-10-11,567.9132080078125,114.22453308105469,45.28451919555664,149.27369689941406,43.92563247680664
2024-10-14,572.557861328125,115.71414184570312,45.5668830871582,150.09820556640625,43.90670394897461
2024-10-15,568.1092529296875,113.17041778564453,45.66425704956055,148.26487731933594,42.4915771484375
2024-10-16,570.5784912109375,113.52178192138672,46.228965759277344,148.6819610595703,42.69508743286133
2024-10-17,570.6275024414062,113.86820983886719,46.35554122924805,147.81866455078125,42.898597717285156
2024-10-18,572.8224487304688,114.27401733398438,46.36528015136719,148.53651428222656,42.75661849975586
2024-10-21,571.8817138671875,114.8084945678711,45.99528884887695,146.79046630859375,42.62882995605469
2024-10-22,571.5779418945312,114.68971252441406,45.90766143798828,146.57708740234375,42.72822189331055
2024-10-23,566.355224609375,113.04669952392578,45.86871337890625,145.88836669921875,42.505775451660156
2024-10-24,567.5802001953125,113.3782730102539,45.90766143798828,144.92808532714844,42.501041412353516
2024-10-25,567.3840942382812,113.9671859741211,45.401363372802734,144.13265991210938,42.48684310913086
2024-10-28,569.1382446289062,113.93255615234375,45.96608352661133,144.34605407714844,42.217071533203125
2024-10-29,570.0592651367188,115.46668243408203,45.68372344970703,143.9483642578125,41.573402404785156
2024-10-30,568.3346557617188,113.63066101074219,45.888187408447266,143.67674255371094,41.66806411743164
2024-10-31,557.1934814453125,109.98335266113281,45.255313873291016,142.46424865722656,41.928367614746094
2024-11-01,559.545166015625,110.80980682373047,45.41109848022461,143.3081817626953,41.663326263427734
2024-11-04,558.3399047851562,110.7256851196289,45.060585021972656,142.36727905273438,42.392189025878906
2024-11-05,565.09130859375,112.28458404541016,45.479251861572266,143.4148712158203,42.6761589050293
2024-11-06,579.1425170898438,115.48153686523438,48.244422912597656,143.59918212890625,44.28059768676758
2024-11-07,583.6206665039062,117.49571990966797,47.46549987792969,144.6370849609375,44.07708740234375
2024-11-08,586.148681640625,117.36705780029297,47.89391326904297,145.6749267578125,44.37052536010742
2024-11-11,586.707275390625,116.71875,48.575462341308594,144.8213653564453,44.62136459350586
2024-11-12,584.8847045898438,116.8672103881836,48.42941665649414,142.80377197265625,44.38471984863281
2024-11-13,585.1688232421875,116.4614028930664,48.4586296081543,142.4254608154297,44.730220794677734
2024-11-14,581.4061279296875,116.06550598144531,48.332054138183594,140.18478393554688,44.900604248046875
2024-11-15,573.9591064453125,113.1852798461914,48.555992126464844,137.5851287841797,44.83434295654297
2024-11-18,576.310791015625,113.55147552490234,48.70204162597656,137.68215942382812,45.43067932128906
2024-11-19,578.41748046875,114.48187255859375,48.380733489990234,136.97406005859375,45.14197540283203
2024-11-20,578.6134643554688,114.38289642333984,48.23468780517578,138.59396362304688,45.59633255004883
2024-11-21,581.7196044921875,115.54586029052734,48.84808349609375,139.70945739746094,45.96549606323242
2024-11-22,583.5226440429688,115.6052474975586,49.393333435058594,139.83558654785156,46.0364875793457
2024-11-25,585.5018920898438,115.60030364990234,49.714637756347656,141.02865600585938,45.127777099609375
2024-11-26,588.5591430664062,116.17932891845703,49.812007904052734,141.78524780273438,45.066253662109375
2024-11-27,586.7757568359375,114.60559844970703,49.909366607666016,142.54185485839844,45.01892852783203
2024-11-29,590.4208374023438,115.66959381103516,49.98726272583008,142.9880828857422,45.21297073364258
2024-12-02,591.4791259765625,116.76823425292969,49.490699768066406,142.73585510253906,44.73495101928711
2024-12-03,591.7535400390625,117.18888854980469,49.12071228027344,142.415771484375,44.730220794677734
2024-12-04,595.4280395507812,119.33174133300781,48.93571472167969,142.3381805419922,43.65113067626953
2024-12-05,594.4481201171875,118.72798919677734,49.081764221191406,140.74737548828125,43.821510314941406
2024-12-06,595.5750732421875,119.18822479248047,49.0720329284668,139.95196533203125,43.07844924926758
2024-12-09,592.5079345703125,118.41127014160156,48.400211334228516,140.35935974121094,43.00746536254883
2024-12-10,590.6658325195312,116.76823425292969,48.39047622680664,139.77735900878906,42.71402359008789
2024-12-11,595.2320556640625,118.46073913574219,48.48783874511719,137.8761444091797,42.785011291503906
2024-12-12,592.1651000976562,117.79759979248047,48.27363204956055,136.78004455566406,42.43951416015625
2024-12-13,592.0474853515625,118.30238342285156,48.23468780517578,136.76065063476562,42.22653579711914
2024-12-16,594.5755615234375,119.48516082763672,48.14706039428711,135.1310577392578,41.29889678955078
2024-12-17,592.1259155273438,118.76262664794922,47.80628204345703,135.0340576171875,40.99126434326172
2024-12-18,574.4784545898438,114.93222045898438,46.37501525878906,133.20074462890625,39.7796516418457
2024-12-19,574.302001953125,115.05593872070312,46.54053497314453,132.19192504882812,39.43415069580078
2024-12-20,581.2000122070312,116.77317810058594,47.2318229675293,133.86033630371094,39.82225036621094
2024-12-23,584.6803588867188,118.01043701171875,47.34524917602539,135.19720458984375,40.05610656738281
2024-12-24,591.1790771484375,119.2298583984375,47.90260314941406,135.75262451171875,40.394954681396484
2024-12-26,591.2183837890625,119.30917358398438,48.01993942260742,136.0254669189453,40.36154556274414
2024-12-27,584.9949951171875,117.72294616699219,47.667930603027344,135.39207458496094,40.356773376464844
2024-12-30,578.3192138671875,116.22593688964844,47.20835876464844,133.7258758544922,40.35200881958008
2024-12-31,576.2152099609375,115.25933074951172,47.25725173950195,134.0474395751953,40.88176345825195
