Date,SPY,XLK,XLF,XLV,XLE,PORTFOLIO
2020-01-03,9924.27731504922,9887.566654799297,9893.824980338986,9912.857114275323,9970.286991601493,9917.762611212864
2020-01-06,9962.141233932363,9911.124922365585,9887.388326197113,9974.544272071033,10047.86949570303,9956.544316388574
2020-01-07,9934.129498291997,9906.840425200777,9823.03909505739,9954.961218680417,10021.45893799437,9927.980782646822
2020-01-08,9987.074677590912,10012.849180267656,9887.388326197113,10019.583883567959,9856.386577721758,9953.000580382328
2020-01-09,10054.794009501586,10126.35084746216,9948.52130749938,10062.66510670809,9929.019107165388,10024.598502555818
2020-01-10,10025.858889322984,10102.791717650518,9874.518479969169,10065.60559486399,9872.89554105822,9988.503738131216
2020-01-13,10094.806652449704,10229.14515184874,9942.086038179828,10030.354604441662,9876.197169219875,10034.568091287892
2020-01-14,10079.419314793022,10180.962881458427,9922.77953781001,10091.061322792957,9877.84716077251,10030.640352567
2020-01-15,10102.192698192484,10192.740290750862,9868.083210649616,10178.20669904967,9805.215453857072,10029.00919327508
2020-01-16,10186.228935676681,10329.799363266298,9954.955191996612,10231.079033796435,9821.723594665344,10104.120346841017
2020-01-17,10217.93317890689,10399.398083763172,9983.914596345758,10231.079033796435,9758.995127178485,10116.997973668413
2020-01-21,10197.925826869727,10395.115311089072,9900.258172425058,10241.848094315448,9584.020350005485,10061.099499094562
2020-01-22,10199.156319211976,10432.59625438894,9929.215499540724,10254.58052425533,9491.580519176503,10057.57644556079
2020-01-23,10210.85527153122,10481.848571263761,9903.475807084835,10202.6853082436,9455.26507698288,10046.289792257412
2020-01-24,10120.048234475367,10432.59625438894,9777.993594642841,10032.312992798457,9346.316282817434,9936.817676101977
2020-01-27,9957.829357918998,10184.17043417589,9626.77030492264,9955.939167592796,9087.158212804165,9756.665663915
2020-01-28,10062.182116370568,10379.055991367892,9739.383363547846,10004.89804633535,9128.424452183885,9855.73916890216
2020-01-29,10053.86650271095,10405.826122878414,9723.294497837807,9977.48143951755,9032.682993193248,9829.862505647478
2020-01-30,10086.49825273179,10495.766935770569,9845.561845264661,9905.025221202826,9105.313055052304,9879.488606197234
2020-01-31,9903.346578473824,10207.731288478239,9639.638766328268,9707.237129117231,8821.391951298432,9646.990988579635
2020-02-03,9976.914355981022,10342.646819043242,9707.207709361246,9795.35962410898,8705.843190922446,9692.591123159205
2020-02-04,10128.973941490603,10613.555686865942,9800.515652438957,9967.689497733572,8737.20783592997,9832.63448549483
2020-02-05,10245.944914547254,10675.659770744482,9996.783750162545,10159.601594571435,9065.69762975341,10018.030630205907
2020-02-06,10280.422403081466,10773.100393727098,9983.91459634576,10168.412266733656,8973.257798924427,10021.788572025755
2020-02-07,10225.631485269181,10674.589724259973,9948.52130749938,10089.101274081471,8910.530976493952,9956.027676644706
2020-02-10,10301.968385827984,10819.142571148392,9977.479327026209,10142.955708627342,8865.962286424383,10004.322157095956
2020-02-11,10319.820830421562,10782.736847805161,10012.870538639107,10203.66159680129,8965.00372852029,10042.480829893311
2020-02-12,10386.30863942689,10899.45210343461,10019.30303831402,10216.391536209136,9085.506576195145,10107.954751464285
2020-02-13,10375.22802496807,10870.541016709714,10016.088865710042,10168.41226673365,9057.445204405656,10084.04931291794
2020-02-14,10391.849977219403,10917.65582735158,10028.956634704507,10176.245820160837,9009.574063646241,10089.506930554306
2020-02-18,10365.069764484384,10876.96560684354,9942.086038179828,10140.01854118082,8935.29318770636,10035.486352482512
2020-02-19,10414.629543997471,11006.530042740644,10016.088865710042,10187.017371211887,9054.141931187618,10119.930276595855
2020-02-20,10371.843655745342,10891.956604570923,9996.783750162545,10121.415927234619,9044.240336815423,10071.398014107494
2020-02-21,10265.02991260928,10647.818730504097,9900.258172425061,10127.291092305006,8936.942356730804,9963.328248855285
2020-02-24,9924.585453416332,10207.73128847824,9578.50647743716,9808.090393694167,8524.265157426136,9595.299976550388
2020-02-25,9623.849621056796,9881.143789156182,9253.538532611805,9510.430306653394,8147.902577786901,9267.67161265262
2020-02-26,9588.449778547449,9926.115920092967,9185.972359223464,9509.449037031634,7901.946085251098,9199.612885722629
2020-02-27,9157.817650722172,9390.72536131745,8793.438241009768,9186.331561707204,7479.366469046043,8778.201598541546
2020-02-28,9119.34157735721,9462.467623764762,8555.34089270909,9067.854462273792,7472.762390194542,8712.508103025983
2020-03-02,9514.26984655843,10009.635591832714,8992.923973393132,9492.803981264888,7774.842448837512,9129.953198209825
2020-03-03,9241.85182708017,9629.510416225668,8655.08410510635,9256.829391665133,7537.1392041776535,8838.511504082744
2020-03-04,9630.313312824443,10042.830313477063,8941.443896070192,9790.464898483004,7715.417254568691,9190.888547966404
2020-03-05,9310.184344035766,9725.880992723774,8510.297469528023,9563.305131932193,7433.145319839264,8873.236683863903
2020-03-06,9156.274897760413,9520.288934969201,8220.719351493246,9512.38869501019,7015.51814587669,8636.844176585413
2020-03-09,8441.22075145982,8797.516940318916,7339.126229739529,9017.920125150891,5602.508891941016,7747.85822159579
2020-03-10,8878.011524374931,9384.300771183627,7770.269886637059,9327.328051800405,5868.273097126266,8149.099147169308
2020-03-11,8445.223973824524,8940.998878477472,7348.779133718858,8970.922125297167,5557.939379343256,7755.782549872111
2020-03-12,7637.209428869145,8068.314319817326,6554.0552236674985,8301.18568418941,4864.642293182277,6978.929400274206
2020-03-13,8290.085581051575,9014.880371648445,7416.3459995183575,8876.921144525651,5313.634112152376,7671.272614660289
2020-03-16,7382.954568759326,7769.566136244945,6399.612222054042,8001.5696993238735,4590.624428856985,6721.05696849235
2020-03-17,7781.573799705734,8298.532104886632,6747.1029170866705,8503.868501900977,4621.987017544031,7051.7050694782
2020-03-18,7387.572006732052,7985.863832316735,6174.388874448269,8221.874691537225,3958.40170598927,6558.191146521154
2020-03-19,7403.269543882048,8014.774919041631,6309.52468328075,8053.463254980914,4227.467950600271,6656.723726996728
2020-03-20,7084.231941417024,7647.498923702239,6084.299950852656,7744.055328331399,4268.735423772281,6452.665191922057
2020-03-23,6903.098624991796,7577.643254089827,5730.292628189194,7341.837725400409,3977.784994091779,6177.802239655178
2020-03-24,7528.542733278008,8353.705460608453,6440.901391926458,7907.576190148463,4615.715240081996,6862.86773721063
2020-03-25,7641.247690379272,8342.941189607154,6616.118805568592,8012.853469796773,4833.421590608306,7001.999284125108
2020-03-26,8087.417618073935,8859.597743572893,7031.451253631177,8545.140768606407,5128.75979692766,7436.9990842760735
2020-03-27,7846.529676661859,8459.186521518588,6817.295406004285,8362.137304857471,4781.105096236622,7147.493098929406
2020-03-30,8101.350315913967,8815.46630185641,6947.0878779162795,8753.726977418091,4830.046346173493,7362.914358965216
2020-03-31,7980.597176277717,8650.782612684477,6755.645885976776,8715.353690001313,4904.30295753172,7289.0592485790785
2020-04-01,7621.431507797294,8238.536210899008,6343.5559993757215,8383.782518773001,4661.282068112245,6937.35412387583
2020-04-02,7797.29916205945,8431.204935285472,6502.553681598606,8615.982291985154,5088.256041181685,7202.114842475387
2020-04-03,7684.594720239736,8300.964499030712,6372.759824864292,8538.250296643115,5034.251307696447,7102.008894071402
2020-04-06,8200.738851909424,9009.214557426278,6830.273960784325,8985.925920452899,5300.900964480109,7570.284851467844
2020-04-07,8209.102386753226,8928.486836143296,6898.416912668812,8912.133946790109,5413.972681206664,7593.22977151161
2020-04-08,8484.667230659503,9168.516973342914,7200.182851939091,9279.127955151158,5775.129182165155,7915.3094150702245
2020-04-09,8613.781328731804,9170.66913774689,7586.311474513108,9330.289294389931,5722.811865265277,8019.054127874978
2020-04-13,8535.134936264314,9191.121597547502,7310.504029625227,9248.62889985147,5704.247815241744,7930.440243092941
2020-04-14,8786.861309806543,9576.46163305649,7342.951801397646,9555.601916348172,5677.244625970934,8095.891488214698
2020-04-15,8600.157799821985,9367.643053186659,7024.961283829997,9506.407267239647,5410.597436771848,7871.675871106041
2020-04-16,8641.648785538071,9481.73880743018,6901.661551363822,9714.008055542849,5179.390931034466,7837.919581013013
2020-04-17,8875.104305867835,9607.674052631633,7265.077010661608,9915.709603632655,5729.562765399003,8182.6947964458905
2020-04-20,8718.743149975893,9453.754634461002,7138.529869855782,9836.997168846197,5550.672342769213,8035.050378462099
2020-04-21,8454.012615947371,9057.651190196068,6908.151521165,9537.893403402513,5452.788609103183,7789.859949356945
2020-04-22,8641.648785538071,9406.3940838932,6982.781673206027,9683.510660597847,5646.867014793498,7980.494087922775
2020-04-23,8641.024264299042,9341.811906866813,6953.578540128618,9736.640350321555,5829.1347381785845,8023.0206735972915
2020-04-24,8761.473387820583,9539.862766753926,7054.166494140885,9867.497884500579,5842.635304653751,8127.899338738991
2020-04-27,8887.800843268566,9621.667432484252,7294.2787589166965,9994.422038419112,5969.209232911854,8276.735166946288
2020-04-28,8846.928710694456,9493.579160633468,7372.152857241574,9792.723811038684,6105.908894474404,8269.260632446738
2020-04-29,9078.52509519054,9883.22783617718,7586.311474513105,9857.658622607936,6558.198640229295,8561.953197099867
2020-04-30,8994.001401359708,9839.095532215344,7394.866712928963,9812.401504646625,6413.061073211755,8449.392652376326
2020-05-01,8755.90010257195,9568.928195397217,7157.999086848161,9625.457189041092,6050.2163331397105,8176.318213356753
2020-05-04,8780.050318273961,9695.937798309951,7093.104235714483,9620.54087880415,6259.484778211031,8243.434436435693
2020-05-05,8861.171092746254,9829.408205661386,7070.388995204775,9829.125427261146,6264.546205438919,8313.160939020805
2020-05-06,8801.102661295241,9905.829011400354,6917.88543725003,9731.719059020545,6100.845822190133,8219.031560973699
2020-05-07,8907.307341638783,10054.369743051751,7080.124988523285,9730.737789398783,6259.484778211031,8344.645689353123
2020-05-08,9054.690231797349,10201.829219029036,7232.629238889189,9780.914538306415,6544.6964286977445,8517.335633604082
2020-05-11,9056.547306504826,10269.643091642803,7093.104235714483,9949.162429925767,6429.936472857638,8495.5791623151
2020-05-12,8876.03902660018,10057.59885190307,6908.151521165,9797.643441985007,6316.862699810604,8326.570210503438
2020-05-13,8719.05438003231,9884.301331643108,6703.728204800817,9691.380741828212,6029.963632738529,8125.446630270543
2020-05-14,8823.397863415974,10010.237439089915,6875.70374939258,9797.643441985007,6097.469343963028,8243.30093270693
2020-05-15,8863.95979649677,10060.82623626368,6830.273960784322,9880.290917386645,6073.843455447512,8255.837742213433
2020-05-18,9133.951870435963,10307.316315656644,7180.712250124388,9961.952142102453,6570.010556326811,8579.830417637999
2020-05-19,9040.13558912604,10269.643091642802,7005.495528893414,9841.917629969867,6386.056650148654,8445.34071002648
2020-05-20,9193.710102393665,10494.602904542457,7161.243033132008,9853.72275181541,6640.89110072203,8618.013944404476
2020-05-21,9130.236690457908,10348.217786276453,7138.52986985578,9780.914538306417,6534.571106657394,8536.275364844962
2020-05-22,9147.577975753535,10385.88756130888,7112.572067884541,9801.576822245499,6494.06817343961,8532.549288168348
2020-05-26,9260.279325883947,10375.12760153435,7482.476804572347,9783.867479122493,6674.644367598376,8684.925334545684
2020-05-27,9398.061490196309,10434.327643060089,7806.958676763494,9885.208057800932,6760.717007695081,8836.39695217573
2020-05-28,9380.724327153084,10413.875183259475,7683.652712596879,10014.098071672366,6571.69920670446,8775.392568203722
2020-05-29,9422.521905391632,10545.195150697642,7596.0440057758115,10135.118004313435,6541.321595527025,8798.430236564187
2020-06-01,9460.605334215225,10541.96517960097,7683.652712596878,10034.757865079411,6656.081140103036,8838.745489237217
2020-06-02,9538.940496626301,10640.988885053817,7745.306387091344,10092.811336636165,6841.722462866554,8943.702336297478
2020-06-03,9665.890412187115,10723.873081967547,8034.091694348104,10073.133643028224,7042.553002482884,9097.153133543403
2020-06-04,9640.49733738565,10635.606749553166,8209.308415579078,9993.439108442662,7044.2391852759565,9103.119190831972
2020-06-05,9887.578963032985,10915.46313741596,8514.321070777845,10154.795697921378,7567.410709218354,9429.94459114425
2020-06-08,10007.096457511487,10970.360574624448,8676.55923722878,10224.65014043695,7908.315743567954,9596.099774059026
2020-06-09,9932.476475078465,11022.024591754851,8491.605830268136,10118.390760989536,7611.28929813505,9457.88723687346
2020-06-10,9877.053822085447,11206.084658525408,8173.616697522808,10102.649768351466,7236.632641965488,9312.032231723308
2020-06-11,9307.651219934229,10563.491997112862,7505.190660259732,9540.846344218591,6554.82339579448,8666.528497293095
2020-06-12,9419.11795546999,10700.188926579554,7732.326447488983,9602.831535681147,6720.209550572243,8817.166954269947
2020-06-15,9507.049721474868,10803.52385880319,7839.402294068949,9624.473428887299,6740.464307293902,8884.368367323541
2020-06-16,9690.040627889124,11033.865807203498,7962.706873413244,9861.596153755154,6934.542712984218,9079.34160621435
2020-06-17,9649.78683317544,11031.711056063457,7842.6497024085975,9851.756061685166,6698.271901170278,8980.383582404405
2020-06-18,9653.503043716597,11081.225495525943,7832.913709090088,9818.303235392055,6780.966829247591,9002.982098795752
2020-06-19,9598.334939809452,11004.80124080556,7780.99602791413,9912.755832639235,6678.020434561386,8958.324929327084
2020-06-22,9659.909023950602,11212.141932138364,7742.465424102517,9874.716276515139,6708.958598701493,8996.128207135856
2020-06-23,9704.379882872387,11293.093837213428,7778.384945430372,9917.202262498922,6715.795864295352,9035.323595232858
2020-06-24,9456.833473266632,11038.371039178968,7504.083494815145,9658.332211902105,6343.171264023489,8737.308143099197
2020-06-25,9558.215118298858,11179.7637568444,7703.279106922535,9753.182464097528,6464.5299522818505,8875.405437991656
2020-06-26,9331.197525659221,10959.57733422536,7373.4642839783,9634.616535688205,6240.612691379691,8639.221210545591
2020-06-29,9468.339710286045,11079.384601694817,7455.100944545748,9721.565990091502,6324.368680824352,8741.41698196981
2020-06-30,9589.62358991916,11277.98298738182,7556.332148525504,9887.561610573935,6469.658004293269,8888.904197031097
2020-07-01,9656.79878451266,11296.333293008998,7491.0232355182425,9963.642383176822,6312.403363219073,8859.352590642435
2020-07-02,9709.97996276164,11362.170037025682,7500.819468607657,10038.736074916533,6382.483998947823,8914.779939797862
2020-07-06,9859.878457449035,11560.766698221976,7644.50170838604,10140.50502510498,6401.286582146961,9030.949262181872
2020-07-07,9758.18146010799,11439.883348550531,7487.756439666116,10052.569320015851,6197.88111802638,8883.343224594444
2020-07-08,9832.821023239925,11626.607753465434,7566.127689203759,10053.555570701683,6192.753888543153,8943.232222514021
2020-07-09,9776.841866172525,11668.701709410041,7406.120471509828,9974.511064977236,5886.7910855710625,8799.265201384504
2020-07-10,9876.668391485784,11665.465702595888,7660.828071123905,9950.798709472714,6074.814038713769,8929.29580546767
2020-07-13,9791.147112573464,11423.692967535517,7693.482181421957,10007.11711037847,6042.334868006433,8884.990791015454
2020-07-14,9918.02901096963,11555.372491286369,7732.669883424258,10205.718776262143,6254.285577511025,9035.152467046777
2020-07-15,10009.148308644999,11617.973228488903,7886.145586647417,10338.119610125474,6389.3220870698715,9159.867625006276
2020-07-16,9976.184717305729,11474.419723965952,7886.145586647417,10321.320971549905,6360.263811111992,9119.889622498746
2020-07-17,10005.10644016402,11530.54672304947,7820.838058462475,10462.61466513261,6271.381003448201,9118.474323882176
2020-07-20,10085.965451608732,11825.206139152438,7784.916459901139,10460.63884305157,6167.114039750153,9140.775753189233
2020-07-21,10107.419714239288,11706.478402866385,7938.393547946618,10453.722635590586,6539.739462550207,9271.60179785992
2020-07-22,10164.95605215186,11800.380370915538,7938.393547946618,10547.58663710018,6459.401077742237,9290.901952454613
2020-07-23,10043.66701970324,11493.84869853118,7944.925062417388,10500.162756268484,6447.438227721534,9210.193906509014
2020-07-24,9978.98166556105,11354.618492213973,7925.3319038273985,10384.556410093997,6411.542686169794,9140.93811594445
2020-07-27,10051.756940043804,11533.785316599686,7860.024375642456,10462.614665132613,6418.379540499558,9183.744772103464
2020-07-28,9988.001153818454,11398.869786034682,7840.429139818986,10450.758902469024,6308.98575858238,9112.64388575981
2020-07-29,10110.843244859841,11564.007878508253,7987.376098216016,10560.432801336321,6440.60137339177,9252.767860797507
2020-07-30,10074.767352956429,11628.766815832243,7843.695935671111,10487.315761854996,6187.625836531732,9137.740542737503
2020-07-31,10154.378352486185,11919.109831692298,7846.961346700917,10427.044886609812,6158.5675605738525,9179.48679396619
2020-08-03,10224.976047137137,12212.6871298758,7869.819916320713,10534.742963396071,6180.787337145584,9268.40474441479
2020-08-04,10264.4703168456,12243.990085213129,7837.1651136115015,10488.305333250206,6331.206768946399,9309.565500628358
2020-08-05,10328.221980818545,12289.321772462596,7944.925062417391,10536.720445831803,6397.866921189787,9381.822733785859
2020-08-06,10397.26352518743,12462.015720974649,7941.658958976426,10480.400384571356,6346.59133624475,9394.894253790399
2020-08-07,10404.727893725863,12276.367398261735,8111.465179404411,10513.995171190456,6355.136581628763,9416.980534716322
2020-08-10,10435.82410472665,12241.831885091668,8170.243962763224,10478.424562490314,6551.704780155484,9482.841593801817
2020-08-11,10349.684487953906,12021.648049208688,8264.942267449893,10412.22456064732,6529.484181055561,9436.642912319636
2020-08-12,10493.979811062749,12294.716841643556,8242.084390241256,10587.109720139746,6594.437176036986,9551.080888737153
2020-08-13,10475.011266631102,12300.113635315227,8189.835044119735,10573.278965572463,6466.2391658642855,9496.72635276325
2020-08-14,10475.320435561314,12291.479110338694,8222.490539240105,10552.528682834814,6527.772911152639,9517.369355284312
2020-08-17,10508.5973180832,12373.50968435181,8085.340506343652,10614.777040515726,6490.170623603033,9504.63350424059
2020-08-18,10531.301653754916,12419.920902784683,8033.091852633292,10611.81247721682,6408.123436476718,9479.024614840726
2020-08-19,10487.449132693557,12404.80919070772,8029.8285188369655,10577.231439911888,6334.623962318991,9440.131323256068
2020-08-20,10520.103555102613,12569.948145426646,7954.720603095649,10543.636653292784,6197.881118026375,9406.73181627096
2020-08-21,10557.42333666858,12729.689444228547,7938.393547946624,10554.505335093198,6158.56756057385,9423.458733451671
2020-08-24,10664.401969900759,12839.780068802007,8127.792234553439,10506.090222511604,6327.785462932845,9546.961835776552
2020-08-25,10701.722782029829,12904.543317352765,8150.650804173235,10577.231439911888,6238.903889061341,9554.75427166282
2020-08-26,10809.012645318418,13166.820246935,8111.465179404414,10564.385275675744,6107.288685516048,9560.930078151094
2020-08-27,10832.646548906974,13177.614696523697,8248.613827478548,10647.383085916961,6119.254003121326,9617.779150924867
2020-08-28,10902.617661192697,13293.10297701418,8281.27070742124,10671.094611244136,6228.647373774408,9693.348398603956
2020-08-31,10863.120299794933,13335.198657449497,8183.304914471287,10696.785279361731,6093.614976856521,9632.168713074921
2020-09-01,10965.438726685705,13589.919730993248,8206.164868913402,10600.942965239063,6052.591794557459,9662.262881104618
2020-09-02,11124.040326758586,13710.806529646108,8323.720358397544,10813.377046044705,6023.533929863675,9764.533368181892
2020-09-03,10741.21602117519,12929.367361098957,8196.369328235145,10518.933066038366,5979.093142927924,9488.556843705634
2020-09-04,10653.516131867973,12749.115832057716,8258.412830212601,10443.842695008034,5960.288503408307,9441.455505369755
2020-09-08,10362.432553509676,12172.752236297996,8046.15557398599,10271.917117750445,5743.209741892296,9156.105276594062
2020-09-09,10567.060132223312,12569.948145426648,8127.792234553436,10453.722635590584,5782.5241218730125,9315.545425603194
2020-09-10,10383.578677773117,12286.083178912377,8013.500078865617,10293.65614170596,5570.572589840228,9118.104355160904
2020-09-11,10388.866497042854,12192.181210863224,8069.0134511946235,10334.167135786047,5575.700230587551,9126.583814695721
2020-09-14,10525.697451613263,12447.982677835735,8180.0388110303165,10482.377036829737,5618.4326264690535,9254.204397297177
2020-09-15,10578.879660425342,12571.027676610054,8069.0134511946235,10496.20945175171,5577.409032905895,9245.658328691748
2020-09-16,10536.898641954867,12376.745691165963,8160.4484220849645,10478.424562490312,5801.326293808054,9301.800309549018
2020-09-17,10444.223193997428,12274.210922630984,8075.544965665394,10443.842695008034,5809.874006776643,9247.271400435113
2020-09-18,10323.98121365913,12062.660749479182,8059.215833282888,10428.03279765033,5744.921011795216,9166.887238554184
2020-09-21,10209.078580745603,12162.935572940914,7857.28588950529,10235.3884843942,5554.499155181292,9021.147565502659
2020-09-22,10313.05003084991,12355.483582977795,7791.616230283752,10213.563121994806,5497.16482757588,9030.534329173053
2020-09-23,10073.883129816018,11970.389287394742,7617.595303125822,10108.412029302932,5248.715663355001,8791.795744617602
2020-09-24,10100.731359715684,12037.45645553181,7634.010294492148,10057.821021900158,5246.978483814041,8800.740432861545
2020-09-25,10264.0333580909,12325.194628176956,7712.812916182373,10219.517153912968,5243.5028909398325,8916.571805145717
2020-09-28,10434.513228462547,12561.011834576164,7896.688931378304,10311.769781195966,5366.85908891184,9080.878094968526
2020-09-29,10377.684887400163,12518.824756133306,7798.182365312516,10298.876296851158,5219.179498517719,8989.98487569812
2020-09-30,10456.36941070238,12623.750531035363,7903.2543739959065,10463.546124113667,5203.543648856791,9066.275146011289
2020-10-01,10523.496168830146,12756.803611635385,7916.38664405343,10427.833555087536,5043.70174535547,9038.152084123478
2020-10-02,10423.58307621643,12433.368481328127,7978.772889555008,10332.603911845457,5092.348530199697,8990.331633115558
2020-10-05,10608.424873959557,12705.961314327498,8110.1129004092445,10544.89105126104,5245.240893008986,9182.163406735104
2020-10-06,10457.617422617335,12509.089143839517,8028.023402943262,10405.020281647623,5167.056709535189,9057.281917962722
2020-10-07,10639.649905347935,12738.417953948689,8162.646135106301,10601.434430227286,5240.029354386105,9212.176470232613
2020-10-08,10733.943337373486,12804.402141920937,8274.283586407293,10653.015839202615,5436.3557296244535,9341.241246092304
2020-10-09,10829.799103059711,13000.192194489451,8284.131057922536,10749.24086508132,5349.485648445856,9375.73715904471
2020-10-12,11004.024039739337,13354.997535271665,8376.070104137241,10822.64597610135,5363.384318565826,9495.568595094852
2020-10-13,10932.213372318849,13269.543847202545,8215.180754625675,10740.311477558767,5279.988185205053,9390.567595586095
2020-10-14,10863.522219404205,13199.22946306172,8136.378132935452,10677.816557206399,5302.575220614398,9347.905333394536
2020-10-15,10850.09192107577,13139.736258115568,8198.76368602587,10600.44070794535,5366.859088911841,9360.619635724308
2020-10-16,10843.534448065959,13101.874202369163,8205.333283110433,10705.592630814572,5245.240893008987,9331.740336777235
2020-10-19,10678.677329971775,12861.731973273505,8080.560099696117,10535.960833561147,5134.047830672372,9171.640397006016
2020-10-20,10721.453943155997,12906.082425309942,8146.229758917655,10549.848870365233,5194.855694831512,9224.36469163696
2020-10-21,10701.16215570304,12886.612925213069,8103.5412260912035,10497.272078753276,5095.823300545713,9164.058246574934
2020-10-22,10759.857877103907,12826.035015611387,8264.434730069728,10655.992855161696,5306.05040222451,9305.210109203987
2020-10-23,10796.38721677163,12811.971793885083,8290.700655007095,10695.672841719463,5279.988185205053,9313.191423033611
2020-10-26,10596.871231037509,12533.967509043021,8103.541226091202,10576.634542400849,5090.611761922834,9108.767433246032
2020-10-27,10560.343952495985,12596.709654483635,7955.788993515279,10504.218172598683,5024.589480292142,9042.290722060225
2020-10-28,10199.400562666839,12062.336545226026,7752.215265644221,10170.907779832649,4814.362789877441,8724.436887738433
2020-10-29,10303.060782714732,12263.536325146522,7811.317405014678,10087.580389185478,4962.042380271562,8823.807078162183
2020-10-30,10195.65240466956,11992.023023330556,7834.300608643245,10084.605863758434,4989.841365567883,8780.896844726174
2020-11-02,10309.932577470257,12022.311115886041,7982.057688097287,10266.138253252075,5160.107991371348,8929.677328306
2020-11-03,10491.960937948452,12234.32948826515,8159.362028975178,10415.931302492632,5130.571826534067,9048.211545182776
2020-11-04,10726.45011306823,12710.288923760014,8064.14164627399,10878.200613849733,5137.520544697908,9220.703567556115
2020-11-05,10935.64514744421,13105.120556127566,8261.149931527447,10900.022655539746,5137.520544697908,9362.707680286205
2020-11-06,10933.152215303595,13151.634381757583,8195.480964717068,10903.99173342607,5026.326248569006,9314.195285660944
2020-11-09,11070.529368317379,13056.441632413256,8868.584931776022,11006.16664033621,5743.8780460480875,9760.507909576287
2020-11-10,11054.293877228814,12813.053049559194,8914.555493500115,11037.91013147602,5929.780110248386,9800.184610354529
2020-11-11,11136.412236782591,13117.019542014934,8878.437942580544,11024.021264494588,5868.970601032863,9830.735864075868
2020-11-12,11028.378306935288,13000.192194489444,8730.682247948822,10983.350876364264,5679.59253269426,9690.733356790743
2020-11-13,11181.058291431498,13110.529421234189,8875.153836449423,11122.230414227783,5886.344452762944,9861.147530167833
2020-11-16,11320.626421597392,13237.088932072053,9072.159352058241,11103.38206778747,6273.787309673142,10075.053985275275
2020-11-17,11259.741784170616,13163.534229890303,9059.027082000717,11030.96652816265,6338.071589234682,10057.608222525054
2020-11-18,11124.234072621517,13022.908048344716,8973.656940459412,10825.622161883091,6153.90588204715,9897.061022933562
2020-11-19,11171.070073859428,13127.838134473544,9003.209048761382,10817.688156997165,6254.6754558739085,9958.824278655049
2020-11-20,11094.570344330714,12992.620818034586,8924.40711948232,10792.890759702763,6221.664931954707,9892.158411431486
2020-11-23,11161.075672908753,12989.376188766892,9091.861911611486,10765.112195562557,6661.231400375629,10075.33253376173
2020-11-24,11340.924392428948,13170.025212916404,9410.356504503496,10796.854856525018,7003.500186467138,10315.897160304725
2020-11-25,11323.436767173022,13198.1482073876,9377.520290070406,10757.17653032194,6840.181867563416,10254.227693010052
2020-11-27,11354.975089744014,13268.462591528425,9347.968874179598,10856.376911805033,6760.2633833973305,10259.354035747123
2020-11-30,11304.705252254538,13357.162633355945,9154.246079879584,10886.134618735661,6386.717551550717,10113.710848756898
2020-12-01,11428.348090825179,13528.073458475603,9295.437024304863,10977.400165155485,6416.255361444381,10219.226814426163
2020-12-02,11452.392158527815,13507.52356494997,9397.222849623651,11059.73549387541,6624.744461054026,10324.544647233728
2020-12-03,11449.268521769567,13498.868346084937,9400.504878521293,11045.845796716636,6694.238634182064,10342.447297588715
2020-12-04,11547.934633031427,13634.083938033185,9515.425743542246,11163.893694462697,7059.097334531589,10541.125566551022
2020-12-07,11524.204887074506,13673.028111699057,9449.756776731865,11095.445572369512,6894.043069879194,10466.045746803049
2020-12-08,11557.924911729695,13717.378563735496,9446.474747834223,11179.764194766583,6996.549000718722,10525.263697023154
2020-12-09,11454.265722244903,13454.517031803145,9423.489466972176,11141.076270136062,7012.18690670013,10458.344094818594
2020-12-10,11450.518594810726,13473.989980881437,9439.90515074966,11122.230414227784,7227.625958265903,10525.056047861031
2020-12-11,11437.089327045389,13445.862675183469,9344.686152870794,11078.583010138382,7144.229824905131,10464.41055447096
2020-12-14,11385.887860512874,13494.542461143128,9236.332807700923,10995.25395913652,6894.043069879195,10349.317533618232
2020-12-15,11539.817918050241,13719.542799574432,9393.938743492528,11114.293918809823,7029.559524637925,10510.22876037355
2020-12-16,11557.924911729695,13812.569588589116,9410.356504503494,11081.55836574277,6994.811821177763,10514.872073606308
2020-12-17,11622.558737716849,13921.822110678333,9436.623814263183,11200.59915559342,6961.800474730369,10561.801982890473
2020-12-18,11576.14938960263,13873.14836043615,9354.53570161952,11209.523562051902,6845.394228714491,10493.969703991508
2020-12-21,11534.758883788863,13887.025337165958,9480.636929638407,11097.368263100474,6713.34637534034,10455.372071548678
2020-12-22,11515.318341457092,14007.375819208533,9388.208348733695,11063.498687780184,6600.664948240767,10408.103521103008
2020-12-23,11525.66622555131,13901.12304870643,9543.35691731903,11071.4675601146,6746.799008162605,10476.169620455868
2020-12-24,11570.503964936948,13993.279832158769,9556.561890548337,11103.343879629601,6711.585753745917,10496.20690864104
2020-12-28,11669.905898252715,14151.579456728521,9602.777565823013,11131.23285735669,6669.330424215625,10540.197400253728
2020-12-29,11647.645735277405,14084.355359936995,9569.764094133005,11184.026325255685,6625.313650562716,10515.000556215633
2020-12-30,11664.263565276337,14076.76760082041,9612.680430231045,11182.034729805091,6729.193203482453,10558.897878518297
2020-12-31,11723.525065819496,14097.366642331228,9731.518265183213,11299.572898661334,6672.85207866857,10603.340806571163
2021-01-04,11563.920727849623,13867.50755132925,9599.476149412898,11250.76262166353,6683.415396971024,10505.314489937431
2021-01-05,11643.565735961703,13957.4992366973,9642.388331043978,11332.440449926238,6982.725591928302,10652.159461296025
2021-01-06,11713.176151162177,13716.7991348575,10068.225348812497,11487.832215181308,7195.762861174187,10816.45315919922
2021-01-07,11887.205280852668,14086.52821822947,10213.473130223278,11637.244213020524,7301.403446952444,10998.008257642516
2021-01-08,11954.935948957453,14177.601159271633,10206.869604991885,11693.025489184081,7292.600750244415,11031.231487905154
2021-01-11,11874.349006171327,14060.502204459584,10239.883076681896,11747.81055253367,7407.040742617935,11050.231690524042
2021-01-12,11876.858427321555,13993.279832158769,10345.513861171275,11620.312746069761,7665.85664090344,11116.168411982635
2021-01-13,11908.841953152052,14082.188537361999,10338.912413173362,11652.18657505273,7605.994684164804,11123.599651601615
2021-01-14,11867.136095029467,13958.583941352834,10385.128088448038,11615.330021645223,7831.35753836395,11165.106663570772
2021-01-15,11780.593528084344,13815.462421752316,10213.473130223281,11651.189532061415,7526.767123679781,11009.06027735897
2021-01-19,11873.097902567064,13995.448379224477,10239.883076681897,11738.844637207942,7678.182225856701,11121.586272207789
2021-01-20,12037.40366940237,14273.016367917337,10196.966740583857,11803.58850798785,7706.351348839307,11207.587728390523
2021-01-21,12048.374013609418,14457.33510829414,10088.03177003972,11747.81055253367,7445.774417695281,11128.245385681204
2021-01-22,12005.73137362829,14402.041038222736,10015.40891795107,11712.944764399414,7407.040742617935,11077.650169669376
2021-01-25,12053.080595290356,14522.389795774605,9942.78537345126,11789.644019124305,7331.334425321763,11080.699758170093
2021-01-26,12034.264574197612,14532.150413183666,9863.559688542373,11745.816466551043,7174.6370470974725,11005.465666357632
2021-01-27,11740.142895818424,14257.834813966687,9573.06620295429,11389.220429435807,7077.801625611819,10748.764688135836
2021-01-28,11841.113346173468,14316.382135759326,9751.32468641044,11555.565554580473,7160.55042928569,10872.642929238853
2021-01-29,11604.059099496031,13979.18470735436,9556.561890548344,11457.948321294247,6922.86116760509,10643.909233627544
2021-02-01,11797.212388646376,14329.39772938033,9682.001173498425,11501.776704044854,6972.160217305369,10783.91946335415
2021-02-02,11964.025515505706,14523.481398392963,9916.375426992645,11534.648406196482,7047.8698247143075,10925.422841801557
2021-02-03,11973.434556615177,14473.598780164251,9972.495351497671,11452.968917579085,7348.938996209627,11009.87126758154
2021-02-04,12109.522475189973,14704.547749293884,10193.663939351423,11500.780491230882,7429.931702194128,11152.329875823521
2021-02-05,12157.182926908454,14672.022130044359,10196.966740583859,11521.697639614871,7493.313257065231,11179.981352250175
2021-02-08,12244.983811399541,14825.98293599199,10329.009548765333,11535.64295865576,7806.707190985619,11344.7706093408
2021-02-09,12236.827935020534,14808.632834975635,10332.309580353129,11552.57691613856,7723.957564783555,11320.609288175096
2021-02-10,12231.497862663668,14786.947364318577,10332.309580353129,11573.496555054584,7871.852246299817,11363.759805348607
2021-02-11,12251.253757304255,14949.585807510446,10299.29957071892,11595.407425720508,7750.366477435833,11354.39465100944
2021-02-12,12311.770483704076,15026.563623748198,10404.93243244178,11682.067148230408,7864.808114865735,11451.099349482798
2021-02-16,12301.111369553446,14977.777781609973,10583.191608309091,11566.521405002104,8062.001846082275,11515.687747333564
2021-02-17,12303.930990196985,14845.500721828692,10636.00734675936,11608.358192302117,8181.726582087738,11549.902579685984
2021-02-18,12251.568079049972,14772.856550740937,10573.28874390106,11535.64295865576,7996.859258352651,11448.48256020182
2021-02-19,12229.93037618749,14751.16935559317,10698.727334439982,11396.192258778901,8130.667322057131,11478.874758327582
2021-02-22,12135.860576354791,14425.8967804362,10797.757363342605,11369.296173156403,8412.370067277872,11505.966489562708
2021-02-23,12150.597628694926,14385.77477961655,10863.781537077983,11350.373110755043,8551.462052086104,11550.64998059235
2021-02-24,12284.488386739013,14605.882737908361,11075.047952934865,11429.063130753186,8854.293078968136,11754.20041446614
2021-02-25,11988.48490013793,14095.197233020164,10873.683016663696,11314.513600338849,8683.510727988447,11503.712112060928
2021-02-26,11926.715009007647,14170.011675664337,10665.718709628092,11216.898027407315,8477.516767648453,11385.638004755661
2021-03-01,12215.825059028088,14626.481779419182,10999.121607202615,11363.323047159309,8697.596523272037,11674.213891508216
2021-03-02,12120.495911086322,14394.451554615438,10959.51291921513,11330.449684652991,8650.059328958469,11591.030406770355
2021-03-03,11959.952730131705,14032.314541586824,11045.33866729961,11187.013303342905,8776.824906285248,11524.78298348937
2021-03-04,11811.950471549613,13722.22093364444,10919.897999527208,11036.605092689722,8986.341754870477,11443.179365277809
2021-03-05,12029.252945838869,13981.352392174706,11127.86230656281,11257.736111361322,9322.625825838866,11703.587835753853
2021-03-08,11969.358679551875,13643.07025911421,11269.810056385793,11229.847133634234,9340.232864311305,11663.779478364728
2021-03-09,12140.25283629001,14107.12725974029,11167.47791866189,11295.58721722811,9176.491354652933,11728.011515294538
2021-03-10,12215.825059028088,14050.744173786585,11395.252801391673,11321.487090036639,9408.896695229778,11845.862793812756
2021-03-11,12339.677101908168,14351.083200037387,11362.240714523985,11390.214981895084,9412.417938418626,11928.930201521795
2021-03-12,12356.2949319071,14248.08195676581,11477.776440654876,11415.116151357608,9431.785187221394,11949.404214348779
2021-03-15,12429.98534642328,14399.875940138445,11411.755728975299,11493.808661887782,9324.387681225575,11964.633345367181
2021-03-16,12414.306359409098,14508.298982196964,11292.917201611972,11486.835172189993,9058.52847403418,11885.033608828957
2021-03-17,12456.636738770712,14496.367230986134,11368.84147011074,11444.996724535291,9128.954160339365,11916.987223521483
2021-03-18,12275.400881316964,14094.115977346059,11428.258656558923,11421.09425841877,8718.72398240513,11716.550258558955
2021-03-19,12252.686240014242,14051.829740687472,11296.220002844408,11461.933172550125,8720.485015263652,11686.96206396561
2021-03-22,12350.520686853828,14328.135402181846,11150.66132882286,11561.68645214497,8636.855283896424,11719.39437145534
2021-03-23,12253.315914068771,14239.042176472827,10994.822426311166,11444.742690267727,8510.5223563985,11595.622863992188
2021-03-24,12191.022496883328,14066.281835068503,11034.60975637789,11431.747094109487,8724.042449692937,11619.638592792331
2021-03-25,12259.607501798599,14057.587815162533,11220.291579878683,11479.723042875592,8756.070052423007,11688.666045019172
2021-03-26,12457.168509330677,14415.057494089091,11396.023455012579,11696.626798506582,8973.147580146731,11924.524349801999
2021-03-29,12450.876921600848,14340.087847281171,11296.550282967655,11751.599481936133,8866.389178555895,11872.933435069139
2021-03-30,12417.84428253383,14204.272132566426,11376.128405156898,11645.648098283704,8789.8784286882,11818.971331556604
2021-03-31,12468.17904549865,14430.270088872488,11289.917676467547,11668.63902967544,8729.380657657348,11836.646167855242
2021-04-01,12602.82314516935,14720.375125014794,11429.178870990352,11633.653696003505,8951.796393345481,11992.223951594038
2021-04-05,12783.714794547463,15024.601153322139,11518.701402257218,11714.615911394843,8738.278767635618,12054.488663134609
2021-04-06,12776.161797582368,14960.494935731247,11495.491087768223,11669.63856319879,8715.145984771052,12022.280744124097
2021-04-07,12790.948316951339,15039.819783823019,11551.858203057312,11643.64986141435,8745.394459022384,12052.593263004352
2021-04-08,12851.664972592698,15257.122857977756,11555.173467690627,11661.639804479957,8631.5187209884,12071.89228658215
2021-04-09,12945.099945555361,15403.80286415488,11654.645254913232,11789.58341617812,8574.579206915027,12144.002958615582
2021-04-12,12949.816832867305,15329.918784247844,11704.379763702213,11801.576988280973,8506.96574449741,12126.921718503969
2021-04-13,12988.196033300801,15474.425932132492,11594.963567401988,11850.55330074777,8515.860564362913,12146.90064200321
2021-04-14,12943.840597446295,15310.363059615553,11664.592433635493,11849.55376722442,8752.512617993723,12194.742578209545
2021-04-15,13082.888293246326,15573.301331384424,11654.645254913232,12052.46322335117,8681.339253562244,12282.680169152078
2021-04-16,13126.618177298704,15570.04894190854,11737.53656450231,12142.417919743279,8611.945840137698,12306.548300747325
2021-04-19,13062.126569019447,15440.746628599103,11704.379763702214,12145.419841022709,8603.047730159427,12265.12827616567
2021-04-20,12966.49031327367,15303.846209228828,11485.545986279443,12192.398746797497,8375.296254091461,12124.104125948288
2021-04-21,13089.181942102356,15458.131219429622,11644.695306546333,12336.329913805188,8482.053010625912,12264.626771915251
2021-04-22,12969.637652983234,15276.68548057287,11515.384060390428,12281.355570020947,8382.411945478225,12146.446653625078
2021-04-23,13110.26004920115,15504.852846189991,11730.906035235685,12362.319445766976,8458.923517874113,12292.72423989126
2021-04-26,13137.626652340472,15584.16734733751,11777.329433858313,12320.339867963628,8515.86056436291,12328.362015770665
2021-04-27,13134.798787192129,15546.14232721917,11870.165152525009,12249.371327451097,8619.061531524461,12356.92868953177
2021-04-28,13131.02280399113,15401.633454843814,11916.58301185836,12212.386926732464,8916.211356186128,12420.651159388502
2021-04-29,13214.701436079382,15388.594580598245,12128.791799303783,12163.409784088322,9015.851598805622,12496.41361626285
2021-04-30,13127.875464281566,15178.889612504341,12022.68532834759,12127.426577247727,8788.098477681273,12353.54025884658
2021-05-03,13156.191216036641,15136.522324782465,12082.369785503473,12265.363033647352,9030.08709422011,12460.373461515379
2021-05-04,13075.023035661718,14864.882272899438,12178.522153625807,12278.3569694509,9035.425302184518,12424.221055612206
2021-05-05,13079.114371171532,14829.026662092157,12277.99532567073,12300.347537141944,9327.235273825392,12524.002307301897
2021-05-06,13183.557819175967,14977.882975543178,12460.357037660093,12316.341733870233,9375.276677920496,12622.50953502525
2021-05-07,13279.509427230558,15106.090237252836,12526.670639260283,12401.30042300028,9542.533673070377,12738.379453558226
2021-05-10,13148.009575580118,14724.717392618328,12516.723460538022,12417.294619728567,9546.093575084238,12651.044959058352
2021-05-11,13030.667599807213,14680.173797622558,12294.574418481938,12283.35629742234,9300.544234003348,12483.527686517511
2021-05-12,12753.828464626911,14267.29105876572,12168.574974903548,12167.411238891102,9345.029026197359,12323.052086063335
2021-05-13,12907.03197517828,14456.347837363619,12364.204669537763,12277.359096282242,9231.1508205788,12417.176397596515
2021-05-14,13105.226779017294,14774.705204780244,12559.831594527339,12339.328514375244,9517.621761727072,12638.897767885095
2021-05-17,13071.877757078357,14666.043320758627,12583.041216605176,12316.341733870231,9738.25919146466,12672.435660551731
2021-05-18,12959.255760306698,14548.700350511352,12407.304494593163,12320.33986796363,9512.284376290858,12536.93443903387
2021-05-19,12925.278094876328,14599.764244875261,12331.045099093031,12299.348833795937,9275.63479024462,12457.098140772243
2021-05-20,13064.327851802564,14879.004127309834,12337.677013181978,12428.287828130724,9261.397649773748,12555.186887197076
2021-05-21,13053.63472906961,14797.52539032338,12460.357037660098,12430.287725354769,9280.972175680836,12570.060808228416
2021-05-24,13186.705158885532,15060.456764129418,12520.037340349021,12442.283787989658,9373.497549441758,12679.889895513477
2021-05-25,13157.44953358261,15064.80420520508,12394.046205704548,12405.298557093678,9183.110239011887,12590.428601185256
2021-05-26,13183.557819175967,15063.721225040259,12430.516886315636,12333.333803767177,9264.95919684399,12610.489847512234
2021-05-27,13190.48114208653,14984.403274911325,12573.089883415958,12306.34473828204,9272.075710758949,12623.879808294765
2021-05-28,13214.073823151055,15037.643476549125,12596.30227513843,12354.323177580178,9289.869463130914,12656.716023337076
2021-06-01,13202.431551802349,14963.759396642088,12672.563055460882,12151.41372145343,9647.512123654282,12713.250697569067
2021-06-02,13223.19430659233,15066.978787988266,12692.457412905402,12127.426577247725,9827.226308268102,12781.125457411901
2021-06-03,13174.119922299678,14926.817356688569,12722.297564249864,12164.41097796636,9853.914880505572,12768.606729466293
2021-06-04,13294.611298908347,15213.65879416539,12755.452980227641,12203.391125022315,9919.750859500835,12872.937259558197
2021-06-07,13281.709679450576,15210.404680198799,12672.563055460883,12247.372260404401,9877.046840841947,12851.352781627877
2021-06-08,13284.540636288222,15211.492833835748,12639.404869838469,12209.390816694451,9962.454055631531,12859.613636146774
2021-06-09,13264.722907861593,15222.357125298131,12520.037340349025,12327.33494227239,9900.17797865013,12842.092120553494
2021-06-10,13326.378406487696,15334.269674304926,12374.15046343771,12538.239006231244,9887.722434242574,12883.69587598237
2021-06-11,13348.403601076043,15425.538345042485,12453.725123571154,12449.278032121072,9853.914880505574,12892.768812319504
2021-06-14,13378.288900433496,15581.997938026461,12324.414569826407,12460.273731055264,9811.210861846686,12889.024768487336
2021-06-15,13353.75428469492,15486.386999685368,12347.62557672656,12464.271865148665,9998.040737847272,12923.249756702548
2021-06-16,13279.195105484841,15402.718159499356,12334.360363726346,12416.294256027872,9944.661948315952,12868.329640350497
2021-06-17,13274.787387103112,15580.909784389516,11969.632785280664,12511.250770923454,9606.589701058712,12753.336336394232
2021-06-18,13095.707467656044,15438.572045815927,11681.16875680207,12368.314986552388,9321.895420804605,12529.425578260782
2021-06-21,13283.185445810786,15604.03003131589,11953.800111699764,12516.927523608392,9719.146103873141,12787.539115184698
2021-06-22,13354.20051851753,15745.53828985878,11973.776173661146,12544.019531084305,9783.856864302099,12851.242909370614
2021-06-23,13338.10518401066,15728.120933704804,11997.075809189759,12491.842054775281,9810.82016095561,12846.695610467079
2021-06-24,13417.006125564027,15827.179128971818,12146.872039509528,12556.060423295821,9895.302031529485,12945.490784389945
2021-06-25,13464.664516156305,15808.670170199475,12293.34054179511,12613.25549147787,9947.429755681165,13008.312337773576
2021-06-28,13491.809548228975,15974.128155699438,12203.464188425567,12632.321344382564,9611.295384843672,12937.78599608314
2021-06-29,13499.07192639967,16090.598533648308,12160.189875757891,12646.369605414231,9564.56262310163,12939.165719361863
2021-06-30,13510.429762332584,16073.189799947872,12213.45014217278,12638.343450843015,9683.197509253036,12980.333676951297
2021-07-01,13585.234215560631,16100.40053883437,12309.983336433024,12750.728708919001,9852.163717985357,13088.006558318782
2021-07-02,13689.073753588047,16312.661202157995,12296.669654651621,12873.148320563701,9830.592093628717,13159.09287628297
2021-07-06,13664.1413404926,16374.708377843157,12103.597726841856,12861.107428352183,9510.6368523228,13034.868103204884
2021-07-07,13712.42631345011,16463.968016905525,12120.241906302088,12942.385941311955,9356.047613853945,13035.976775513462
2021-07-08,13600.699876012966,16308.306863119496,11877.240209756263,12871.141781920895,9302.122665603305,12908.432551739663
2021-07-09,13745.88457507772,16458.5289732115,12220.108367885803,12915.290613126663,9499.850217616287,13098.031823927253
2021-07-12,13795.121788340282,16471.58681685486,12339.943967319301,12940.37940266915,9485.471602296437,13136.306285557012
2021-07-13,13748.09410236564,16539.076485215464,12206.790531637442,12928.336850102944,9413.570300415264,13087.405388833684
2021-07-14,13768.608491448349,16660.99108033048,12150.201152366042,12916.294297536737,9133.158924455558,13018.063331463505
2021-07-15,13721.579774910604,16523.831987353962,12190.147736999528,12871.141781920891,9005.536272752983,12950.81306895564
2021-07-16,13613.954978614282,16360.558931581432,12023.703172752566,12906.259113790678,8750.287679235065,12803.190116964828
2021-07-19,13412.903453860106,16135.230077670198,11687.49462515837,12770.796585879078,8441.114959994698,12541.155874967058
2021-07-20,13605.117900025707,16374.708377843157,11977.105286517657,12926.330311460137,8554.358996377425,12740.677319729593
2021-07-21,13715.268606481864,16532.54411441237,12183.488126464186,12947.40187283029,8852.744258383087,12922.812731991782
2021-07-22,13743.987308409316,16654.460434018092,12050.340230071608,13042.729476999075,8753.885417545747,12909.20590497384
2021-07-23,13885.385718642065,16819.913246045933,12070.309367921393,13193.247271061797,8721.527981010788,12985.947560116027
2021-07-26,13919.475715450411,16811.213190422484,12140.21796826347,13107.955680816412,8937.229419069728,13053.466467454915
2021-07-27,13856.034250970777,16652.278953272074,12136.887470584641,13169.164656461417,8854.543950066622,13004.207015488593
2021-07-28,13850.354817722771,16631.600585188673,12120.24190630209,13216.323710720064,8935.433840027154,13029.41770649461
2021-07-29,13907.796343830076,16708.885360772507,12253.396726806268,13248.436630778386,9021.712112171792,13112.456398296103
2021-07-30,13840.255299335824,16697.998650930913,12156.859378079063,13260.475032457867,8877.911153465833,13037.93286211177
2021-08-02,13811.217122847152,16638.13295599177,12160.189875757895,13278.538031129834,8811.40399146611,13007.845286940003
2021-08-03,13923.57941771743,16744.80822671741,12296.669654651623,13463.170302829612,8962.393846567898,13155.642665075296
2021-08-04,13855.088194044325,16778.554785388424,12193.47546503372,13405.976895002252,8719.731579440024,13043.505210278028
2021-08-05,13942.83136700177,16871.077160870926,12353.26318838998,13350.789195640351,8818.59371039013,13127.434184313779
2021-08-06,13965.87372737052,16856.924265627786,12602.923110648822,13339.746176597495,8899.482777822474,13204.542631302278
2021-08-09,13954.508677495902,16802.497614382664,12636.212854391608,13390.92577973786,8773.654882634279,13173.635427718242
2021-08-10,13971.867482364241,16681.672897395303,12769.362135606509,13359.816544089612,8928.240830990366,13226.030592633824
2021-08-11,14006.58509210092,16683.850929159904,12915.833407536727,13227.361748698853,8998.346553828964,13257.835559096147
2021-08-12,14048.56198831899,16779.637765553245,12939.13165824302,13331.718361671585,8989.356320693218,13304.058829154446
2021-08-13,14074.128197721375,16871.077160870926,12842.595694338139,13415.007564160887,8883.304470819088,13288.781648604983
2021-08-16,14107.270076477067,16947.272058327104,12809.307335417674,13567.530236511722,8719.731579440024,13281.433274784855
2021-08-17,14014.792496634964,16806.850228930452,12719.430982048132,13728.076572901742,8629.853101400127,13227.425755010263
2021-08-18,13861.402454162368,16574.99935116037,12562.97791083766,13519.361686601585,8450.10190301768,13034.112975860628
2021-08-19,13882.861869608427,16737.187702277373,12469.769674966969,13580.573152778623,8230.806016760826,12988.467013436564
2021-08-20,13993.329989499603,16952.714551002544,12546.333731377428,13657.836097920755,8248.781547863167,13078.98991230067
2021-08-23,14116.422507374462,17171.509309619978,12649.526536173013,13662.857010503165,8557.954267103532,13256.278935240101
2021-08-24,14138.830040873172,17151.913921701394,12726.091977405793,13614.690120947716,8699.958824238725,13308.155806183076
2021-08-25,14168.500983105678,17142.11708998746,12875.885438080924,13577.56375990309,8766.465163710258,13356.638615790022
2021-08-26,14084.860481852153,17034.35539011558,12812.639217918826,13524.380108651958,8633.45083971081,13259.95861346233
2021-08-27,14210.793231632566,17198.72177299718,12982.40874055534,13509.328163210217,8863.531715617792,13412.122617968498
2021-08-30,14273.286578059548,17383.776870906437,12799.319996848146,13585.588254119615,8759.276267314428,13398.54226504372
2021-08-31,14252.140453796104,17292.33402660734,12782.678587032553,13567.53023651172,8699.958824238725,13355.283468530133
2021-09-01,14259.71200089701,17296.69181462725,12709.445028300923,13571.542483619984,8572.334527479767,13303.679546730611
2021-09-02,14303.585133220387,17278.186304836327,12752.71795614628,13717.041855632327,8789.834834694046,13414.113091685287
2021-09-03,14300.113166134099,17346.757228871047,12672.82755652395,13732.093801074068,8739.501867056748,13394.883628333722
2021-09-07,14248.982808455532,17351.116741381666,12596.264884935808,13651.81565181499,8687.37661048964,13338.153508726105
2021-09-08,14231.624003587192,17284.718675639422,12566.302869227215,13645.801016950645,8575.928975677682,13282.952535940207
2021-09-09,14170.710510393597,17219.403590062,12602.92311064883,13488.256601840056,8593.905329308214,13244.182543202092
2021-09-10,14058.978920140951,17049.594714504958,12509.714874778138,13364.833305785283,8590.310058582108,13152.23954754771
2021-09-13,14094.958969675998,17055.03548268969,12652.854264207208,13282.551108415437,8836.569241492472,13249.12174247817
2021-09-14,14018.898260028183,17033.263787497217,12483.086126393015,13280.545399949977,8708.944944733514,13157.215272118796
2021-09-15,14135.988778404513,17182.39084598944,12602.923110648831,13366.839844428092,9034.293503392686,13342.898094643033
2021-09-16,14113.583306032002,17192.19457566621,12566.302869227216,13332.723706436345,8931.836101716473,13295.361726013574
2021-09-17,13976.101035581947,16924.4156584791,12509.71487477814,13345.768283057934,8865.32976224494,13198.870652400225
2021-09-20,13743.060832181769,16616.14397497005,12219.519818399947,13206.50354290635,8594.610235968536,12937.378885724855
2021-09-21,13730.07779823904,16622.68496822669,12202.805013001409,13226.643645295442,8614.623169401822,12942.384711192608
2021-09-22,13864.013901059558,16850.586762274732,12406.746411198345,13248.795267391406,8880.247956058573,13130.532922856986
2021-09-23,14032.45943987041,17076.308800067465,12710.978026608815,13344.459923562254,9191.356906662302,13372.978364813722
2021-09-24,14055.57600078241,17088.30780641592,12777.840017847597,13290.082477289046,9260.492868762834,13402.55176244459
2021-09-27,14015.364459155855,16922.55665749554,12951.690611860207,13100.77298642768,9589.795320439714,13462.489484643536
2021-09-28,13732.928335775605,16420.957494149454,12737.72448489111,12876.213335321332,9622.541812809368,13246.983830347821
2021-09-29,13756.041804998302,16400.237738289048,12747.753368130232,12977.918361854216,9622.541812809368,13271.112666163373
2021-09-30,13587.910587933167,16282.473992308946,12547.156315835326,12818.818194399142,9476.99462675234,13105.160619558252
2021-10-01,13749.393642435633,16527.820734362296,12754.440675111966,12821.839209757503,9795.381306796606,13307.777689710008
2021-10-04,13572.08216926938,16145.071746142552,12644.114650547712,12626.485197647375,9955.482306678326,13191.746334953981
2021-10-05,13713.298169833306,16375.156745427317,12891.511773136199,12702.008091074435,10013.702497146243,13339.629861784591
2021-10-06,13770.291400991804,16482.018261149453,12904.882232632708,12678.846973326978,9908.18117795579,13337.91685352727
2021-10-07,13889.346172638087,16632.50249382912,12981.778646399893,12847.013507566522,9984.593224440478,13457.185173615908
2021-10-08,13864.013901059565,16570.348399720042,13045.304600670566,12782.565179921427,10292.063310323936,13524.768649828557
2021-10-11,13763.64014673983,16478.752075747903,12914.912500694149,12682.876654159487,10253.857698345688,13432.059439984574
2021-10-12,13729.76038480403,16393.693296050988,12874.796967737662,12621.446851340721,10262.952392561783,13392.606861274973
2021-10-13,13779.156304784105,16494.013818516487,12801.244899872507,12641.590274439191,10253.857698345688,13405.233713493813
2021-10-14,14010.932007259711,16865.85885198756,13015.211026841604,12822.844554522266,10379.39195096943,13626.84913565861
2021-10-15,14117.634449580895,17001.070994954393,13209.116617687818,12886.286707225254,10430.334411996811,13736.917502138103
2021-10-18,14159.42893613014,17145.00733641459,13212.459578767526,12798.676431655356,10437.611318909157,13752.244554620764
2021-10-19,14268.666563679071,17315.121446827005,13342.848909099304,12966.843796072242,10555.870309676935,13895.199389261417
2021-10-20,14324.710646221816,17267.137492868147,13449.830587761535,13152.127756987826,10641.379517962296,13982.91741280432
2021-10-21,14362.074742001114,17333.65799745068,13392.997479761874,13205.496537786885,10444.889870877887,13948.878419424025
2021-10-22,14347.192380263778,17273.680210615494,13580.215763626353,13258.865318585944,10543.134283155994,14012.847377452676
2021-10-25,14424.134221362696,17330.3849140863,13563.500958227816,13274.979060851909,10697.779453541887,14078.141434715113
2021-10-26,14437.115194179225,17379.453572700684,13573.53261111158,13340.432733261769,10759.638508730073,14120.893779939037
2021-10-27,14373.158448149237,17364.188380950683,13349.534831258723,13234.695535364343,10450.347345430098,13955.728808211079
2021-10-28,14511.840294048518,17538.65683040159,13513.355157209891,13345.466928681695,10524.93995955465,14088.23976026022
2021-10-29,14541.288634651273,17613.898084496068,13459.860855822979,13475.367268381964,10455.803997454117,14103.80882823383
2021-11-01,14566.302462231675,17587.72893799739,13466.548162804713,13459.253526116,10635.922043410083,14151.090811942286
2021-11-02,14625.19399062168,17742.56923420626,13499.983312891063,13543.8402957955,10535.856553715457,14185.636761421883
2021-11-03,14714.486099919493,17846.161115545437,13550.127729086671,13623.392870055071,10448.527913069962,14223.209903924953
2021-11-04,14783.827538150683,18125.314773444592,13372.935558816675,13529.743054300481,10463.081726894654,14228.320614460044
2021-11-05,14835.122785925361,18219.094302653455,13379.622865798408,13378.693946736974,10599.532573679202,14259.681678262466
2021-11-08,14847.78531474377,18317.233344372937,13453.174933663566,13458.245690819202,10695.960843709941,14336.059481861701
2021-11-09,14798.707838761818,18241.99036578775,13379.622865798408,13408.905760675305,10739.62310771221,14300.321318990113
2021-11-10,14679.656158804837,17941.02707390054,13356.222138240459,13447.169464682545,10455.803997454117,14157.701979209885
2021-11-11,14684.403963009801,18024.992526488382,13392.99747976188,13407.896265023814,10495.830686848882,14182.236019194343
2021-11-12,14795.225566044523,18244.17012204306,13423.088283946203,13474.357772730475,10470.359456335193,14251.681878316356
2021-11-15,14800.290783684508,18225.633571419385,13423.088283946203,13390.77966852512,10557.688096980686,14255.85515442378
2021-11-16,14858.871082018099,18417.55214234773,13409.712285160416,13447.169464682542,10574.063810750087,14310.75121751666
2021-11-17,14822.773548289571,18361.942490476704,13255.926381737647,13466.30090159749,10412.140088395465,14222.57532110896
2021-11-18,14873.117586322298,18545.131689439557,13189.058851209586,13471.337587549453,10350.283500791855,14230.43137474514
2021-11-19,14846.519783256104,18680.347281387807,13045.304600670577,13389.773493583007,9946.385967405846,14086.77760345558
2021-11-22,14804.724266143758,18472.075365072513,13229.177153810711,13329.354016593074,10122.86268105697,14124.42010555027
2021-11-23,14824.354432086058,18429.545975224057,13436.460128265033,13343.44876755606,10433.974099245273,14255.729650436348
2021-11-24,14863.935269094978,18563.673413535358,13406.37070890303,13338.42121355489,10535.856553715459,14304.473299255418
2021-11-26,14532.420639169672,18100.237229564274,12961.72503438862,13289.075472169578,10111.94937700893,13948.666843687739
2021-11-29,14710.684352640974,18552.76773429598,13001.837797700466,13325.325996115256,10170.166277364082,14084.939099336638
2021-11-30,14424.450604234611,18397.9257135964,12690.920260130582,13063.51130647581,9931.832153581156,13817.890166594854
2021-12-01,14264.236172909119,18146.031080323577,12550.500661737362,13040.35267926039,9826.31001186251,13684.518244245532
2021-12-02,14482.70936688078,18312.87383186232,12924.945538400241,13103.79234143134,10111.94937700893,13926.130348844299
2021-12-03,14356.69520261541,18006.455975864705,12714.318218043893,13127.958803943564,10031.894353163016,13792.99039503239
2021-12-06,14526.722655785848,18177.658239914068,12908.226578534744,13202.473862073826,10181.082048996697,13950.642844061975
2021-12-07,14827.206000185713,18812.29668793451,13138.911665369336,13372.65606690697,10419.417817836007,14256.912423005735
2021-12-08,14866.466332070313,18898.43844779625,13068.705328228527,13473.351597788362,10417.598385475872,14283.255828605272
2021-12-09,14766.09463887678,18694.526043991576,13041.95748512391,13504.567926314108,10337.546651742723,14211.966521205002
2021-12-10,14905.09492877418,19069.637262864195,13055.32932944274,13551.894676396441,10413.959520755603,14329.64259154355
2021-12-13,14773.05918431137,18786.118918982294,12914.91250069416,13679.78432656718,10124.68458100168,14178.25835112775
2021-12-14,14671.424020756367,18477.53165367362,12991.807529639025,13624.397384642483,10082.835991662205,14105.852037436009
2021-12-15,14900.664538004232,18967.133535161967,13028.584255982765,13903.330331135312,10033.716253107725,14276.686054910931
2021-12-16,14769.261559285256,18429.54597522406,13192.400427466975,13985.908071639975,10097.393918127855,14241.558779515912
2021-12-17,14612.074922349648,18306.329389624265,12901.540656375335,13888.228575052874,9891.804641658198,14051.516771246474
2021-12-20,14456.698984781984,18088.59519279245,12650.943209406067,13804.124138410805,9769.254521314098,13881.785619425906
2021-12-21,14713.435956119858,18546.35262886105,12912.965440512693,13861.741766861447,10047.533081672615,14149.526948612902
2021-12-22,14860.55089987224,18788.890175550558,12973.426782989916,14023.47691720947,10112.033274884487,14279.265415264106
2021-12-23,14953.013021267834,18893.77197593955,13040.616977118465,14081.099526724183,10117.563131917574,14341.063319779369
2021-12-27,15164.630909493577,19299.085925077594,13174.982132330042,14229.691309346561,10338.71135166223,14565.697303098881
2021-12-28,15152.237357644453,19198.577433124887,13181.70821433673,14192.28849924606,10331.340676536027,14539.89821078195
2021-12-29,15171.622249568785,19214.96699281671,13164.906165132054,14273.157734774763,10264.994730061884,14540.289846947771
2021-12-30,15129.68142305924,19088.23244617195,13141.39188214389,14302.469636471138,10202.336177471325,14496.097144158657
2021-12-31,15091.548527206813,18995.373795001327,13117.877599155725,14241.818540001956,10228.138064318098,14464.536168986757
2022-01-03,15178.928941952809,19175.63308425076,13279.12215559229,14095.247409037245,10545.119043682676,14604.180000653652
2022-01-04,15173.844143613913,18972.43117061791,13628.480975934168,13909.24866542764,10910.013935272638,14711.621088160882
2022-01-05,14882.474068713618,18389.030790522917,13470.597383267466,13810.18692356116,10908.168182010368,14509.106681123638
2022-01-06,14868.494480252502,18296.168690370876,13668.793153660048,13650.47491540284,11151.431717246405,14565.576889801454
2022-01-07,14809.712191551174,18127.922203395567,13830.037710096612,13580.725075232733,11304.395640008375,14586.710435822608
2022-01-10,14791.280570494999,18131.203909213495,13783.009144120284,13720.22890645967,11269.38143741409,14594.618760633504
2022-01-11,14926.004023524458,18348.61045281073,13903.940138008647,13829.394736791843,11652.704250611852,14804.326091389728
2022-01-12,14966.356752295813,18434.912590308344,13914.017490028958,13789.972105211016,11674.818743575042,14825.581939027077
2022-01-13,14760.144167533286,17957.48906220212,13860.271150979865,13575.67344608856,11615.84593981168,14635.427805117997
2022-01-14,14766.181206177238,18109.347713976316,13715.825874103335,13552.422669187847,11888.597110721688,14694.590985897938
2022-01-18,14504.676849935482,17674.53462678184,13410.133271145603,13362.387603326973,11936.50937789069,14477.111614838821
2022-01-19,14354.067266708598,17427.62894512817,13185.065023639632,13307.795971298763,11849.89551424382,14325.165004623606
2022-01-20,14195.195659103332,17202.57428523956,13101.083858884967,13220.864780797056,11741.163867520994,14193.203762626947
2022-01-21,13916.53654948718,16860.619849215705,12832.341085060934,13087.435357203298,11508.959223822934,13938.035663864035
2022-01-24,13975.635221060427,16948.017038313094,12869.29368383927,13043.968101597757,11586.359949194097,13981.839476728655
2022-01-25,13805.009010728476,16555.810943048953,12923.041407710687,12960.067058405208,12036.030353922382,13985.206420033484
2022-01-26,13770.372815476754,16653.037729183736,12956.630273074523,12892.341190602148,12015.757501580503,13982.556989444487
2022-01-27,13702.375231528888,16538.328056248058,12839.061627778341,12925.698546500587,12146.604463794713,13961.797932026018
2022-01-28,14042.678503577037,17261.569112371006,13007.019802820714,13189.53056708832,12095.002335157555,14234.922877708652
2022-01-31,14295.601360879189,17695.29059694712,13121.23717810327,13265.342362231433,12148.446926944216,14411.67864300145
2022-02-01,14392.197070871725,17741.179294695376,13302.637823402776,13300.722860319576,12581.531050686017,14588.918478454081
2022-02-02,14532.00326111388,17885.38638119678,13393.33537640789,13479.644342063271,12622.073465257006,14709.52451014504
2022-02-03,14190.429304762556,17366.45091276,13245.531905406138,13422.022562725904,12502.287039637162,14482.05642412943
2022-02-04,14257.154143281046,17436.363490565785,13470.597383267468,13373.506168508222,12697.63501759143,14591.337804931318
2022-02-07,14211.400233298878,17320.558766030328,13510.910945815669,13350.252070898128,12859.80714345996,14603.521493334592
2022-02-08,14328.332044957699,17534.693950753895,13699.0265945433,13459.42620300375,12583.37351383552,14665.428966740217
2022-02-09,14538.042360884032,17923.62523816295,13786.36595342319,13563.541234369095,12688.41612161838,14839.289160955594
2022-02-10,14276.856448640396,17454.94487794788,13665.434959534825,13351.264057081651,12609.1745781541,14617.34688707375
2022-02-11,13995.336495856674,16921.797881583883,13473.959731859648,13166.278129832914,12975.913577949948,14473.966297267247
2022-02-14,13949.579494185202,16916.334695019945,13322.789757798755,13031.836720055633,12669.99149012335,14333.28251750425
2022-02-15,14174.544205128226,17360.986001705354,13504.193172742898,13178.411171729722,12537.301242231446,14496.11706439174
2022-02-16,14190.42930476255,17343.504839395166,13514.267755118568,13198.625990079865,12638.661391299876,14526.49631670429
2022-02-17,13887.301535446268,16824.567646467684,13178.345865744543,12986.348812792421,12618.391006542575,14253.902255733286
2022-02-18,13797.380782657023,16654.134505274233,13174.98213233004,12889.306892406263,12540.988636115031,14167.047529713765
2022-02-22,13649.312568036485,16500.094372754018,13107.801631957731,12856.959862336658,12338.267515449981,14043.07350244326
2022-02-23,13407.191042592862,16087.12196038035,12879.369651037261,12792.267462552141,12465.4279063088,13888.824599340072
2022-02-24,13608.956747575829,16636.65679194546,12724.847022140422,12843.820645497739,12367.752683539376,13981.617614097226
2022-02-25,13909.223673724544,16862.804778943144,13134.671339426483,13237.037465654508,12693.946801179663,14330.748994180436
2022-02-28,13873.636268730868,16832.21576275906,12939.835147981445,13136.966228136538,13007.242854245236,14324.771723793992
2022-03-01,13662.338885629446,16495.719339827025,12462.822021389156,13064.183750125238,13138.088993931251,14131.19800541064
2022-03-02,13913.674675756507,16852.966559452212,12785.312519084606,13261.30022873875,13438.480402196576,14424.793119625512
2022-03-03,13844.406407505467,16651.951300037505,12744.998956536407,13329.025266364462,13475.342825637708,14389.570322226526
2022-03-04,13731.924567315506,16360.25197223536,12506.491008417943,13395.74163851603,13864.196318396747,14359.36956978487
2022-03-07,13327.120411920192,15761.562257520445,12049.636740333237,13162.235166162887,14068.760724739494,14057.021224055727
2022-03-08,13226.076791584997,15685.082819097395,11979.089736901784,12893.349856076293,14289.910589540536,13992.364240796602
2022-03-09,13580.679126655481,16305.627004558784,12419.154419182694,13136.966228136542,13853.136604330579,14248.2542070633
2022-03-10,13519.353408221605,16020.480741448235,12315.013011098128,13131.912108460332,14277.005122212095,14247.751999855225
2022-03-11,13347.454452460277,15738.61618415561,12227.675037040559,13033.858201890649,14162.744440984376,14097.093415400095
2022-03-14,13249.906502162687,15446.916856353466,12382.201820404354,13125.84268189122,13738.875100574667,13995.380043617162
2022-03-15,13541.279668752284,15965.857498262369,12556.884692631094,13387.656541353319,13235.762571644294,14143.787241362937
2022-03-16,13841.546594901,16484.799864661978,12909.604476742834,13548.378875340471,13174.946482203235,14398.877891334796
2022-03-17,14014.716234965503,16601.696191815798,13070.8490331794,13762.677534462928,13628.303458286915,14635.941374577706
2022-03-18,14168.218608816076,16941.463973621507,13101.08385888497,13847.591394016348,13615.398813486665,14749.96971063083
2022-03-21,14164.073684025025,16909.28842598577,13088.26871313865,13837.04067013906,14164.259537913566,14857.29019751876
2022-03-22,14329.811933570316,17152.270891278025,13300.726768601617,13840.086590817775,14060.068246809158,14961.790382827308
2022-03-23,14145.268999126392,16888.492792534205,13054.541365542847,13591.652699624638,14301.937596760195,14819.612160926388
2022-03-24,14358.499718604748,17327.394647198093,13159.085756922439,13753.900069394507,14337.289858441287,15007.761889989868
2022-03-25,14428.622323666275,17317.54263178149,13327.703107388981,13817.77723502626,14651.716065242314,15138.941229727865
2022-03-28,14531.254041739665,17523.31403656973,13290.609256734038,13918.165600290013,14288.915330428526,15135.052361585043
2022-03-29,14711.0151633963,17895.450508970505,13320.960407514462,14000.298365737768,14251.704155034095,15253.674480646088
2022-03-30,14620.177209447425,17656.843076605248,13226.532143180131,14027.674293865663,14417.293885539313,15213.945942697976
2022-03-31,14395.154786970761,17395.253356570276,12923.019250553576,13890.785521275395,14221.93521471855,14981.28672160012
2022-04-01,14435.95065787542,17343.811798741248,12889.293287780092,14000.298365737768,14337.289858441285,15021.022812569186
2022-04-04,14559.619260523576,17673.261952639114,12831.963028567665,13883.689995507895,14355.893801082117,15069.338437759181
2022-04-05,14375.71218351279,17301.127204729044,12751.027088093975,13913.094877066907,14130.769480058574,14907.91938455629
2022-04-06,14231.960997721122,16891.77277386142,12663.344293278804,14125.022549692114,14214.492979639661,14850.137700047671
2022-04-07,14303.674792210144,16918.041940821175,12649.851969418165,14396.772801796218,14400.545566499048,14962.572457035923
2022-04-08,14265.42853441664,16681.624611655476,12778.006196525977,14482.9651344609,14796.83964928059,15043.337546688597
2022-04-11,14021.600396478241,16261.326562752887,12720.67593731355,14194.988235971912,14352.171038486285,14752.370586415762
2022-04-12,13969.647649445309,16189.087646981583,12582.408352805114,14057.082496134053,14590.322561010644,14716.555457170405
2022-04-13,14129.647723645852,16449.589213379608,12582.408352805114,14126.035366052985,14808.0046469553,14855.978386946974
2022-04-14,13953.712052219049,16050.083348947168,12440.767341125938,14058.096972849615,14856.377529911675,14708.791165507182
2022-04-18,13959.448166437594,16102.621682866684,12514.959196902786,13902.955090975383,15074.057970799948,14747.81254325822
2022-04-19,14184.79212460168,16404.709342695714,12686.949974540066,14035.786786880759,14951.266027167476,14895.450002034346
2022-04-20,14174.273167032745,16389.38896724305,12774.634154177555,14224.38979682155,15008.940058916076,14962.570878785446
2022-04-21,13962.317254109968,16111.376922192798,12572.290840937532,14067.22228222558,14532.645239149275,14691.631081743284
2022-04-22,13579.204390858375,15660.42949993133,12197.95259559327,13554.141136291943,14177.278514132458,14262.253997797192
2022-04-25,13657.92910612152,15895.756950969373,12218.19177379539,13645.39921111566,13708.427574500927,14251.260153994415
2022-04-26,13262.384560186076,15303.620300946055,11911.298529886495,13405.080303469655,13727.033984726333,13944.618101220361
2022-04-27,13299.675485985223,15530.183890204444,11901.183787663555,13375.67542191064,13927.973509328069,14026.087732589027
2022-04-28,13635.618445554277,16151.874861986862,12052.94231121031,13560.219694811849,14350.313769829329,14368.779691746435
2022-04-29,13131.7060673269,15478.744056866122,11638.139557685,13211.405740128408,13981.928068593612,13896.219305715249
2022-05-02,13210.750257151265,15714.066334432044,11641.507445566462,13129.272974680654,14205.193475903816,13983.106772639952
2022-05-03,13271.310267201316,15741.428828500873,11793.26735393554,13170.84659576231,14603.343182285931,14124.4940718195
2022-05-04,13675.460015027678,16294.166039311327,12154.11466024148,13462.876420049466,15209.882051102393,14576.113050882677
2022-05-05,13189.394928578376,15510.486757334073,11800.011438632378,13201.26678421423,14981.033322426641,14146.843661536495
2022-05-06,13110.669182752134,15385.71295662467,11715.702070987947,13159.690672600536,15427.564137047048,14162.401807008659
2022-05-09,12690.90125113453,14790.287702820593,11435.791397566856,12818.986720400157,14151.237271581893,13586.75869241534
2022-05-10,12720.223863038997,15015.763138442033,11334.621818180323,12864.619078521395,14279.61089152353,13644.746704519395
2022-05-11,12518.150019688916,14541.833428510856,11230.076041978411,12779.441222572274,14471.250089861236,13508.647532421894
2022-05-12,12505.079387882628,14391.882063460058,11145.768059156302,12903.149269456373,14532.64523914928,13495.299915570047
2022-05-13,12804.047804524449,14870.18853080894,11307.63994010368,13040.040532578674,15029.4078504394,13809.624502229008
2022-05-16,12752.096088054619,14738.846144991567,11213.214445413989,13136.370160802844,15425.70522333371,13844.189200809316
2022-05-17,13014.414589145936,15165.707605530004,11513.358757747923,13316.86233808323,15604.313930057831,14125.552466754723
2022-05-18,12489.782739778808,14471.781166957699,11196.352848849567,12973.114955736173,15204.302019849614,13659.27003819605
2022-05-19,12413.284040813194,14313.078011562204,11122.1596082504,13001.509511466355,15148.4819666452,13590.426078043718
2022-05-20,12418.704802722925,14344.815538558027,11101.924584515236,13159.69067260054,15213.601523585454,13637.448536878683
2022-05-23,12651.059681661132,14674.270865928014,11462.773275643496,13275.283735937506,15615.47728267616,13935.780316147373
2022-05-24,12554.484582930609,14456.461653750386,11439.164132326434,13314.833384652116,15675.011873194484,13886.323366584445
2022-05-25,12665.402028333694,14625.015962317128,11530.219661901183,13310.780458853947,15998.749099126035,14021.862205671341
2022-05-26,12918.47431728545,14976.358525757047,11796.639396283952,13367.559608186166,16175.500537193198,14253.011140523653
2022-05-27,13235.611561392769,15483.122538774536,11995.607897530916,13589.627066902898,16471.322801353395,14567.016298898818
2022-05-31,13161.34506210329,15372.574061918021,11961.886089224392,13408.120412906952,16223.87013003681,14438.996311932111
2022-06-01,13054.890985489374,15326.604313106476,11769.658903029629,13215.460326281267,16488.071120393655,14366.128650204091
2022-06-02,13303.49990565196,15697.645733907473,11931.534938443967,13319.904938052568,16435.973829785067,14543.548968917048
2022-06-03,13085.170990514398,15322.227555688773,11759.541391162047,13163.747749285432,16653.65920584249,14388.74408677565
2022-06-06,13125.011529424699,15323.319158307137,11793.267353935533,13165.777532893893,16635.051973088892,14403.19270810902
2022-06-07,13250.90924005969,15506.104826444247,11884.322191099123,13337.141080088935,17131.814584379015,14610.944198420639
2022-06-08,13106.842701959205,15330.982795014887,11675.22925387298,13231.6861424888,17169.027404829827,14478.000159942303
2022-06-09,12795.123128072315,14921.631813128679,11381.834565525167,12932.557471724764,16789.4767059194,14129.580604846507
2022-06-10,12424.123503506453,14348.098968866661,10970.401777114797,12724.6860456071,16504.81285920838,13743.536954871895
2022-06-13,11952.401794292815,13712.184397722063,10643.279048760021,12339.365872355733,15643.388954334752,13208.69087420133
2022-06-14,11916.385675049245,13798.64949959161,10552.22698124107,12221.740534878263,15673.154604537529,13174.632962912183
2022-06-15,12086.266788259385,14089.792679140322,10670.259542014344,12345.450242117053,15327.093963482088,13265.757469382123
2022-06-16,11686.261965224074,13516.264146105073,10400.465688049673,12163.945248475799,14463.804564669586,12814.423770187164
2022-06-17,11711.4530496578,13639.944619705406,10430.818916063577,12156.845571821574,13673.077780404417,12709.272560003974
2022-06-21,12006.271388693069,13987.042349266807,10638.988176802495,12484.121405466984,14381.426721210191,13088.784185472228
2022-06-22,11984.5069265692,13927.784537302343,10615.254399476662,12657.231645795851,13805.717854076622,12998.615048671943
2022-06-23,12101.984936671399,14136.284086391135,10574.571089369107,12941.329955729116,13293.974536830296,13015.040212407806
2022-06-24,12486.753914825833,14644.364748064425,10964.462274185693,13156.184833672705,13468.944378834145,13364.80621228714
2022-06-27,12439.057393398827,14545.60316519924,10927.167624294394,13205.065675744832,13864.041683096699,13415.817522792211
2022-06-28,12184.89270756032,14109.948526539105,10818.677181714873,12974.930553589633,14238.440065414055,13279.687103746232
2022-06-29,12174.967354337394,14138.476776326755,10757.650139320061,13087.962519817353,13743.628490994746,13198.750464933506
2022-06-30,12076.055969057566,13949.732992792418,10662.719876894846,13058.432281479249,13453.897870622597,13057.165796142077
2022-07-01,12203.77880694391,13981.555882078304,10808.504969365664,13205.065675744834,13655.20342026966,13194.845358384704
2022-07-05,12226.829411817464,14157.131454563954,10771.213089119005,13128.692680716516,13113.360506374707,13103.886141666053
2022-07-06,12268.11995301046,14278.94430472718,10744.090651576915,13217.285056085519,12889.474090279738,13101.627514576247
2022-07-07,12451.864201051334,14574.136588459014,10900.04726398578,13273.29048013222,13354.17948782489,13338.653205891931
2022-07-08,12441.618342704089,14580.715520511236,10876.313486659945,13313.002013429099,13348.535299373152,13338.707513876861
2022-07-11,12299.491324359138,14379.901164264049,10788.163314311883,13279.398925036547,13220.601732014096,13217.567853884762
2022-07-12,12190.656646982585,14183.470463397396,10720.355489428759,13110.36568564885,12962.851007736897,13056.262463693301
2022-07-13,12126.632914351052,14146.161106923008,10625.425919414703,12983.078744230563,12942.15373084808,12983.035198432564
2022-07-14,12097.184573748298,14275.650527474298,10422.003137176489,12945.401975606219,12697.57168292068,12894.180047779415
2022-07-15,12328.301746402554,14526.947624716688,10774.603826568737,13258.014386807337,12904.526356188628,13180.39953332747
2022-07-18,12226.507876130045,14386.482683052329,10733.917054405381,12977.987266573833,13199.90363259709,13127.851174622798
2022-07-19,12556.856939188448,14825.429374474634,11056.003876394645,13198.953079953786,13606.286846178546,13483.221121420649
2022-07-20,12636.88428621089,15056.976741880053,11096.68926373568,13068.613576438027,13737.985947599396,13551.919985839348
2022-07-21,12765.569670033294,15268.768343731019,11167.886441246223,13275.324414627412,13497.1686112056,13630.394944373538
2022-07-22,12647.129113995035,15058.071793479832,11103.466584168193,13220.34010871503,13386.164319088988,13518.04851333836
2022-07-25,12662.4927487004,14962.605712358236,11174.667223734534,13289.581880350011,13877.208714390119,13634.865807497044
2022-07-26,12512.683913002767,14720.081961594396,11018.709918914506,13357.80502438271,13751.154623949196,13509.572711850335
2022-07-27,12837.590572326328,15353.26666394773,11188.226019066518,13441.305091917635,14061.584988794735,13815.406438124504
2022-07-28,12998.605751181069,15587.00413455271,11269.594716515108,13526.84075430244,14140.606917231822,13945.333391062251
2022-07-29,13188.109816391805,15826.228934591543,11428.94483601835,13482.036913171487,14753.94151396846,14179.97230280207
2022-08-01,13149.054566564242,15792.211630879327,11334.013188770818,13382.24544541877,14449.155337574657,14062.344240347322
2022-08-02,13062.308978688281,15680.278387984035,11208.572520998416,13334.384891303618,14415.291851920618,13976.078350372743
2022-08-03,13266.857204043163,16097.279210652328,11378.088621150428,13456.580355065173,14001.379215271952,14081.814866896815
2022-08-04,13257.893366193199,16170.799423019913,11340.797433314929,13390.39031535032,13482.117167824905,13965.242373665355
2022-08-05,13235.483771568286,16133.49351552694,11422.166823174677,13385.299667870933,13749.275147031063,14028.402161213584
2022-08-08,13220.12013686292,15996.325800096878,11415.380501397085,13416.865501058917,13820.766829872746,14020.829465219751
2022-08-09,13167.622221949716,15836.106817368773,11473.018883575642,13376.13783069179,14063.470223410208,14036.49733936202
2022-08-10,13444.195471850036,16268.465954285319,11730.688618131513,13521.74761629102,14165.063970485093,14285.995064197434
2022-08-11,13444.195471850036,16204.825349185672,11869.694312936339,13434.176359056335,14652.34612183719,14388.45936287521
2022-08-12,13671.792240952269,16527.449968860026,12056.16617757051,13606.268801960268,14763.347946369226,14598.340460325275
2022-08-15,13728.132095104917,16631.69715666836,12052.773362887294,13674.490285638274,14475.494335330632,14585.67816143155
2022-08-16,13755.021547528611,16586.705194088427,12140.924227646517,13637.83297479356,14441.62920462021,14590.191178465755
2022-08-17,13657.387029930564,16468.18784566879,12079.895108018225,13558.41073837715,14562.037461553013,14541.295834988634
2022-08-18,13697.080198317464,16553.781217485284,12093.453903350211,13498.331634098657,14953.36840922558,14633.396067475278
2022-08-19,13513.019567404674,16253.104191055654,11852.741318098819,13534.988114766027,14949.609455389316,14489.866711164643
2022-08-22,13231.643893455052,15799.894236984877,11591.682923326687,13357.80502438271,14921.383577961482,14241.47840065481
2022-08-23,13199.634603547036,15758.190878185702,11544.21606108618,13171.462587352284,15459.466715491983,14278.38549312687
2022-08-24,13241.889751802299,15768.068760962928,11605.243795892153,13187.753157392728,15649.492113517486,14343.047064085958
2022-08-25,13428.829776018469,16034.730208171051,11784.932108393374,13333.369584410717,15769.898725393907,14530.217901362903
2022-08-26,12974.27724806264,15349.972886694854,11432.334188645766,12961.695866356044,15585.517515820138,14105.817986056203
2022-08-29,12888.488022744137,15146.962391530627,11350.965491197176,12871.067896137163,15820.698066515924,14052.618079470785
2022-08-30,12747.002014647827,14988.9369609835,11289.937063980044,12785.5330639297,15284.500163600898,13863.400411949377
2022-08-31,12650.011598987721,14842.98641437599,11205.181091137518,12704.067761067308,15145.272461641027,13751.566943387914
2022-09-01,12689.70270624842,14770.566427080312,11239.08223393444,12912.8183449933,14772.759313939145,13732.644347566018
2022-09-02,12555.896454378591,14578.527141802384,11150.932061586376,12727.492045033125,15043.677069509758,13657.383271975574
2022-09-06,12508.521468639008,14481.95738662747,11123.811008866604,12739.710595196466,14904.45594777542,13599.683935254503
2022-09-07,12733.235752748562,14713.499580560763,11344.1840162977,12947.43923081079,14731.366405217892,13758.68183972081
2022-09-08,12816.466089888005,14763.98059706526,11544.216061086177,13172.480384777224,14795.337712802471,13894.408638991172
2022-09-09,13015.571911508046,15055.879965789569,11649.320613094082,13288.562422570383,15164.085326442555,14111.56830582332
2022-09-12,13155.459516235154,15297.296593518675,11744.250183108135,13377.15064705266,15442.535795193146,14280.795229039997
2022-09-13,12583.427947614027,14485.245990408226,11306.890058817562,12935.221510824793,15053.085146966903,13732.233167476908
2022-09-14,12631.44291303915,14537.920559093702,11272.98753119832,12942.348583331404,15478.281225349892,13823.55577636398
2022-09-15,12488.035935323118,14203.222779970436,11310.2807962673,13014.645407595895,15079.425789779263,13681.864263620108
2022-09-16,12392.766560041195,14124.213513678289,11208.572520998412,12977.987266573837,14757.702112861098,13555.071333969945
2022-09-19,12488.870691434693,14239.394834822693,11335.693670655744,12908.06059862925,14766.455457877622,13615.950418017877
2022-09-20,12345.514211310596,14155.78635181147,11168.694485069751,12756.752475734113,14663.749652687504,13477.721677444346
2022-09-21,12130.162592970983,13934.670428700649,10936.936853348567,12545.12947819451,14448.832906523485,13248.438768210366
2022-09-22,12028.271849767005,13792.761226068076,10752.893274651953,12611.582684127723,14397.480826456616,13159.22823910071
2022-09-23,11826.741113170998,13612.347594900251,10582.481886870268,12547.175035172531,13404.681896269682,12844.07398507531
2022-09-26,11709.740253784426,13517.74117239675,10415.481316461954,12427.560592776503,13075.65334648065,12672.72691279048
2022-09-27,11679.85083217457,13535.343911301874,10371.173926343798,12389.73522240741,13222.101200907637,12679.448649401149
2022-09-28,11909.66743419573,13678.353339006351,10575.665791412803,12660.653636811849,13807.887683446434,12973.939584799913
2022-09-29,11660.886409995326,13321.92697695832,10442.74569829181,12554.331163886214,13807.887683446434,12797.719638112985
2022-09-30,11480.567753701207,13066.709250090573,10347.316207420352,12381.55548502737,13697.577605123653,12630.041940086161
2022-10-03,11783.668728376873,13471.537755094227,10626.789276988424,12636.116915203767,14471.656418787954,13037.901227156792
2022-10-04,12148.805479462802,13923.671626963014,11022.140816211508,12929.52981494765,15093.583145015535,13475.83861960788
2022-10-05,12120.518583474548,13969.873319774828,10936.936853348565,12972.468247584446,15405.495705662597,13522.31891464774
2022-10-06,11995.486545844155,13855.46457046775,10783.5663966217,12806.848697439285,15679.371272610715,13447.898036629396
2022-10-07,11660.886409995326,13285.624723057585,10527.949661154751,12535.929452857501,15557.650260683893,13120.729654952684
2022-10-10,11571.852972035793,13062.310074293662,10480.236992952503,12457.208716297597,15238.129314263213,12974.31952909051
2022-10-11,11498.565507691987,12862.094978567613,10347.316207420352,12523.658601521429,15116.403367167239,12878.314918597047
2022-10-12,11460.640785585903,12822.493773941875,10323.459180908068,12462.320118210608,15238.129314263213,12864.0767025794
2022-10-13,11763.097658323624,13220.720928514098,10749.485226923221,12752.664682487462,15860.052750378027,13283.00058306668
2022-10-14,11495.032737382757,12848.89572668617,10568.8503883665,12666.787817213873,15268.55956724492,12986.137030623204
2022-10-17,11790.419947249617,13240.521530826967,10834.691267019643,12870.234398082821,15458.751115965155,13271.43560366763
2022-10-18,11928.952361499294,13352.729829990238,11008.50793288542,12941.796515397005,15593.785569203523,13405.642250412
2022-10-19,11844.416300911253,13314.227125945694,10827.874479151018,12760.845250044847,16054.047669456879,13376.56579254157
2022-10-20,11745.099904332847,13321.92697695832,10654.05435122944,12652.475559786504,16069.26279594773,13292.5491776591
2022-10-21,12030.520538452754,13678.353339006351,10971.018715458205,12936.685113483994,16533.333201728856,13643.868195201812
2022-10-24,12177.732355136603,13867.56618401335,11117.571691905287,13186.135971924728,16611.31051936243,13816.944879787648
2022-10-25,12372.193428861749,14132.684212037531,11250.491092615119,13286.324264448342,16628.43062114536,13970.785100481038
2022-10-26,12278.980026965737,13818.062091495114,11277.756859267294,13433.541273387442,16854.75912344161,13963.293040101093
2022-10-27,12213.41148024624,13660.752324591936,11369.776917587702,13363.001934562262,16915.616339292257,13934.793589345269
2022-10-28,12503.977715927986,14254.794536847943,11652.659419706826,13582.804669481902,16974.57516007636,14247.18479654206
2022-10-31,12413.656074092565,14066.68019242214,11581.084878114172,13571.559087166872,17117.21964414473,14193.08298592301
2022-11-01,12359.336123617304,13948.972492390058,11611.75869249508,13579.737994369565,17282.685995421187,14193.57765526096
2022-11-02,12049.163424944576,13467.13685480661,11465.2091781038,13348.690507312238,16866.1659444047,13871.740260268745
2022-11-03,11925.098055502647,13071.111012623549,11349.328631215307,13292.460105205048,17178.07850505176,13773.168741987058
2022-11-04,12096.734217673293,13309.82708790343,11557.229928835366,13373.226398742972,17387.29019567785,13963.869822277917
2022-11-07,12212.447903747077,13532.043236086156,11673.109090901538,13516.353954080725,17685.892605126133,14143.065483255205
2022-11-08,12278.339016717095,13661.851687418482,11741.27558476546,13583.827447970909,17703.009416796296,14218.836978070394
2022-11-09,12025.378028580217,13306.526412687712,11543.599122742758,13437.631557166127,16837.639021658684,13868.792000371644
2022-11-10,12686.222494657324,14400.00096571481,12126.401595980027,13779.092631105126,17212.312128392085,14521.40174664769
2022-11-11,12809.008935291273,14646.420340988732,12225.237749757898,13610.408066202317,17712.51784269284,14671.728840071975
2022-11-14,12700.04440696403,14521.01020320796,12051.419006658642,13622.677257183701,17706.81278715491,14581.620837487195
2022-11-15,12808.36483335333,14697.025520824227,12078.68200366618,13605.296664289306,17893.199320460146,14675.419119926873
2022-11-16,12710.653023522727,14495.708475535565,12020.749346744693,13599.159993355252,17528.031349510526,14537.52277508821
2022-11-17,12671.76060266508,14514.412301757946,11955.990900609504,13593.029133662612,17566.068343209467,14521.713190942839
2022-11-18,12729.294879451449,14530.912228855103,12054.828439209696,13757.626735496111,17427.230519612483,14574.42454141586
2022-11-21,12683.010229472417,14374.700100287764,12092.318349048068,13763.760085720789,17191.393591419685,14503.408299193308
2022-11-22,12853.685906833201,14653.01996692945,12215.014991394024,13883.369547052745,17729.637944475766,14744.06217538858
2022-11-23,12934.685074859608,14782.83100499784,12266.137092147324,13938.578000848272,17537.54142046345,14780.885856303177
2022-11-25,12931.790223109718,14697.025520824225,12307.033664892111,14021.383209945452,17472.87589908504,14779.583233875506
2022-11-28,12725.438512328596,14382.399951300391,12095.72778159912,13916.090156927587,16993.596947038597,14515.107815700101
2022-11-29,12703.582330088762,14241.593560475785,12167.298168724816,13881.32980131614,17250.350767147404,14535.487880128538
2022-11-30,13103.751012657087,14956.640698998173,12375.198773933715,14212.568071429117,17335.934825498214,14906.489044271953
2022-12-01,13094.108033723756,14977.541526382949,12303.627001985702,14253.460947087893,17278.884270118953,14889.98576577632
2022-12-02,13079.004100919768,14890.635817137427,12245.688805774937,14290.267689854702,17176.17681987245,14845.236218631628
2022-12-05,12843.720361649346,14643.123114754431,11942.357324872259,14153.268503677551,16666.469259900685,14552.357280241382
2022-12-06,12658.578670043911,14329.599494793209,11836.702305992283,14045.924912617598,16227.12898673249,14323.541494786834
2022-12-07,12637.046084617703,14256.993262501031,11788.988252967714,14161.450731589624,16189.087057864399,14309.45170916198
2022-12-08,12736.043006634889,14490.209074666744,11799.209626509271,14289.241590656313,16116.811505655984,14394.215977041007
2022-12-09,12640.903482303656,14401.10205303206,11768.537196950681,14106.24061743941,15725.021587252424,14240.67173151811
2022-12-12,12823.1513527223,14715.724173574476,11925.317086228597,14256.527622200229,16137.734977797529,14486.995302521804
2022-12-13,12920.219060614962,14889.540765537644,11955.990900609506,14300.487172971343,16443.942482906663,14614.51447517854
2022-12-14,12837.612214151446,14764.127178775454,11806.027106789054,14322.979997956096,16343.141653008617,14521.22528971864
2022-12-15,12523.584178918967,14211.890070270412,11574.271552301352,14060.23717004497,16244.240863233497,14213.69049122481
2022-12-16,12375.728260297175,14023.777450335318,11485.656079653876,13855.768640864359,16044.540888616717,14044.449103332021
2022-12-19,12270.786019752,13836.777126907085,11454.79185220401,13804.031158548174,16042.616172648039,13964.802014995754
2022-12-20,12287.575953788748,13857.739173712005,11502.805026849634,13800.950370420971,16284.727345887446,14026.08890540889
2022-12-21,12471.305773946213,14087.212841040675,11681.143830000326,13982.653776447676,16594.086779027337,14248.202073922474
2022-12-22,12293.389360239846,13731.970341863904,11578.25637852623,13963.144608840765,16211.711518306463,14040.949059930974
2022-12-23,12364.104539084285,13746.312931084956,11643.418500367608,13971.360043846636,16728.59481422299,14167.026746467413
2022-12-27,12315.345507100448,13616.12940302357,11639.988295481762,13935.429968356118,16907.2939990482,14151.16514854629
2022-12-28,12162.294519887984,13396.587077684084,11598.835530607836,13845.091730030632,16528.75829992638,13978.638801169867
2022-12-29,12381.219100497754,13747.415742892923,11760.023309329294,13995.993066026731,16701.69485224024,14200.751291144737
2022-12-30,12348.604870049621,13728.661044194645,11729.15561982363,13945.694281049387,16807.376564428087,14189.704818546996
2023-01-03,12296.619144997467,13598.479240623969,11770.312539164515,13905.66229929735,16217.475795874194,14053.053191609573
2023-01-04,12391.552556708559,13633.78387664994,11958.937802505792,13942.615983454218,16215.554370018284,14134.226416000525
2023-01-05,12250.122199019686,13369.007297786007,11869.767708519286,13799.923441045232,16511.463822166803,14048.640262562956
2023-01-06,12531.042364078796,13760.655520306009,12133.846400770639,13927.214533350245,16824.66939713128,14337.110248818832
2023-01-09,12523.938692625608,13920.623589636054,12089.260661366226,13694.188733679843,16765.105195598055,14300.153985207347
2023-01-10,12611.767402320414,14006.677400471668,12157.855065326929,13809.163314894806,16884.23688877727,14398.45441467928
2023-01-11,12771.280020174325,14249.386533986655,12271.029669402764,13887.182551598207,16936.115386886857,14536.700314433592
2023-01-12,12817.776966152103,14355.299579819219,12295.038333959053,13843.042022165888,17258.931381243656,14620.758452288585
2023-01-13,12867.503696887507,14396.121723866445,12387.637248009087,13904.63121903489,17283.90827231411,14679.68277403902
2023-01-17,12843.929565958791,14461.211763406429,12305.327563794275,13839.959573683995,17320.41865368918,14660.617080123797
2023-01-18,12641.150817447826,14274.764139250212,12075.545381112117,13644.916047900886,17003.370227012878,14426.774615688753
2023-01-19,12549.126685370033,14108.173163354882,11934.933292416463,13677.764505086856,17214.733651388564,14381.311943765113
2023-01-20,12782.902710824117,14489.891768376408,12123.558555757738,13746.543867940689,17385.74877784652,14601.209901652177
2023-01-23,12936.280386539505,14819.76442249781,12264.170644453394,13793.763525145521,17408.80917823021,14750.504456651674
2023-01-24,12922.395609883655,14813.140653687173,12271.029669402766,13702.400847976338,17341.554338104193,14716.73245626653
2023-01-25,12927.238225893887,14782.249851629133,12367.057403516328,13706.508565479275,17343.477409016486,14735.93961804812
2023-01-26,13069.3147466469,15018.341252050961,12432.220217768863,13732.17100756714,17891.105163683966,14929.506586065683
2023-01-27,13099.345355401558,15081.228254711074,12432.220217768863,13638.755301823832,17529.865587378106,14868.270039373958
2023-01-30,12934.989090974319,14793.28314318093,12370.486223579856,13515.571096844413,17128.26784281621,14664.435662583846
2023-01-31,13125.177450083924,14999.587415598036,12538.537181717647,13690.083506708945,17280.065420602292,14852.165057655227
2023-02-01,13264.666226891062,15352.62170442281,12538.537181717647,13754.753491705149,16939.959883655065,14909.214411489278
2023-02-02,13457.762835070867,15771.852293576956,12572.83369128684,13661.341106671221,16553.73519099684,14953.967030763133
2023-02-03,13314.719646129388,15640.568540443664,12548.82641155287,13621.307464564494,16517.231389847304,14876.2122837716
2023-02-06,13233.34535313432,15449.705357828807,12545.397591489342,13545.341256435215,16442.29413641041,14790.817310375542
2023-02-07,13406.421211956656,15835.84124579968,12689.438500248525,13632.596216101463,16976.470265030133,15052.564665011314
2023-02-08,13259.82361088083,15644.981512166241,12613.986456160766,13592.560083462698,16824.669397131285,14929.699750279879
2023-02-09,13144.873572064671,15558.931150312043,12473.377137109752,13473.481105454179,16680.55423265608,14802.371393426802
2023-02-10,13175.548282757265,15487.218204206774,12514.534056450639,13600.774688291227,17333.870279736937,14949.323685114357
2023-02-13,13330.21622347474,15755.30752972138,12658.57219556518,13713.69541075472,17289.67090482546,15087.789340432051
2023-02-14,13324.081281336223,15822.600606141237,12589.981946071437,13632.59621610146,17295.43847250596,15066.099959779966
2023-02-15,13367.351534245681,15896.520900353149,12603.697226325545,13564.844612800709,17001.448801156967,15027.05101324588
2023-02-16,13183.299147837697,15620.714478918831,12476.8073419956,13429.338915667171,16834.274881354453,14843.693996061253
2023-02-17,13150.362351139045,15425.436600090687,12480.232007592167,13549.443992874078,16234.766983521007,14720.806146895202
2023-02-21,12886.553655804106,15059.159947116765,12223.015109934828,13373.90797434319,16154.065452516383,14478.378036614895
2023-02-22,12868.796023015791,15037.100261976004,12209.2984448584,13328.738025003104,16046.45902435986,14437.827594251172
2023-02-23,12937.250146417271,15286.427128584148,12219.5862898713,13364.668930670967,16288.571842655652,14554.851325936523
2023-02-24,12799.04854292292,15013.930004819089,12229.876904528843,13192.204568316489,16267.434513184253,14432.973145910279
2023-02-27,12842.6393009567,15094.468894369513,12226.445314820676,13152.170096032416,16315.475094751166,14457.243449953794
2023-02-28,12795.173625664253,15061.369019714119,12250.451209732328,13054.649993495554,16081.051269991784,14382.909236735177
2023-03-01,12746.093057992997,14951.0481756311,12209.298444858401,13033.091948201243,16398.09311644255,14393.103750702225
2023-03-02,12845.222922650177,15135.287589435322,12150.994655555238,13113.161722946734,16542.209925974137,14480.202076902466
2023-03-03,13051.233517044964,15460.74037387131,12343.051508604678,13259.960322503965,16767.026621453966,14706.47528423004
2023-03-06,13060.273616564382,15534.658943592509,12353.3407384399,13253.799576426905,16774.712324877604,14725.00863909883
2023-03-07,12860.076428620692,15341.591861852427,12034.388461771236,13040.276302944656,16482.640789271758,14468.505651511972
2023-03-08,12881.064876729726,15468.46436775385,11989.80687683378,12970.471671069781,16313.552023838867,14441.263732405816
2023-03-09,12643.410842327674,15246.71038308095,11502.805026849643,12839.073691439178,16082.96940573492,14159.17181526639
2023-03-10,12460.9733482985,14978.626231038468,11293.601303837926,12744.631056320137,15877.365323757813,13959.98181892802
2023-03-13,12443.212623820882,15060.263621170088,10847.755680783514,12863.708373973965,15554.555909626546,13830.319110648903
2023-03-14,12648.900651965148,15407.78643769109,11067.249326041612,12978.683785366275,15708.278203381304,14047.898752039107
2023-03-15,12569.790506102341,15416.610656645538,10772.305021518076,12967.391713119925,14864.740996565306,13803.740634696382
2023-03-16,12790.329979090922,15849.080160967413,10978.079232055106,13088.523719702567,15026.144058574557,14038.125172398479
2023-03-17,12640.775692479163,15827.015302354526,10624.83321546189,12920.17122573775,14789.800453015649,13830.771465899232
2023-03-20,12762.327518518461,15869.6929984039,10743.05203483716,13083.926197566096,15085.887571253585,13986.044175214127
2023-03-21,12929.902231509213,15997.950270344098,11015.333029687974,13163.277868908182,15608.16665210794,14230.079277634051
2023-03-22,12709.493640034421,15838.73666569894,10760.283378960936,12964.3806598897,15276.158082680227,13983.801922130198
2023-03-23,12743.85158324895,16096.358332614078,10687.905640422869,12939.64718625086,15064.529804226797,13973.959949751466
2023-03-24,12827.476626055966,16138.372099740749,10681.012687326662,13118.966322942795,15122.776315596848,14047.32823060662
2023-03-27,12851.460921098764,16013.427574451222,10829.2163719788,13172.553440383583,15445.075762249235,14141.16440926345
2023-03-28,12822.614429346824,15938.244953040825,10825.769549225117,13093.20093886415,15683.885307326986,14147.329693013055
2023-03-29,13008.989704983807,16272.156364401098,10984.313702138305,13129.271314325968,15901.338730434338,14336.19638860652
2023-03-30,13085.160684883394,16461.229525660725,10960.186635273682,13200.377664277763,15971.237176168615,14408.134867578348
2023-03-31,13269.59128794934,16696.73459924172,11080.819892363314,13341.565925337654,16081.905054254801,14572.482005128073
2023-04-03,13320.155866485618,16670.2033096943,11101.496674418451,13490.994526723767,16809.990559021437,14748.987877686452
2023-04-04,13246.255217096892,16578.425914197793,10998.098915919554,13493.05585707134,16505.16161116166,14635.867953767905
2023-04-05,13211.570585379437,16389.357926410292,10984.313702138303,13725.960450849378,16753.685214183894,14685.753055733538
2023-04-06,13263.109046045884,16482.238995960124,11025.67280553786,13759.97115631831,16499.34140167689,14687.603247311152
2023-04-10,13276.721754043148,16473.38890964505,11049.799872402482,13750.695584842904,16631.367046789863,14716.994463037325
2023-04-11,13280.287502371602,16318.598623666723,11146.302600571691,13797.072612042586,16788.634437051034,14753.593860903691
2023-04-12,13226.155114380672,16225.717554116893,11122.178303351708,13801.191952028354,16800.276501076958,14721.312428120738
2023-04-13,13401.8352061585,16527.56550973747,11222.128546685763,13980.506937833563,16905.122524621995,14898.279846175723
2023-04-14,13369.100399827585,16435.7967366945,11332.422027925508,13868.17896199438,16936.187769367727,14885.277205956114
2023-04-17,13417.067959350075,16495.503778488484,11463.386751931113,13856.840399816712,16736.208135165754,14903.591754233033
2023-04-18,13425.821562327495,16546.3624584581,11497.856364290265,13762.033316843228,16802.219312665857,14915.052181600606
2023-04-19,13423.552262379735,16498.821698611282,11525.429561497409,13804.28187210635,16743.9728012958,14911.947600307096
2023-04-20,13350.299837181354,16390.466773935743,11490.965488427535,13747.600683700837,16596.41946897911,14828.64024883313
2023-04-21,13360.671424226888,16337.39212340594,11449.605000205656,13840.355568277548,16499.34140167689,14813.328183490687
2023-04-24,13374.608759600873,16265.527422118343,11422.031110587352,13917.645079094716,16751.742402595,14858.11803334703
2023-04-25,13162.304516350056,15918.339156794756,11225.573984617127,13769.244237261679,16437.21091218543,14608.925444428487
2023-04-26,13106.55208316481,16154.958251373328,11118.730788186867,13573.43777849854,16217.81138737642,14531.622766693743
2023-04-27,13367.478293507069,16497.71285108584,11297.953800388676,13644.548279337061,16276.05954380286,14723.656226980162
2023-04-28,13481.571934386538,16676.835700958487,11432.368809203763,13761.000576226079,16528.463834833732,14886.594991142605
2023-05-01,13467.958195826175,16686.780838873336,11401.354328532214,13832.10775635522,16342.074011415729,14859.096690581917
2023-05-02,13316.590118157168,16530.883429860267,11142.855777818013,13772.335817694368,15631.463940610854,14588.485709361492
2023-05-03,13225.184323939802,16391.568723498356,11015.333029687972,13753.787165275591,15336.347405639175,14451.463651600514
2023-05-04,13131.511290900877,16313.06818196516,10874.02229813204,13644.548279337061,15165.493494706803,14324.916600083972
2023-05-05,13374.608759600875,16722.16566371725,11142.855777818011,13767.182906914108,15577.101407362206,14624.140798250968
2023-05-08,13378.172446803124,16713.320750874303,11160.090583997586,13737.29486214032,15577.101407362206,14621.547261875043
2023-05-09,13319.507642295277,16585.061754443395,11118.730788186867,13645.576869067487,15582.926552016126,14557.014099148764
2023-05-10,13381.740256257779,16787.401422722087,11056.69144067637,13683.71106540891,15406.244206317067,14565.017867319248
2023-05-11,13358.402124279128,16712.213627839563,11039.459404141431,13641.455868727031,15221.793904375194,14498.479628720424
2023-05-12,13340.89904057669,16690.100483486844,10994.652785577031,13622.903895598874,15245.09612804726,14479.56974369674
2023-05-15,13386.923988654344,16828.309791304724,11084.264637883514,13599.20233239984,15322.75594979882,14546.85797331449
2023-05-16,13297.46595869732,16846.00479046274,10980.867571795776,13485.842446120852,14946.097260010556,14407.566876322107
2023-05-17,13458.883057161338,17070.45070513132,11201.450379808304,13502.333088901438,15233.44254862665,14597.74243911681
2023-05-18,13588.534078609107,17419.84631856155,11284.167894196262,13469.354293872306,15344.115361881986,14721.263239998816
2023-05-19,13568.761694958908,17412.103355281215,11235.914452878178,13532.21366207912,15462.54626104184,14739.545263884545
2023-05-22,13574.2741769846,17445.272209564944,11256.595389400274,13545.615214959053,15398.47625007425,14742.489006492753
2023-05-23,13421.931186622322,17187.652267140515,11125.62374128307,13397.214373126018,15563.506661409085,14630.848087184733
2023-05-24,13324.693435818044,17061.607516779084,10980.867571795774,13305.495549875839,15631.463940610853,14542.861498394079
2023-05-25,13440.082494515107,17716.16383248056,10977.419364219772,13169.462690128239,15353.81954948817,14597.322623366586
2023-05-26,13614.141510535517,18219.242608854383,11067.031216526255,13142.667886141828,15293.631871585605,14724.48271814303
2023-05-30,13619.326273495182,18316.540099108206,11063.585086183732,13061.25488445217,15136.36612638082,14691.889120198062
2023-05-31,13543.805578912143,18163.95888572723,10946.402113903581,13173.583690468695,14870.37366962236,14593.62963430535
2023-06-01,13672.486840482145,18348.60872832003,11063.585086183733,13260.15043311596,15054.822326507852,14737.660019036022
2023-06-02,13870.20449360553,18453.645732872774,11304.846061073718,13430.193168155147,15513.029751338236,14988.942383904063
2023-06-05,13843.62627123825,18347.499880794585,11246.256305961544,13478.628204993021,15410.126539382098,14941.343920504922
2023-06-06,13873.769211370882,18343.08173559988,11387.564267872836,13366.29690844446,15534.38587330864,14983.869758989013
2023-06-07,13825.798560159088,18068.872192561466,11432.368809203757,13313.738380734094,15945.995431020428,15008.120955505157
2023-06-08,13909.424633529205,18264.574296103852,11422.031110587348,13399.276533650936,15878.04144193143,15062.565908704482
2023-06-09,13934.381780139067,18355.244568565624,11425.47793334103,13440.499819893013,15790.672497404541,15076.526890038585
2023-06-12,14060.79477232441,18754.38828994932,11422.031110587348,13488.934026553543,15639.230251797293,15150.488759184303
2023-06-13,14153.497014922466,18868.268482854295,11490.965488427533,13556.950456427343,15713.011030596597,15236.72661555532
2023-06-14,14170.349813308358,19062.86863683407,11446.15748504081,13417.82435589237,15551.859662214021,15197.37521231053
2023-06-15,14346.028874523085,19308.325746292758,11597.805915213154,13626.000457095635,15722.715218202777,15395.013325889784
2023-06-16,14297.164725102977,19149.115590629015,11573.683695226651,13624.970207010521,15699.41792969986,15347.938307212815
2023-06-20,14222.98685424016,19019.701185423535,11487.12953060202,13609.651774641043,15348.035531243844,15216.157120078306
2023-06-21,14150.110584573538,18738.271199789408,11473.282692227542,13611.71891623003,15469.471948416325,15176.40657379754
2023-06-22,14201.18941409707,18891.173168442132,11383.26924144835,13704.85319185339,15261.854317425832,15168.348717388273
2023-06-23,14093.82844195453,18686.196753870427,11334.799075437237,13659.320455013549,15152.173473169734,15067.699510621156
2023-06-26,14036.245728702426,18552.129672733914,11310.56330002052,13581.712986273253,15424.423724410972,15064.347204027268
2023-06-27,14190.130441463361,18917.76653965505,11400.57882803319,13550.669334635259,15459.677282709055,15180.735584324533
2023-06-28,14197.285641071585,18928.844667965262,11372.880996817272,13507.207060093784,15616.370548292387,15197.70321868218
2023-06-29,14253.243156313869,18962.085950858735,11570.218869782813,13595.166840325915,15796.565089370188,15322.628473831359
2023-06-30,14421.441359980548,19263.457947043815,11670.619180370764,13734.859951987508,15898.418755353663,15485.33828070233
2023-07-03,14438.03136477576,19222.46335392576,11736.398240555558,13622.071227721866,15935.631575804478,15481.582678492796
2023-07-05,14416.562674261793,19103.906342219827,11712.165234783482,13614.825439854923,15847.494389946502,15432.716312811905
2023-07-06,14303.670669957748,19052.942468317004,11611.762846962052,13506.172659121945,15491.017251870833,15279.791595596213
2023-07-07,14267.557677782712,18969.84271006473,11629.07866524733,13348.883108456263,15823.986534226504,15293.401517747523
2023-07-10,14303.670669957748,19019.701185423528,11681.005347768365,13454.433516451067,15947.385503664484,15370.877751866063
2023-07-11,14394.762142429397,19060.695778541587,11819.487579736351,13457.537549543928,16297.98485528196,15501.820937457449
2023-07-12,14510.583007065658,19276.75377040492,11895.655576963385,13421.317742160016,16448.8003344071,15602.234883065126
2023-07-13,14625.75152525917,19528.27074021262,11937.19886173146,13426.493067728588,16386.123686196323,15667.926689359574
2023-07-14,14616.641347448904,19499.457949458098,11857.572963172188,13628.275973198204,15953.258354953523,15604.76428470259
2023-07-17,14667.393488469512,19748.753775233494,11971.819419723455,13566.190330276908,15921.921675904518,15665.223186828325
2023-07-18,14776.38068918497,19972.568526302828,12106.839595892243,13666.564582525796,16082.531820736927,15814.130733681388
2023-07-19,14809.240193651072,19922.713499925452,12158.770432880237,13729.687947128314,16176.54843810948,15859.933808509417
2023-07-20,14710.990429881898,19524.942473145573,12248.785268481748,13957.34166919938,16366.539289950932,15888.891461728634
2023-07-21,14710.990429881898,19514.96974337939,12207.239214069032,14098.078313783608,16511.478627674263,15936.674299437675
2023-07-24,14776.707377687899,19549.316424816894,12324.95188088646,14067.031341436235,16777.854382570073,16031.658867899896
2023-07-25,14817.048770265143,19773.129451395518,12245.321827860227,14060.823275250514,16865.993213484435,16071.833517148076
2023-07-26,14819.32837584391,19507.212984173388,12318.026384465738,14051.512006149274,16871.87099994263,16047.176411327628
2023-07-27,14721.074489822335,19450.710046115455,12162.232488679434,13948.028739743455,16764.14283761373,15931.880958168003
2023-07-28,14865.199770019559,19715.51766581214,12186.465494451513,13989.424702873286,16815.07049313366,16031.942537181012
2023-07-31,14893.503155017424,19760.942475559856,12231.473604663428,13881.804662757455,17134.32987558936,16093.488679241033
2023-08-01,14850.88318742451,19794.180309471914,12231.473604663428,13809.3700290537,17054.02809328592,16057.811961263931
2023-08-02,14644.295477693326,19304.450815671156,12127.613315509758,13818.68295850963,16830.738010129968,15866.525435269032
2023-08-03,14602.327856543161,19225.781274048546,12134.537427108158,13749.350697544045,17001.142820669647,15862.518408493323
2023-08-04,14536.283189671136,18964.3001969282,12086.067261097045,13700.714757788688,17024.644096164113,15785.512802212847
2023-08-07,14663.166118630399,19017.485214863336,12255.710764902467,13859.03704907152,17044.23013746589,15906.353092613836
2023-08-08,14599.401057337145,18871.229433400455,12144.924979328078,13965.621858038165,17128.453734187555,15879.481962641157
2023-08-09,14501.798487195216,18627.474396270878,12054.910143726567,13961.48259379612,17343.905123676202,15832.695660902213
2023-08-10,14507.003861416895,18629.688642340356,12065.293541479527,13952.16966434019,17341.947506579858,15834.466527110777
2023-08-11,14498.544999486277,18492.298467608918,12089.529316896243,14039.094213423137,17608.324906532056,15884.00087987416
2023-08-14,14578.577499324221,18787.024276604156,12065.293541479527,14081.516275751357,17533.89597551766,15941.97080265758
2023-08-15,14408.75306708462,18601.989872583403,11843.72197033075,14029.782944321898,17169.5883690566,15736.913979477733
2023-08-16,14303.019354078098,18424.71050327794,11826.41030651243,13923.19564482322,17020.727216915042,15628.023264167827
2023-08-17,14194.032153362641,18249.648829023372,11767.559512392998,13812.470741437182,17224.431258769226,15571.50575677587
2023-08-18,14200.863756157238,18277.351047761742,11764.094686949158,13817.644406651067,17394.831134139753,15608.791115335676
2023-08-21,14293.259921514387,18626.363824254724,11750.246463752359,13832.132661675569,17285.145354714503,15668.627308060552
2023-08-22,14254.542696383858,18605.311241687617,11639.459293355649,13783.49506156552,17151.95829979479,15591.88520453563
2023-08-23,14413.307125426652,18941.03164380091,11753.712674018518,13824.893515227388,17108.8660478294,15715.027675063182
2023-08-24,14213.553079616267,18504.487167935287,11712.165234783482,13704.853191853388,16991.349800018765,15539.041248516804
2023-08-25,14313.75369933508,18692.84294106026,11767.559512392996,13805.230764811655,17155.871888931102,15660.137449941221
2023-08-28,14404.524666682411,18845.74490971298,11833.335802933148,13837.306326889453,17271.44038998369,15751.500800619331
2023-08-29,14612.739635549617,19223.56875246978,11940.662302352977,13961.48259379612,17318.441295916244,15925.612323533713
2023-08-30,14672.925551194112,19368.715686407213,11947.585029129057,13951.13360301366,17404.62415479064,15978.11609857183
2023-08-31,14651.452738427744,19462.897021951114,11902.57968856178,13784.53112289205,17416.376437594256,15940.936937523209
2023-09-01,14678.781210732339,19522.728227076095,12009.90203351465,13821.786991602494,17772.850285557157,16059.303351660166
2023-09-05,14615.340776815807,19592.532161967254,11888.731465364981,13678.981545074592,17866.866902929713,16008.306639071037
2023-09-06,14517.089982483532,19385.33460336324,11881.807353766582,13604.478939604503,17874.700661427865,15935.026257237329
2023-09-07,14472.52018950408,19105.015189745267,11850.647466751465,13665.53350226334,17857.075527335208,15881.958658520467
2023-09-08,14494.31453795787,19144.904384319296,11874.879087701222,13665.53350226334,18029.439600027617,15930.52879780451
2023-09-11,14589.638533084128,19244.624784018302,11930.273365310735,13759.700518503852,17792.437971915315,15963.013621283137
2023-09-12,14509.607063809284,18895.603385071776,12009.902033514647,13742.107400209143,18211.591758201765,15980.037647748972
2023-09-13,14526.524787670518,18943.249338851805,12009.902033514647,13744.175371975472,18074.48617897659,15968.242811587874
2023-09-14,14651.778396367565,19080.64123807395,12120.686434266716,13787.635986162259,18286.02068921616,16095.877751648719
2023-09-15,14475.249120594754,18713.893799136655,12058.372199525762,13678.981545074592,18021.59761624754,15906.746849090136
2023-09-18,14483.737868855293,18803.83633651952,12091.409905606364,13658.201375952522,18174.31971572114,15954.746089982855
2023-09-19,14453.701076722036,18793.842912864835,12077.49798058286,13669.63208781548,18004.63050470828,15915.63879481559
2023-09-20,14320.822331642847,18498.48766476106,11994.036124198075,13670.67146985139,17836.917006411983,15784.9445077621
2023-09-21,14084.122598672051,18216.46100534186,11795.815427003738,13551.179893702418,17592.252705665407,15561.561153037857
2023-09-22,14052.456486276573,18255.322403453727,11705.40176257416,13523.125710683678,17621.847270004302,15536.140018346918
2023-09-25,14111.546913345011,18314.16719989355,11733.221458154207,13596.897760090189,17842.837564336143,15622.524147852857
2023-09-26,13904.232656627826,17984.394566233233,11576.732381563424,13481.564542262196,17740.23704275457,15434.218524939202
2023-09-27,13909.783269488245,18012.15196867427,11559.343167695204,13414.02878507114,18182.21434130549,15497.019987188847
2023-09-28,13990.423801555606,18139.845332152847,11642.80363925767,13478.448886686507,18201.943502512626,15577.587082875965
2023-09-29,13956.467777950349,18202.02529362255,11535.000760959872,13376.621824083912,17834.946228864566,15465.503842401373
2023-10-02,13950.918195653036,18397.446305179485,11437.629749196223,13357.91875867897,17479.78678095207,15405.452413659441
2023-10-03,13764.171917299796,18085.437650305517,11256.797573458947,13239.468224920596,17467.945665103747,15233.834330983522
2023-10-04,13864.40139278543,18310.837208335794,11340.258045021414,13295.575760780728,16919.42299976365,15233.820348261539
2023-10-05,13859.178498991037,18335.269792691197,11392.420839747954,13368.31008850602,16814.850055578274,15248.588993637857
2023-10-06,14023.723356465707,18678.364117073244,11489.793928745084,13508.579343245025,16915.474864443284,15418.180809775491
2023-10-09,14113.508074925658,18774.963188590198,11496.751276079156,13555.338252023392,17479.78678095207,15569.284199475562
2023-10-10,14186.966612744181,18803.83633651951,11580.208285585823,13619.756693284071,17501.49165487577,15631.548394423877
2023-10-11,14245.08006599315,18978.159928750923,11597.598884276362,13559.493289634995,17276.55322522356,15624.018408924068
2023-10-12,14158.23657462262,18995.92735651869,11524.568202014565,13443.119029416404,17296.288966656233,15564.967794806715
2023-10-13,14087.714111078018,18723.892396263458,11548.911301161057,13527.283238827311,17677.094843587263,15599.484503789692
2023-10-16,14235.937940726762,18903.76884857564,11670.62610448236,13629.109471252561,17795.482971281148,15739.543188941838
2023-10-17,14235.284563720912,18816.050904206506,11726.266880464775,13610.40640584762,17980.953208180785,15768.288292033336
2023-10-18,14045.59705827825,18622.845863209757,11524.568202014565,13491.957532443937,18144.721861269485,15640.91593919962
2023-10-19,13922.188157531473,18516.25681701953,11371.558491501977,13358.958970892223,18113.153229270407,15517.715136750658
2023-10-20,13751.112621687611,18203.132416657285,11197.679508631812,13305.967090607783,17809.29486467689,15315.265492844157
2023-10-23,13727.279819420619,18224.231560473512,11128.12957727053,13222.846414119509,17521.222461139296,15225.801580461617
2023-10-24,13830.774118809299,18349.70033093837,11204.635471143565,13263.366540150391,17274.58244767615,15257.126526106385
2023-10-25,13632.272207166276,18133.18190005591,11162.903850540011,13144.91600639202,17243.008880507925,15133.132926698643
2023-10-26,13469.032042577102,17786.752410643985,11138.563521038159,13015.035590948031,17108.83972692727,14979.012669638478
2023-10-27,13407.97736223871,17890.013189767164,10936.864842587946,12794.758824764409,16698.434350488194,14806.010088898129
2023-10-30,13568.280421990861,18082.10420976634,11131.606866115248,12866.45294027645,16753.681924071152,14952.326320576974
2023-10-31,13653.492531972968,18210.90642077037,11253.32166943655,12940.22498968296,16808.929497654113,15052.114874368075
2023-11-01,13799.103884161417,18562.88877026307,11326.348197231388,12967.240620843135,16769.46459501431,15161.158653635099
2023-11-02,14063.554620308096,18877.120293660057,11594.120210609326,13172.971019588107,17276.553225223568,15482.084000661509
2023-11-03,14191.862818035643,19071.42728421942,11747.129228710754,13238.430503239384,17102.92081405949,15567.337274265254
2023-11-06,14224.508995939896,19196.902952647106,11712.356340263592,13326.747259729857,16909.55595157551,15571.337335700746
2023-11-07,14264.993636788138,19406.756226941925,11694.967126395373,13336.100867875692,16534.66569739949,15542.762681170412
2023-11-08,14275.442516066225,19516.67871367132,11708.876281774237,13317.396972293405,16327.487296463387,15523.034265777578
2023-11-09,14164.109753733555,19425.634226725844,11660.19285312589,13042.050391930868,16278.156990691823,15397.860580425215
2023-11-10,14385.138744194972,19933.062168666034,11792.338138159022,13119.978309126322,16457.713249892833,15613.631061588172
2023-11-13,14371.42813270314,19816.479698821127,11774.950309113121,13195.829122604648,16576.101377586714,15628.30314430698
2023-11-14,14650.244918473705,20212.872857525057,11997.516182687428,13285.186091308371,16724.08406961949,15859.616716624278
2023-11-15,14681.258684426437,20238.41084042449,12063.587440381676,13295.575760780734,16692.515437620415,15884.30033506549
2023-11-16,14699.216246456286,20339.45392449678,12112.272253852341,13352.724339031465,16366.952199103196,15868.562977501224
2023-11-17,14717.499466425958,20297.259085845733,12174.86899234651,13325.709538048635,16710.272176223752,15942.480587120483
2023-11-20,14830.791329213076,20591.50376193335,12223.555190639494,13406.75311081978,16733.949472751254,16049.907781444712
2023-11-21,14798.465656433142,20424.950724833605,12216.597843305424,13487.798343945617,16696.460282828015,16027.333763329612
2023-11-22,14855.600074736438,20515.99693626979,12265.284041598408,13552.220105915674,16688.565657243667,16080.567426337
2023-11-24,14864.743230565926,20476.02669063247,12303.536988534925,13624.95194310893,16757.630059391522,16116.881301995512
2023-11-27,14837.971262335712,20474.914394125608,12261.805367931373,13539.750012016802,16698.434350488194,16068.424167040404
2023-11-28,14852.661939336316,20513.779241218897,12258.328079086657,13470.135490753928,16702.379195695794,16061.030773875316
2023-11-29,14842.21409062133,20529.325524954354,12345.2699939608,13474.290528365524,16578.07215513413,16061.072142126553
2023-11-30,14900.655262936325,20559.305795918404,12484.372626328002,13643.655838691213,16688.56565724367,16176.390967425481
2023-12-01,14988.807569444753,20605.93947365265,12578.263579602295,13697.685440656873,16775.385152938477,16256.843663741327
2023-12-04,14910.124076705637,20355.001932722942,12564.354424223431,13723.660859603795,16698.4343504882,16187.836599723007
2023-12-05,14907.186971868618,20477.135538157912,12501.760455373902,13705.998006412106,16406.413811630242,16129.710560287289
2023-12-06,14847.112357039001,20303.924242433364,12439.162332057414,13716.389336239157,16161.747865827281,16027.607931607905
2023-12-07,14960.402158699919,20550.42294427987,12498.281781706868,13699.765034906033,16051.254363717742,16080.41834788213
2023-12-08,15024.718571252053,20725.857108527438,12564.354424223431,13722.622307745227,16224.890064994584,16178.857637639214
2023-12-11,15083.15768244085,20906.842408365068,12640.858933274147,13813.017828307517,16244.61922620172,16264.65154327093
2023-12-12,15152.046703470827,21045.638043023777,12731.273982526043,13872.24268009803,16021.654864209693,16293.670391618929
2023-12-13,15360.995433265736,21231.07252888886,12936.450642232132,14127.851794083788,16244.61922620172,16525.234510117552
2023-12-14,15410.294480314342,21178.880817601712,13065.120023242867,14059.267522906024,16722.1116470157,16641.693455984485
2023-12-15,15384.920986211791,21285.473312773353,12988.612744547512,13939.783418353158,16633.323018829862,16587.51587637888
2023-12-18,15471.464583720017,21349.129438289372,13031.947989397255,13962.53691902423,16769.180000259974,16659.67901910573
2023-12-19,15565.542628057521,21430.36157310454,13129.803688972792,14056.468164898768,16970.378621242107,16780.02883648705
2023-12-20,15349.84680164227,21106.536707897198,12895.653776694362,13852.94769824612,16813.005947372396,16543.251065276792
2023-12-21,15495.39116722917,21343.564506773637,13021.463499614958,14022.025767210447,16878.74404551284,16697.377974757233
2023-12-22,15526.533753569489,21371.38571537088,13049.424447071617,14091.953265332377,16928.544837410085,16742.120490618476
2023-12-26,15592.096116910381,21460.41254818763,13101.844126338457,14123.265894430144,17073.966176653776,16819.862996357035
2023-12-27,15620.28613996717,21459.29335371793,13143.779315823003,14182.751421906978,16998.268907167712,16835.79112854801
2023-12-28,15626.18611371873,21484.891693792157,13182.223368239635,14219.287526859325,16739.29919611035,16808.303357554367
2023-12-29,15580.948515850016,21419.233434563783,13140.28679393277,14233.893667066817,16701.448093782743,16773.455341845252
2024-01-02,15493.754633025244,20858.37904598929,13196.198995089842,14484.384737720802,16880.734563736856,16776.163307554263
2024-01-03,15367.221064957119,20645.83729068021,13084.369053486416,14460.377669258814,17155.64158103742,16735.219070950825
2024-01-04,15317.722088666977,20494.49598611851,13136.792887220217,14532.392233226012,16854.838086148036,16671.29557477531
2024-01-05,15338.701261708105,20488.93105460278,13192.707858021933,14519.86651744503,16868.781584054454,16689.033116539576
2024-01-08,15557.677370472911,21003.04657150981,13276.582391457983,14648.24182136258,16673.5610979699,16832.540510926716
2024-01-09,15534.074383777379,21036.430987132077,13192.707858021933,14646.156415872003,16406.626023903704,16757.140993535137
2024-01-10,15621.9257658604,21215.590051309602,13213.676837586523,14712.950824693999,16245.270668529576,16792.28815551054
2024-01-11,15615.041604347665,21323.531098215142,13164.749680209916,14702.513835112974,16287.102807305218,16801.72555094371
2024-01-12,15625.858394652705,21392.529695945526,13140.286793932772,14665.984371579385,16470.368668650986,16838.14475543484
2024-01-16,15568.494160777953,21445.942346654156,13049.424447071617,14578.314323240651,16077.9338881451,16710.53314537536
2024-01-17,15481.950563269731,21340.22416827163,13024.960175972152,14549.092080697532,15944.467173640192,16634.771304910588
2024-01-18,15619.630701835124,21773.1075503635,13045.927770714423,14547.005014852266,15918.572341107754,16731.31981343259
2024-01-19,15814.347355209242,22274.982632222916,13255.612027071069,14555.353278233333,15970.362006172629,16916.7578664137
2024-01-22,15847.78397501174,22372.90956158528,13318.520350587167,14619.017918464771,16030.123614471873,16982.301450233892
2024-01-23,15894.003699515426,22463.041792946053,13339.487945329438,14608.582589238436,16063.988745182298,17015.98823745703
2024-01-24,15911.377962830275,22617.725160500468,13391.90623977396,14474.987130175685,16293.076007033653,17073.926796005708
2024-01-25,15997.919499212296,22712.313475851533,13458.308470002612,14453.072108623035,16659.6159550071,17195.363659031314
2024-01-26,15977.59679486632,22450.803082389146,13507.238397023859,14535.52366217126,16783.121853110002,17209.015278048322
2024-01-29,16104.129332371347,22656.67278314776,13542.180233794023,14637.803171426864,16759.22082891435,17296.053292960245
2024-01-30,16091.672916173078,22469.722469950066,13713.425977023317,14671.206187079275,16932.527518914496,17352.242519035863
2024-01-31,15829.09883543279,21997.8897407202,13545.675525328897,14651.371589953134,16615.79165295106,17110.67756252712
2024-02-01,16036.271905005175,22274.982632222916,13566.645889715812,14841.324468256858,16613.797844614277,17247.827977939087
2024-02-02,16205.093599347787,22505.329754095346,13622.560860517526,14819.406125994827,16637.702158922697,17333.901673753455
2024-02-05,16146.088709016705,22556.519536280957,13542.180233794028,14865.328216009464,16595.866730034293,17310.7337478305
2024-02-06,16192.966963341749,22453.031124384288,13570.141181250685,15027.104875224735,16649.656783661485,17360.949212460087
2024-02-07,16328.021227126537,22750.147077501242,13671.48663307182,15067.806810094167,16683.520269315522,17478.252985506922
2024-02-08,16335.234138268397,22821.366819263934,13619.068338627296,15041.712675786914,16854.838086148033,17507.17963483049
2024-02-09,16429.641962798127,23128.495165433374,13657.51100622161,15030.231323105909,16595.86673003429,17527.949899582232
2024-02-12,16422.429051656265,22952.678164248562,13720.416560093066,15050.060939167983,16779.14081666197,17559.247236369385
2024-02-13,16196.243123438902,22563.195039812847,13535.192420368927,14910.2092636335,16609.813518053474,17335.802968203385
2024-02-14,16343.42814548213,22799.107093201004,13664.500204469034,15039.627270296336,16593.87621181027,17463.453350367996
2024-02-15,16456.192359961686,22751.261098498813,13898.648731925146,15149.212340187722,17056.03835218655,17662.79657838033
2024-02-16,16374.239921067121,22542.056232710318,13849.72157454854,15198.265859147601,17046.07753578455,17609.661207461624
2024-02-20,16284.095536085024,22312.812784891208,13811.278906954225,15147.130255406524,16890.69373508247,17500.72562567252
2024-02-21,16298.847016308571,22172.60306785168,13853.21548126109,15180.5233089308,17207.432891158678,17565.881982572868
2024-02-22,16636.158563675366,22898.149768051644,14013.976734708085,15358.999815617586,17237.312050251916,17841.722742380043
2024-02-23,16647.629761549353,22844.731943870887,14083.872871649288,15432.055421975381,17123.76532349463,17847.12365092857
2024-02-26,16586.65855682212,22866.991669933817,14013.976734708087,15352.736957727093,17183.530221906643,17813.925891781382
2024-02-27,16617.473424096414,22887.0233540016,14052.416632657763,15315.163131093526,17109.821825588213,17809.436563576193
2024-02-28,16595.51006329411,22779.078858114644,14104.837696746927,15238.971114726412,17075.958339934175,17776.44694097252
2024-02-29,16655.17039175724,23032.796278066155,14097.84988332182,15114.773263208775,17159.62426254184,17815.51012438344
2024-03-01,16811.533608775386,23453.4375006197,14080.377580114418,15273.41351241473,17358.829075187194,17988.37847789744
2024-03-04,16793.502876765382,23453.4375006197,14115.32357135154,15250.452467407415,17173.56776044826,17949.64440012882
2024-03-05,16625.66846187325,22877.005787477006,14118.820247708734,15136.691605470805,17301.057985111966,17826.294909395252
2024-03-06,16709.914934229993,23058.396342631087,14192.20613689553,15240.01713818108,17354.846393682776,17926.58231089533
2024-03-07,16875.784065289074,23422.28112699258,14171.239926975577,15310.98899940299,17502.25989620687,18060.60545336537
2024-03-08,16774.492079246607,23073.973667199294,14195.702813252721,15282.807799250471,17564.010377673745,17997.540737263
2024-03-11,16760.06831808909,23010.541725475356,14220.167084352186,15274.45787551471,17745.28901090826,18025.937591035814
2024-03-12,16940.36327143189,23482.374454705223,14279.578731511092,15345.428076381932,17717.40201509542,18164.792403152707
2024-03-13,16913.809782579025,23228.653585772296,14384.419474867094,15285.940888550404,18000.2760404612,18190.437983701668
2024-03-14,16880.37213221343,23233.102771799746,14269.092856906476,15231.66721444532,18185.53571014375,18179.300385167604
2024-03-15,16764.46263915051,22882.570718992738,14255.114460411627,15171.134003159126,18239.32247365818,18092.220569038273
2024-03-18,16864.095418600835,22995.0368295169,14336.845288896813,15169.3541029315,18302.375839780776,18164.34027715691
2024-03-19,16957.812765853094,23114.302606903948,14407.007311723391,15269.908503664248,18511.2256180025,18286.68613957722
2024-03-20,17114.662408654767,23372.900335559993,14578.894227686696,15235.341579374182,18485.120218252974,18391.6297487906
2024-03-21,17171.220742184767,23389.62099746781,14698.163434791444,15255.24425104261,18595.567658783777,18463.29197888634
2024-03-22,17138.664223270276,23397.422593432224,14529.782888941569,15234.293895564822,18555.405252237375,18402.17316751101
2024-03-25,17091.31500160821,23242.489174725102,14473.656040324944,15213.346860796415,18728.10820654478,18382.611716198007
2024-03-26,17059.748853833502,23146.62990972201,14522.76737907007,15268.860819854892,18583.520910887517,18358.165137351738
2024-03-27,17203.115639588606,23264.78339060219,14694.655679855696,15472.069970003173,18756.225510251308,18534.206385839454
2024-03-28,17199.827112734245,23214.619680388027,14775.338197844885,15474.163677267201,18959.04615682756,18586.44344744327
2024-04-01,17169.901621415866,23279.27256153345,14694.655679855698,15342.18374331777,19099.617869852736,18565.886679206724
2024-04-02,17060.737163847083,23055.2267287092,14617.479531979938,15103.361645424753,19366.704289106212,18481.16439674275
2024-04-03,17079.476923270373,23116.53582237121,14610.466791753079,15086.603685539088,19499.241546754445,18514.474488215583
2024-04-04,16871.003283064892,22750.93344526424,14445.594000838953,14868.73194312386,19487.189863689036,18313.163859338543
2024-04-05,17047.25327623741,23011.75749142472,14582.400597800124,15001.757900527959,19696.041286967145,18500.125787152418
2024-04-08,17056.78701548207,22985.005467066632,14645.544341110568,14953.57440742561,19571.53519458308,18478.642024549034
2024-04-09,17076.517146045142,23100.929181460964,14561.355453007951,15006.99631957475,19577.559391059403,18494.652190601242
2024-04-10,16905.52817750174,22817.809194932684,14343.86356841295,14831.020307051025,19637.80300087901,18325.040635049212
2024-04-11,17033.111889369487,23273.699007564184,14242.133135986945,14770.26958930045,19623.74763913851,18382.29627278427
2024-04-12,16798.003345826186,22896.949522518666,14052.708830167216,14550.300818911812,19304.450420385987,18108.566543779714
2024-04-15,16587.557207845948,22462.241629257398,13982.552346629913,14520.973974023225,19123.716300814405,17935.14556436432
2024-04-16,16557.303997461542,22488.99192912477,13887.833269608449,14526.207412005948,18957.03754298332,17878.605203370615
2024-04-17,16459.312905030645,22164.63074730715,13922.91358861058,14501.072962709484,18902.816484583655,17798.487868099466
2024-04-18,16425.44344872585,21911.60484812967,13972.024927355704,14500.023618545436,18844.581488608284,17751.85844633674
2024-04-19,16282.076662970749,21460.17801745129,14164.96114257814,14554.491554149243,19071.503856258973,17752.83984643846
2024-04-22,16432.021532997675,21651.894822966762,14336.845288896806,14610.008833917102,19196.009948643037,17897.06424273146
2024-04-23,16627.015407845887,21972.913941791674,14428.052456515561,14800.644117998392,19302.443451598134,18081.932460543634
2024-04-24,16619.12335562066,22073.232739766467,14424.546086402132,14754.555992514763,19316.49881333863,18087.220078484155
2024-04-25,16555.986937818838,22025.302245019568,14340.355813477194,14656.095299046041,19404.858081808376,18036.91590012315
2024-04-26,16712.839672309816,22273.86516224393,14319.3092838627,14660.284373928787,19226.130931024647,18074.314227794093
2024-04-29,16772.026972309723,22369.72787622843,14298.261369425887,14709.513890485801,19356.65957482865,18134.04078500579
2024-04-30,16506.33646875289,21877.054676788583,14157.942863062006,14699.040373101598,18780.320651100203,17850.548422432043
2024-05-01,16452.737912448127,21653.010568455044,14157.942863062006,14725.2258269168,18481.104635620883,17751.87348868846
2024-05-02,16606.626747461465,21965.11234582726,14193.024566886454,14714.752309532594,18587.536493519594,17862.974451738814
2024-05-03,16812.472451760143,22577.047873672735,14224.594361308196,14751.41460144138,18589.548397476596,18024.023157660726
2024-05-06,16986.09244789965,22842.331452804912,14407.007311723386,14811.11929573729,18736.139371808946,18192.849954788097
2024-05-07,17004.83426844914,22767.650658190636,14456.118650468512,14933.673396111875,18718.068427436363,18223.969840909034
2024-05-08,17006.47801659477,22832.300090354645,14508.736359327067,14882.346851581451,18695.978610318925,18231.10968617678
2024-05-09,17104.466017336366,22825.61079089709,14617.479531979929,15010.137710648138,18946.997763874904,18358.643426998526
2024-05-10,17126.501517555724,22910.328121433762,14673.609150241193,15040.51389970077,18842.574519820424,18378.29476400089
2024-05-13,17128.801734396508,23018.445066391556,14613.97593151114,15025.847986724446,18792.369044052844,18367.818774016643
2024-05-14,17207.39350701966,23222.423000843144,14687.636015517233,15089.743416257788,18816.465829958135,18456.075407065226
2024-05-15,17420.47170315911,23745.193736615212,14796.384727459374,15313.901261529169,18858.64178551792,18675.314855751167
2024-05-16,17384.624596264057,23662.706172564394,14796.384727459374,15296.092297124766,18806.426050849725,18639.968665279812
2024-05-17,17409.615751456244,23610.319593827207,14905.129284934554,15325.42246272273,19069.495242414734,18723.769531688333
2024-05-20,17429.672570522238,23887.864301895508,14701.669804904868,15292.950906051381,18944.98915003067,18688.602954819155
2024-05-21,17472.42238906584,23926.880904171132,14796.384727459374,15319.138020221273,18852.612653872453,18716.13056945009
2024-05-22,17422.110298489235,23980.381503905886,14712.194454534436,15346.371157845831,18491.14441472929,18627.307224908556
2024-05-23,17294.860489066115,23785.319186416284,14508.736359327067,15178.779936506355,18322.45868811035,18443.60294225712
2024-05-24,17409.290093516418,23985.953333384452,14596.433002365435,15127.453391975934,18348.567377972642,18514.203187951367
2024-05-28,17421.45279923098,24087.387876847526,14435.069351209377,14944.14857385077,18537.32937269563,18484.738725140913
2024-05-29,17299.46092274768,23934.68077564484,14319.309283862698,14827.878915977646,18210.002633735316,18311.72357926494
2024-05-30,17184.70153810515,23388.506976470235,14396.481277271496,14835.212702643155,18262.21343323436,18235.905956506638
2024-05-31,17341.2214007146,23425.29036327859,14606.95626717268,15052.038421603715,18716.054878422976,18472.125500844242
2024-06-03,17355.36072645632,23484.364516982616,14515.754638843204,15157.831241383254,18226.064964263664,18390.632901391597
2024-06-04,17374.764168516467,23533.41075721779,14449.098986130051,15201.823999248167,18051.35833128117,18360.955180571626
2024-06-05,17581.26015813169,24056.17804400844,14491.196199826,15270.956187473612,18049.349717436937,18513.16196472683
2024-06-06,17580.936561318067,23975.92369542489,14484.182074776822,15321.233387839986,18143.73153732662,18530.500965816027
2024-06-07,17559.564743735566,24031.655786136205,14550.829418556055,15337.991347725649,18071.43788949799,18540.95047209824
2024-06-10,17613.81564648308,24092.957981835378,14494.70395476175,15394.55631130286,18207.99401989108,18589.259251647225
2024-06-11,17656.23980708686,24541.04447401175,14329.832548669943,15330.660881769518,18171.84555092038,18602.25828553315
2024-06-12,17801.246218735192,25083.872761212224,14315.800144104627,15298.189325098168,17977.054424551923,18663.702448434335
2024-06-13,17837.087142251643,25282.280590675953,14305.27687929738,15285.622100449937,17812.38921573422,18660.74187076144
2024-06-14,17847.94309395451,25377.02583468147,14259.671910665682,15280.383681403144,17679.848667973216,18636.051876919206
2024-06-17,17989.99178950381,25761.5751912007,14385.958012464245,15264.67174497215,17726.036916052326,18761.109777951853
2024-06-18,18035.69726302024,25793.90076952806,14477.163795260683,15284.57275628589,17800.33753266881,18819.759483928585
2024-06-20,17986.704293212544,25504.09320803294,14554.338558314124,15334.848296297574,18127.667561741895,18868.90585407096
2024-06-21,17962.58911665596,25459.511674241585,14498.2117096975,15377.79669106251,18023.242672631033,18831.52684401003
2024-06-24,17904.1953502436,24835.330537876365,14647.18535555938,15467.494032477676,18477.696078794306,18882.581386438123
2024-06-25,17973.146205059624,25290.90304421753,14538.007348698138,15419.124579650053,18520.202690687176,18935.128706736385
2024-06-26,17995.581563762054,25261.872967633764,14446.440127276268,15364.444118645935,18338.017631385363,18860.973362715493
2024-06-27,18023.94678254596,25274.154790458375,14428.832111481537,15339.201746294626,18380.52917844738,18866.702857173346
2024-06-28,17953.019307702783,25260.753773164062,14478.13732535142,15326.586371360387,18451.378466771315,18874.188718864887
2024-07-01,17989.971178241794,25451.692833370085,14509.833138604252,15240.355850537837,18461.502143755282,18899.588315281053
2024-07-02,18111.039670186863,25578.98266602292,14678.87978398989,15184.626045369667,18447.32998301156,18971.244636763837
2024-07-03,18191.86055079685,25924.01531796111,14633.097558101274,15068.952454830236,18528.30294831946,19015.273550529782
2024-07-05,18296.763629944202,26003.293604803755,14629.575954942327,15185.677049888407,18238.828956743135,19017.960857550843
2024-07-08,18317.879867877724,26180.829923224755,14590.8369353716,15168.852675815144,18127.493185765252,19010.81512953997
2024-07-09,18335.69005938417,26159.61523853107,14703.532390924827,15242.462840639384,17967.573964613908,19025.706252454707
2024-07-10,18517.12893776876,26539.25669449443,14759.882195934919,15386.525175667579,18089.031767519373,19194.85052551713
2024-07-11,18357.459674323545,25874.88285319052,14876.099254647093,15494.835093157082,18277.290374989017,19162.84902031834
2024-07-12,18473.253744319183,26106.019791807357,14925.407238161615,15591.580640231085,18323.847115698023,19267.65508637254
2024-07-15,18524.056382931725,26152.917316619973,15143.75771259482,15536.900179226965,18601.17565599508,19386.358217336554
2024-07-16,18633.90616496248,26065.823637887243,15316.327345961727,15758.780017863734,18684.173685711048,19513.293044023027
2024-07-17,18372.637807670788,25051.95243820131,15432.54717431854,15830.284852941119,18870.408873829005,19392.99463615039
2024-07-18,18231.44860174748,25054.187378159288,15245.88974349353,15470.650366743275,18904.820163258744,19235.581059003405
2024-07-19,18110.37804867621,24662.258925899187,15090.930895565993,15549.518874870584,18698.344201398388,19088.344670348237
2024-07-22,18297.097532388827,25246.23873487218,15175.45768031461,15638.904069604041,18580.933237196296,19237.461061043272
2024-07-23,18268.394288907886,25145.74403884514,15203.629120763857,15629.436727161947,18285.387342508526,19159.725667222305
2024-07-24,17854.386174460145,24105.07942702412,14995.843455807491,15759.831022382476,18287.414051972977,18894.321333568474
2024-07-25,17761.359304485366,23847.14390280007,15052.193260817585,15680.964174609853,18603.200720403147,18894.739296036034
2024-07-26,17960.28065531038,24149.742011878767,15288.153135867837,15769.29670446988,18661.906202504193,19077.46512210676
2024-07-29,17970.837743714037,24042.547669449923,15267.022132091843,15778.759065847906,18501.98862640923,19027.091972672704
2024-07-30,17879.787493766416,23438.467196780817,15443.111983795374,15792.42876601026,18789.43426346472,19018.507848127014
2024-07-31,18170.418654923502,24431.123711773063,15404.37157940233,15734.593631095235,18868.383809420935,19233.939388270224
2024-08-01,17913.10765993853,23519.982148072148,15186.021104969128,15895.483660906073,18368.383727168115,18918.87216947651
2024-08-02,17579.59476816095,22858.955543233074,14812.709012963747,15863.938582151713,17894.701256938286,18543.98210459266
2024-08-05,17067.61101972882,22097.435966857665,14383.047115948275,15440.156292507654,17499.963397495518,18023.94810681744
2024-08-06,17224.96563844985,22397.802584959798,14615.48815748422,15511.661127585037,17607.252329770028,18203.2322566734
2024-08-07,17109.835251091066,22034.90765826488,14633.097558101266,15353.925771685104,17678.104908206726,18101.92725040182
2024-08-08,17505.369491395504,22857.838073254083,14869.058817973839,15693.58453060816,18058.668961849384,18537.237249225935
2024-08-09,17582.562789890995,22960.567709239098,14932.450444479506,15771.400373862045,18099.153799446947,18612.749063796757
2024-08-12,17591.800757525747,23148.154359508157,14854.971020515737,15711.461569554855,18188.22208721798,18629.974596382166
2024-08-13,17881.108675661526,23859.427450115396,14978.232670368123,15901.793008727882,18012.108931027607,18845.715795830474
2024-08-14,17937.515516415722,23990.069692705194,15161.368498034186,15958.575478769479,18117.371153837663,18959.813929905198
2024-08-15,18244.97165075498,24680.12464963733,15302.2381636813,16058.480680818457,18333.970792681983,19238.187924407546
2024-08-16,18285.876761348314,24721.438273536423,15414.937773701487,16075.30173418234,18313.7283738832,19281.37481241916
2024-08-19,18460.71385250976,25128.999234067403,15499.460403983147,16173.09662542039,18437.211241196736,19452.426852097757
2024-08-20,18430.69973276472,25040.78636086498,15450.156574935585,16238.295433385343,17951.381674631255,19333.236308170206
2024-08-21,18494.034018681876,25188.17858170464,15425.502583178324,16265.63649406475,17981.746125357622,19376.163609802523
2024-08-22,18348.88538932565,24608.66175468477,15513.545431796609,16276.151520316202,18028.30286606663,19291.246753873354
2024-08-23,18543.84731671774,25007.288128855966,15647.376045592791,16346.603690520156,18297.536083900555,19502.343381076676
2024-08-26,18499.642343075935,24693.52221795023,15696.682644284992,16338.19233366087,18461.502143755275,19489.34257474628
2024-08-27,18525.043662382206,24843.149378747865,15777.683671407705,16363.43304565749,18289.435826268276,19508.12033854877
2024-08-28,18417.504402823244,24500.35166676765,15816.424075800747,16382.35776841354,18172.02815217895,19420.68079524809
2024-08-29,18419.14918153198,24279.266784489577,15957.295126270183,16417.060841788185,18408.86856476567,19479.42351153758
2024-08-30,18594.98179664871,24601.962108282973,16108.733755861093,16530.627442226072,18477.696078794303,19646.883568889134
2024-09-03,18212.313106093523,23471.97060226196,15988.992324345334,16499.082363471713,18018.184124251817,19251.116123131054
2024-09-04,18175.035577614683,23411.67206015503,16006.598955317744,16470.69195862826,17769.19661532944,19177.753876575614
2024-09-05,18130.83060397288,23375.942337169454,15830.510488436532,16244.601460497775,17631.543232328568,19038.013632742746
2024-09-06,17825.691175484015,22769.626924542372,15598.070831722905,16188.869994974917,17410.896754780868,18758.552592816923
2024-09-09,18025.265903314874,23142.570458594644,15830.510488436528,16302.438255767493,17536.40139638971,18971.275776301234
2024-09-10,18103.780383705478,23488.717131530404,15668.509819013421,16377.102745819853,17234.781953534115,18957.843484753597
2024-09-11,18289.506404589014,24290.432861825924,15594.550613386278,16328.728311928162,17074.862732382768,19061.87661846014
2024-09-12,18443.56528251397,24491.41880489859,15629.768029798055,16387.616111716616,17228.71005042267,19182.242854700366
2024-09-13,18539.88789328482,24614.247380089015,15675.550255686672,16421.266520217832,17325.875305713213,19262.27128424667
2024-09-16,18567.272015996852,24520.450605973074,15879.814317484093,16534.836441365096,17524.25594511044,19374.235552444123
2024-09-17,18574.85696041807,24472.43906016288,15964.342487055032,16364.482389821542,17761.096357697163,19401.304286326318
2024-09-18,18519.769240432783,24249.117513436126,15915.031733895872,16337.141329142136,17795.51093723967,19343.43768919879
2024-09-19,18835.79759864374,24969.32346591244,16091.124355244045,16396.029128930593,18008.06044726785,19627.313286006036
2024-09-20,18803.235926913745,24847.61408519171,16080.558160944887,16328.728311928162,17967.5739646139,19573.877296230923
2024-09-23,18850.22342092746,24843.026939907595,16061.116640398901,16296.746559890347,18189.432848716224,19618.875308634448
2024-09-24,18904.158971366156,25013.056550275298,15926.805493257789,16264.027610370194,18144.529389672618,19606.580428481102
2024-09-25,18862.46444943768,25084.64705754028,15831.370463097051,16105.70448891002,17789.396262662252,19470.73595908401
2024-09-26,18937.246230277513,25416.868468006396,15912.666457373858,16159.534848312887,17440.384390454838,19494.361501914613
2024-09-27,18909.783784769825,25179.728577233913,15958.616246763155,16151.091944714492,17795.51916252158,19540.94418917449
2024-09-30,18985.559028438744,25253.55402445687,16018.703687214063,16256.64069235461,17920.02196479288,19635.661983676055
2024-10-01,18815.476955423965,24638.322994867798,15933.875011199754,16171.145708659707,18328.219675565317,19552.81333933838
2024-10-02,18823.424658056632,24820.65684643933,15951.54672882119,16138.42343843017,18515.992991401832,19619.892886444
2024-10-03,18789.00591161916,24923.56755394872,15866.71666798456,15992.767162899623,18842.55313408744,19641.909942876242
2024-10-04,18959.74960614459,25200.98120072318,16135.344501556061,16005.434008829252,19018.08065020529,19827.548752725
2024-10-07,18788.344290108504,25027.597455927807,15937.40907775958,15934.714521520214,19085.434193714318,19712.292666430323
2024-10-08,18966.036041058916,25495.17414208955,16029.307271715854,16021.263830443233,18587.42956485466,19764.50755220192
2024-10-09,19097.40398063247,25780.416976679764,16177.758839563214,16184.86521946276,18699.68327729453,19936.959192581548
2024-10-10,19063.98488040268,25773.706983333712,16128.274983614096,16124.702267272423,18826.22759453773,19928.90862024675
2024-10-11,19178.140355068197,25818.450619251646,16439.31577037043,16242.919521196856,18942.56269186502,20090.413789463728
2024-10-14,19334.98793674367,26155.150532087267,16541.820318473136,16332.6367868683,18934.399922090168,20221.19189874824
2024-10-15,19184.760692427146,25580.186360537347,16577.169293005285,16133.146831225504,18324.13829067788,19929.763692317963
2024-10-16,19268.1456140317,25659.606055618075,16782.17146509909,16178.530966320595,18411.90040368042,20039.059358173636
2024-10-17,19269.80069837144,25737.91000521052,16828.12125448839,16084.593079027296,18499.66251668296,20058.440413560747
2024-10-18,19343.92291882682,25829.63566598578,16831.656705870533,16162.70446541599,18438.43516314603,20095.21601624291
2024-10-21,19312.15478068437,25950.44486255677,16697.341404262464,15972.71173859971,18383.327419355668,20016.085884217682
2024-10-22,19301.896555579915,25923.59626671902,16665.5306507571,15949.49333861545,18426.18936342737,20005.70557481055
2024-10-23,19125.52804765081,25552.22201921132,16651.391614873166,15874.551569329871,18330.261190537207,19868.801491189577
2024-10-24,19166.89485051326,25627.16838539468,16665.5306507571,15770.060467627252,18328.219675565302,19865.826816206212
2024-10-25,19160.272452028108,25760.28182316949,16481.732878022227,15683.507837994852,18322.096775705973,19818.13936254702
2024-10-28,19219.509219056847,25752.45435984445,16686.739204582995,15706.7278983338,18205.760033322294,19859.19141634904
2024-10-29,19250.61161343624,26099.21667596309,16584.23604130261,15663.454074049636,17928.183089511334,19823.20229425185
2024-10-30,19192.372431488984,25684.216262516442,16658.46113281513,15633.898100213839,17969.005163667516,19767.457421305684
2024-10-31,18816.14063806082,24859.806234499505,16428.71357069096,15501.962995841037,18081.258876107386,19499.866425106688
2024-11-01,18895.55583060144,25046.611690477697,16485.26694458205,15593.793893032787,17966.96200363923,19557.5073650745
2024-11-04,18854.854771502047,25027.59745592782,16358.022545738266,15491.411441786404,18281.277991662562,19558.667867208485
2024-11-05,19082.846246271853,25379.959193376355,16510.00818014545,15605.403093024917,18403.73763390557,19752.373255085797
2024-11-06,19557.3484147312,26102.57425937218,17513.828489478754,15625.458517324822,19095.638478461067,20356.870137846985
2024-11-07,19708.57324412921,26557.844979839396,17231.061620023323,15738.395843335216,19007.876365458527,20404.34433271446
2024-11-08,19793.943030265727,26528.763168534377,17386.585475457287,15851.32652792685,19134.419037645344,20510.83552265391
2024-11-11,19812.8064572611,26382.224570595332,17634.003370380575,15758.44794692574,19242.591365197786,20549.615545200588
2024-11-12,19751.259167760567,26415.78143528843,17580.98544787163,15538.907548047111,19140.54029244829,20450.664793679385
2024-11-13,19760.853710228166,26324.05577451317,17591.590417195737,15497.742374219184,19289.534694156915,20461.91944170967
2024-11-14,19633.789402163173,26234.570227168006,17545.64062780644,15253.927589773486,19363.01113752527,20362.209903069543
2024-11-15,19382.30727207581,25583.545668437157,17626.935237260925,14971.051300892026,19334.436508144136,20146.325433803377
2024-11-18,19461.722464616432,25666.317773454844,17679.95454459219,14981.609496365418,19591.601592348816,20244.424539380318
2024-11-19,19532.86429658456,25876.617690843115,17563.312345427876,14904.5590766236,19467.100435133903,20219.134555813893
2024-11-20,19539.48257281731,25854.24587288415,17510.294422918934,15080.825651218063,19663.038165801652,20293.3267247903
2024-11-21,19644.37534633365,26117.11344053398,17732.97108227882,15202.205880826852,19822.236852257032,20473.521009309112
2024-11-22,19705.26307544973,26130.536876207505,17930.909275719943,15215.930372693978,19852.851351553687,20544.04358732298
2024-11-25,19772.1012759093,26129.419406228517,18047.550090061937,15345.751845546474,19460.97753527457,20538.48507077095
2024-11-26,19875.343087338308,26260.29790404536,18082.897679771766,15428.078872492952,19434.446065921722,20604.990820794494
2024-11-27,19815.119040859085,25904.583756659868,18118.241115014636,15510.40755979412,19414.037496428205,20562.399887141295
2024-11-29,19938.211558733943,26145.08123084144,18146.5191867825,15558.962972347015,19497.71657948694,20663.14543456407
2024-12-02,19973.94942594032,26393.409617329475,17966.255480607455,15531.517309322142,19291.574564072434,20617.769713020065
2024-12-03,19983.2162493419,26488.491137023113,17831.941563821703,15496.688048991064,19289.53469415691,20594.027485489074
2024-12-04,20107.302230045843,26972.845393286054,17764.78322060651,15488.245145392668,18824.186079565818,20577.79757833905
2024-12-05,20074.210848882085,26836.377821083574,17817.802527937776,15315.144867191937,18897.66087787779,20532.552400800178
2024-12-06,20112.267483065058,26940.405998571947,17814.269846200274,15228.593897914227,18577.221989995127,20462.60229761091
2024-12-09,20008.691769191424,26764.789038309304,17570.38324819217,15272.923707781198,18546.610780811236,20363.989173008187
2024-12-10,19946.484919306436,26393.40961732948,17566.849181632348,15209.59445919713,18420.066463568033,20249.318133068427
2024-12-11,20100.68395381309,26775.970636062015,17602.19400169754,15002.71758553875,18450.679317808306,20299.120990192754
2024-12-12,19997.114423318057,26626.07962818601,17524.432073980555,14883.447666740887,18301.686561156068,20172.481578508443
2024-12-13,19993.142633127925,26740.177106920237,17510.29442291894,14881.337355929962,18209.841418209715,20164.89524493241
2024-12-16,20078.51448039064,27007.52317693956,17478.483669413577,14704.016456107378,17809.804832155747,20078.458321867023
2024-12-17,19995.791180296746,26844.20700889932,17354.773337129613,14693.461581343368,17677.140905165983,19976.41290551313
2024-12-18,19399.84539492367,25978.410928373538,16835.190772430367,14493.973286055263,17154.643031812622,19436.532099899592
2024-12-19,19393.88667907537,26006.375269699565,16895.27821288128,14384.200596083914,17005.648630104,19390.19308548558
2024-12-20,19626.828978980982,26394.527087308463,17146.23155918671,14565.74543823773,17173.013376446997,19639.367460067835
2024-12-23,19744.358517238215,26674.18774547586,17187.407866040066,14711.214093688312,17273.861912980163,19776.232754793014
2024-12-24,19963.816929534154,26949.81654436722,17389.740100701532,14771.65100440249,17419.987336355985,19957.334939023087
2024-12-26,19965.14429480787,26967.74434977086,17432.335850432562,14801.339806613485,17405.579932549423,19974.75362906677
2024-12-27,19754.983622806525,26609.205486605144,17304.548601239465,14732.418483433663,17403.521967013683,19831.228586112196
2024-12-30,19529.54588340028,26270.83281778246,17137.713517098353,14551.114392709891,17401.46729159071,19648.01298194126
2024-12-31,19458.49474098501,26052.348467492524,17155.462784769687,14586.104707445897,17629.91956167804,19666.143845881837
